date,pressure,wind_speed,humidity,PM10,temperature,PM2.5
2017-11-01 0:00:00,101013.3203,2.70005175,67.4453125,57,27.34453125,43
2017-11-02 0:00:00,100784.9225,2.324088186,63.47286822,55,28.94186047,43
2017-11-03 0:00:00,100780.4428,2.484123749,57.51660517,65,29.24428044,40
2017-11-04 0:00:00,100807.7431,2.69621,50.97222222,54,28.57673611,51
2017-11-05 0:00:00,100865.8363,4.023996356,60.67615658,64,25.74733096,33
2017-11-06 0:00:00,100873.375,2.3174833,71.18125,54,25.285,48
2017-11-07 0:00:00,100823.0153,2.308739786,70.57251908,51,27.47328244,38
2017-11-08 0:00:00,100883.4959,1.190834602,71.07317073,47,27.5995935,36
2017-11-09 0:00:00,100793.1174,1.656762818,70.08502024,47,28.81295547,29
2017-11-10 0:00:00,100775.1406,1.775233542,72.14056225,37,29.58433735,28
2017-11-11 0:00:00,100832.56,1.69159936,80.892,41,27.3648,21
2017-11-12 0:00:00,100694.4,1.624185728,74.972,51,28.798,26
2017-11-13 0:00:00,100654.8661,1.601560714,81.80803571,56,28.16294643,33
2017-11-14 0:00:00,100701.3953,1.201394009,79.13023256,61,28.99255814,39
2017-11-15 0:00:00,100806.1923,1.453739692,74.74615385,43,29.46230769,38
2017-11-16 0:00:00,100853.3333,1.693536533,82.075,60,28.42875,24
2017-11-17 0:00:00,100777.251,0.966568159,79.89641434,68,29.47011952,32
2017-11-18 0:00:00,100656.0569,0.744339772,75.68699187,57,30.67113821,45
2017-11-19 0:00:00,100672.4312,1.515219523,80.44036697,40,29.52706422,37
2017-11-20 0:00:00,100783.3831,1.122048159,86.71641791,33,26.77363184,23
2017-11-21 0:00:00,100752.9187,2.572512,81.47368421,46,28.07129187,19
2017-11-22 0:00:00,100769.6296,1.539094857,77.71957672,29,28.86878307,27
2017-11-23 0:00:00,100809.0286,2.726944,71.04,36,29.04457143,17
2017-11-24 0:00:00,101011.934,2.532523774,66.95283019,54,28.35377358,20
2017-11-25 0:00:00,101135.16,2.158845568,63.852,53,27.5268,29
2017-11-26 0:00:00,101107.6305,2.214553574,62.71485944,53,28.04618474,31
2017-11-27 0:00:00,100935.8871,2.231955355,65.14516129,57,27.80685484,28
2017-11-28 0:00:00,100895.2564,2.558826393,70.2008547,48,27.71196581,33
2017-11-29 0:00:00,100882.6131,2.295853668,67.13567839,51,29.27487437,27
2017-11-30 0:00:00,100803.9063,1.580938333,69.11458333,49,29.25625,30
2017-12-01 0:00:00,100831.2195,1.802988644,65.93170732,53,29.21560976,30
2017-12-02 0:00:00,100898.7831,1.39646781,64.88888889,43,28.96719577,31
2017-12-03 0:00:00,100858.7255,1.269462118,64.15196078,47,29.32647059,26
2017-12-04 0:00:00,100805.9761,2.191386518,63.5059761,33,29.83227092,27
2017-12-05 0:00:00,100905.082,2.434352656,66.67213115,49,27.7,20
2017-12-06 0:00:00,100909.6787,2.046330088,65.66666667,54,28.38232932,33
2017-12-07 0:00:00,100936.5417,2.075010667,63.60416667,53,29.39291667,35
2017-12-08 0:00:00,101045.4592,1.965835592,64.45408163,39,30.05816327,38
2017-12-09 0:00:00,101143.5556,2.914452444,61.63333333,61,27.86055556,25
2017-12-10 0:00:00,101146.4,1.38984736,61.43,79,28.4555,50
2017-12-11 0:00:00,101039.2453,0.797361912,68.50314465,50,28.62389937,69
2017-12-12 0:00:00,100966.5,0.8588756,78.2875,49,28.645625,38
2017-12-13 0:00:00,100901.194,1.642482786,80.89054726,50,28.92636816,32
2017-12-14 0:00:00,100905.7198,1.145953121,82.58754864,60,28.42529183,34
2017-12-15 0:00:00,100941.0547,0.71281925,77.50390625,52,29.29375,42
2017-12-16 0:00:00,101116.6171,2.041261086,64.81412639,30,29.40557621,38
2017-12-17 0:00:00,101413.6559,3.563341419,58.89964158,49,26.17777778,15
2017-12-18 0:00:00,101550.8961,2.563670251,54.24014337,60,23.31397849,33
2017-12-19 0:00:00,101656.1069,2.196979786,48.5,68,21.37900763,42
2017-12-20 0:00:00,101745.2416,1.915458379,44.50185874,70,21.2936803,51
2017-12-21 0:00:00,101581.3158,2.12360806,46.43984962,70,21.97255639,53
2017-12-22 0:00:00,101235.8427,2.670017558,55.40074906,73,23.70187266,58
2017-12-23 0:00:00,100902.0818,1.364718394,54.72862454,70,27.36988848,62
2017-12-24 0:00:00,100872.2337,1.20009501,59.70103093,48,28.59209622,59
2017-12-25 0:00:00,100987.7027,1.650574378,57.73986486,67,26.25472973,30
2017-12-26 0:00:00,101106.4883,1.56284586,70.18060201,47,23.08963211,60
2017-12-27 0:00:00,101130.738,1.742466244,94.3099631,44,19.91623616,45
2017-12-28 0:00:00,101140,2.562715621,86.42105263,39,23.2477193,29
2017-12-29 0:00:00,101175.687,3.237627481,81.65648855,36,25.02671756,24
2017-12-30 0:00:00,101073.2143,1.474941714,72.01623377,34,27.85519481,24
2017-12-31 0:00:00,101055.1316,2.479013263,66.48355263,34,27.42960526,23
2018-01-01 0:00:00,101000.7973,1.678404997,66.15946844,40,26.66644518,27
2018-01-02 0:00:00,100861.115,1.690185031,64.2195122,54,27.23484321,30
2018-01-03 0:00:00,100829.0323,1.026269247,66.1218638,59,27.70645161,40
2018-01-04 0:00:00,100776.8864,1.065035956,63.22344322,69,29.02380952,45
2018-01-05 0:00:00,100658.3539,0.801360593,61.11934156,60,30.05432099,51
2018-01-06 0:00:00,100654.4,0.763901952,67.908,27,29.2076,48
2018-01-07 0:00:00,100818.902,1.820767624,79.34117647,28,28.18392157,19
2018-01-08 0:00:00,100888.209,0.83903403,82.42537313,36,27.6358209,16
2018-01-09 0:00:00,100968.7185,1.273399066,73.72997712,28,29.90663616,22
2018-01-10 0:00:00,101025.3571,1.022604,84.92857143,56,27.21428571,17
2018-01-11 0:00:00,101306.422,1.480358606,73.4266055,56,24.58256881,35
2018-01-12 0:00:00,101394.4589,1.323896381,63.62337662,61,23.61341991,37
2018-01-13 0:00:00,101386.828,1.01232929,63.5,60,22.38709677,44
2018-01-14 0:00:00,101242.7358,0.853593358,63.53773585,71,24.14245283,45
2018-01-15 0:00:00,101025.3488,0.282778791,64.7255814,78,25.34651163,55
2018-01-16 0:00:00,100864,0.19295494,63.06976744,92,27.18651163,67
2018-01-17 0:00:00,100780.8095,0.275887543,64.01428571,71,28.50904762,87
2018-01-18 0:00:00,100781.992,0.456123283,59.85657371,70,29.30119522,59
2018-01-19 0:00:00,100845.08,0.575072256,56.74,73,29.7804,59
2018-01-20 0:00:00,100781.52,0.612981248,57.624,81,29.4608,51
2018-01-21 0:00:00,100701.7004,0.185331563,61.94736842,75,29.55222672,72
2018-01-22 0:00:00,100648.125,0.517887857,68.60267857,71,29.646875,77
2018-01-23 0:00:00,100633.4052,0.630480552,73.59051724,69,29.43448276,61
2018-01-24 0:00:00,100573.4545,0.7496048,81.35909091,48,27.93318182,61
2018-01-25 0:00:00,100585.1464,0.826930477,80.84518828,33,28.35648536,34
2018-01-26 0:00:00,100618.8353,0.922087325,79.2248996,32,28.70401606,22
2018-01-27 0:00:00,100715.2191,1.097118088,78.64940239,33,28.49760956,19
2018-01-28 0:00:00,100726.3745,0.975651442,77.68924303,33,28.71713147,19
2018-01-29 0:00:00,100809.6787,1.144350586,80.82730924,32,28.95421687,20
2018-01-30 0:00:00,100807.1888,1.499648643,82.18875502,32,28.68955823,21
2018-01-31 0:00:00,100930.5221,1.971823422,86.72289157,46,27.31044177,21
2018-02-01 0:00:00,101014.0239,3.206933163,77.35059761,59,27.5625498,35
2018-02-02 0:00:00,101105.64,1.839659008,69.96,64,26.6088,51
2018-02-03 0:00:00,101276.0558,1.683791299,65.80079681,65,25.25856574,52
2018-02-04 0:00:00,101290.9881,0.914753391,59.83794466,66,25.36561265,59
2018-02-05 0:00:00,101424.56,1.023542784,58.092,58,25.7124,62
2018-02-06 0:00:00,101323.7643,1.789859772,55.77946768,81,24.97452471,51
2018-02-07 0:00:00,101142.8195,1.333221173,60.2406015,75,25.70150376,86
2018-02-08 0:00:00,101029.004,1.45385957,74.94023904,58,26.68446215,76
2018-02-09 0:00:00,100967.2908,1.7384691,76.10358566,56,27.23904382,48
2018-02-10 0:00:00,101066.0236,1.160544,74.36220472,58,28.05511811,43
2018-02-11 0:00:00,101125.754,0.553832889,80.47222222,67,27.60357143,44
2018-02-12 0:00:00,101332.2311,2.51785039,66.21115538,61,28.65298805,55
2018-02-13 0:00:00,101429.64,1.44930368,57.496,82,27.7784,46
2018-02-14 0:00:00,101330.9639,0.46571155,57.30120482,68,28.9502008,72
2018-02-15 0:00:00,101147.9051,1.344123826,68.02766798,59,29.14268775,60
2018-02-16 0:00:00,100930.7171,0.844032892,77.46215139,57,29.21314741,48
2018-02-17 0:00:00,100778.6111,1.287191365,80.44444444,52,29.04642857,47
2018-02-18 0:00:00,100854.3478,1.48212313,78.72727273,48,28.75612648,41
2018-02-19 0:00:00,100873.5317,1.247099683,80.30952381,29,28.64007937,35
2018-02-20 0:00:00,100833.6111,1.47132927,77.5952381,36,28.79880952,17
2018-02-21 0:00:00,100715.1575,1.486496,75.63779528,42,29.20354331,21
2018-02-22 0:00:00,100745.7937,1.705493079,78.86111111,46,28.91111111,27
2018-02-23 0:00:00,100976.96,1.608807552,80.72,55,27.5812,33
2018-02-24 0:00:00,101121.3025,0.659102252,81.47058824,55,27.91092437,41
2018-02-25 0:00:00,100961.4844,0.4728845,77.4453125,56,28.515625,36
2018-02-26 0:00:00,100881.5538,0.950895044,74.87649402,51,28.85657371,44
2018-02-27 0:00:00,100923.1076,1.345216382,81.35458167,58,27.10318725,33
2018-02-28 0:00:00,100818.8538,1.031725913,74.73913043,44,28.67588933,42
2018-03-01 0:00:00,100715.4086,1.147170739,77.6536965,41,29.42178988,28
2018-03-02 0:00:00,100679.8406,1.465614406,76.99601594,32,29.6438247,27
2018-03-03 0:00:00,100616.8,1.465933568,77.396,30,29.6808,19
2018-03-04 0:00:00,100708.1818,1.28705113,76.41501976,29,29.97628458,19
2018-03-05 0:00:00,100708.4646,1.430352,77.31889764,32,30.18149606,18
2018-03-06 0:00:00,100783.373,1.67586781,76.3015873,33,30.37579365,20
2018-03-07 0:00:00,100793.4252,1.971024,77.19685039,44,30.24448819,22
2018-03-08 0:00:00,100801.3492,1.612359746,76.88888889,43,30.0468254,30
2018-03-09 0:00:00,101012.2957,1.567771019,81.00389105,64,25.77782101,31
2018-03-10 0:00:00,101120.754,1.086378159,68.46031746,72,26.30992063,43
2018-03-11 0:00:00,101048.373,0.411560635,60.83730159,85,28.57777778,61
2018-03-12 0:00:00,100982.7059,0.874620612,69.57647059,56,29.25411765,80
2018-03-13 0:00:00,100899.3307,1.436512,74.98425197,46,29.6984252,43
2018-03-14 0:00:00,100785.3725,2.078998965,76.78823529,47,29.5772549,30
2018-03-15 0:00:00,100794.8606,2.168054948,75.50199203,42,29.53864542,27
2018-03-16 0:00:00,100835.16,1.6808704,76.352,30,29.5124,26
2018-03-17 0:00:00,100842.6877,1.29517913,74.01581028,24,29.84782609,20
2018-03-18 0:00:00,100916.9685,1.584704,75.52362205,27,29.90275591,16
2018-03-19 0:00:00,100822.3457,1.663246354,75.06584362,38,30.28765432,16
2018-03-20 0:00:00,100715.9055,1.318416,75.12598425,40,30.67874016,25
2018-03-21 0:00:00,100741.451,2.277099043,76.89019608,49,30.07960784,26
2018-03-22 0:00:00,100681.2403,1.494465116,78.87209302,57,28.38604651,34
2018-03-23 0:00:00,100803.3074,0.838069541,71.88326848,61,29.45564202,45
2018-03-24 0:00:00,100933.5135,0.3203499,69.76833977,54,30.37181467,50
2018-03-25 0:00:00,101057.1206,0.830068047,74.50583658,53,29.99688716,37
2018-03-26 0:00:00,101005.6078,1.491535812,71.51764706,56,30.59411765,31
2018-03-27 0:00:00,100906.8093,1.83129849,80.49027237,47,28.47937743,43
2018-03-28 0:00:00,100772.4514,1.978108514,78.56031128,44,29.81789883,33
2018-03-29 0:00:00,100753.5135,2.113860571,78.29343629,48,29.79305019,28
2018-03-30 0:00:00,100733.7255,2.211007247,78.10196078,48,30.43294118,32
2018-03-31 0:00:00,100752.4903,1.724843829,78.77042802,56,29.88599222,33
2018-04-01 0:00:00,100819.1473,1.218617178,84.78294574,57,27.73100775,42
2018-04-02 0:00:00,100831.5953,1.581860607,82.10894942,58,28.42373541,41
2018-04-03 0:00:00,100784.4534,1.228002591,77.951417,44,28.80161943,45
2018-04-04 0:00:00,100655.214,1.913574724,80.26459144,52,29.58171206,29
2018-04-05 0:00:00,100627.0543,1.935787163,76.48062016,57,29.99186047,34
2018-04-06 0:00:00,100666.2109,1.282620625,73.21875,31,29.90703125,43
2018-04-07 0:00:00,101097.4118,2.949236831,80.37647059,46,25.38313725,19
2018-04-08 0:00:00,101253.3977,2.518440402,62.86872587,67,25.72895753,28
2018-04-09 0:00:00,101016.0938,1.8601055,59.20703125,56,28.78710938,45
2018-04-10 0:00:00,100827.976,1.462600208,60.18637275,45,31.03026052,37.5
2018-04-11 0:00:00,100762.8099,1.912419879,75.31129477,35,30.28484848,30
2018-04-12 0:00:00,100672.1034,2.347114152,74.27931034,29,30.83172414,21
2018-04-13 0:00:00,100708.2222,2.187019022,74.83703704,28,31.14888889,19
2018-04-14 0:00:00,100626.6406,2.201497375,76.3046875,28,31.1390625,20
2018-04-15 0:00:00,100628.7795,2.26776,75.3976378,34,31.30275591,20
2018-04-16 0:00:00,100753.2677,2.071696,73.27165354,28,31.44094488,24
2018-04-17 0:00:00,100998.2143,2.172224127,86.21031746,45,26.99761905,19
2018-04-18 0:00:00,100921.9763,1.382466783,76.11857708,33,28.52529644,31
2018-04-19 0:00:00,100729.0196,1.933667137,74.08235294,33,30.44666667,22
2018-04-20 0:00:00,100693.1225,1.987649391,77.12648221,33,30.64703557,20
2018-04-21 0:00:00,100677.9447,2.030409739,75.01976285,28,30.95889328,22
2018-04-22 0:00:00,100670.996,2.549909036,72.97609562,43,31.18844622,17
2018-04-23 0:00:00,100527.6259,2.221692317,70.88489209,36,31.92122302,27
2018-04-24 0:00:00,100561.3672,2.29492175,75.5859375,46,31.47617188,23
2018-04-25 0:00:00,100585.443,2.245008473,74.7257384,41,31.14514768,28
2018-04-26 0:00:00,100681.5175,2.807480778,77.54085603,37,30.09766537,24
2018-04-27 0:00:00,100864.4961,2.094157147,76.69379845,30,28.55968992,24
2018-04-28 0:00:00,100979.8039,1.366364612,93.09019608,39,24.75607843,21
2018-04-29 0:00:00,100856.6797,1.403985,84.16015625,29,27.0578125,25
2018-04-30 0:00:00,100845.4086,1.752327222,91.26459144,19,26.22996109,19
2018-05-01 0:00:00,100894.8819,1.720048,86.22047244,26,27.21220472,13
2018-05-02 0:00:00,100881.7063,1.694317079,79.21428571,36,29.03888889,15
2018-05-03 0:00:00,100917.0428,1.688489214,78.78210117,39,28.94124514,21
2018-05-04 0:00:00,100847.1984,1.835821074,74.26459144,29,29.72529183,22
2018-05-05 0:00:00,100934.0698,1.496717643,76.9379845,25,29.87790698,16
2018-05-06 0:00:00,100886.4453,1.740662,79.70703125,33,30.04414063,16
2018-05-07 0:00:00,100722.5882,1.950146259,80.31764706,38,29.7572549,18
2018-05-08 0:00:00,100588.549,1.756078306,76.81568627,34,31.01490196,22
2018-05-09 0:00:00,100673.4252,2.035968,79.2992126,32,30.86417323,19
2018-05-10 0:00:00,100762.2441,2.3892,76.79527559,38,31.16141732,17
2018-05-11 0:00:00,100802.3047,1.157239875,79.71875,45,28.12539062,19
2018-05-12 0:00:00,100755.6627,1.442736321,75.94779116,37,29.88473896,28
2018-05-13 0:00:00,100748.12,1.279070848,73.56,37,30.4896,23
2018-05-14 0:00:00,100763.0522,2.061231422,75.59839357,46,29.27951807,22
2018-05-15 0:00:00,100604.5418,1.673105084,78.20717131,28,29.56015936,28
2018-05-16 0:00:00,100534.0161,1.913654361,70.35341365,26,31.69718876,18
2018-05-17 0:00:00,100528.28,2.559929856,72.372,33,31.6716,16
2018-05-18 0:00:00,100513.44,1.956068224,77.972,35,30.2816,20
2018-05-19 0:00:00,100495.498,1.374247267,75.20717131,43,29.97649402,21.33333333
2018-05-20 0:00:00,100497.68,1.211299584,73.292,41,31.1528,22.66666667
2018-05-21 0:00:00,100548.5081,1.111831742,79.5766129,43,29.70967742,24
2018-05-22 0:00:00,100693.4926,1.393384235,85.15808824,41,27.84779412,25
2018-05-23 0:00:00,100664.8855,1.936092702,78.97328244,29,29.02099237,25
2018-05-24 0:00:00,100698.2731,1.953690474,79.79116466,29,28.17630522,16
2018-05-25 0:00:00,100613.3466,2.194592382,78.75298805,29,29.31633466,15
2018-05-26 0:00:00,100681.4103,1.528150838,81.96153846,34,28.96965812,15
2018-05-27 0:00:00,100708.6747,1.880261012,78.4497992,42,29.43212851,19
2018-05-28 0:00:00,100705.28,1.23740672,77.392,32,29.9856,22
2018-05-29 0:00:00,100724.498,2.547589398,80.03614458,28,29.34899598,14
2018-05-30 0:00:00,100686.96,2.752693504,79.444,41,29.8384,16
2018-05-31 0:00:00,100750.0707,1.536996184,80.57597173,37,29.14664311,24
2018-06-01 0:00:00,100739.3426,1.708187792,74.67474048,37,29.87231834,18
2018-06-02 0:00:00,100632.2569,2.051572111,73.10416667,26,30.11145833,17
2018-06-03 0:00:00,100448.2292,2.076252444,71.42013889,28,30.678125,14
2018-06-04 0:00:00,100406.263,1.585058436,69.4083045,26,30.7633218,14
2018-06-05 0:00:00,100535.8131,1.568043073,70.98615917,32,30.56712803,15
2018-06-06 0:00:00,100638.5017,2.012614578,76.07665505,36,29.47421603,17
2018-06-07 0:00:00,100563.0208,3.223499889,74.88541667,33,29.52638889,16
2018-06-08 0:00:00,100492.3611,3.479771778,75.68402778,26,28.76180556,15
2018-06-09 0:00:00,100463.8542,1.592735222,80.80555556,30,28.49513889,13
2018-06-10 0:00:00,100541.1458,1.382098667,82.08680556,33,29.20208333,12
2018-06-11 0:00:00,100569.5139,2.775373333,77.05208333,29,30.18506944,12
2018-06-12 0:00:00,100650.5903,2.554492111,73.42708333,31,30.58402778,11
2018-06-13 0:00:00,100551.1307,3.057564042,72.18021201,34,30.82367491,13
2018-06-14 0:00:00,100490.1389,3.071226889,73.06597222,36,30.54270833,14
2018-06-15 0:00:00,100437.9514,2.544557889,78.35416667,38,29.56145833,18
2018-06-16 0:00:00,100307.6389,2.506838889,78.12152778,38,29.46701389,17
2018-06-17 0:00:00,100181.0764,5.006227111,69.14930556,40,29.89097222,20
2018-06-18 0:00:00,100157.0307,2.858919973,74.11262799,46,29.58395904,22
2018-06-19 0:00:00,100333.1802,2.138209696,73.44522968,32,30.28268551,24
2018-06-20 0:00:00,100440.0947,2.10363902,72.61742164,35,30.44551719,15
2018-06-21 0:00:00,100547.0091,2.069068343,71.7896136,48,30.60834887,15
2018-06-22 0:00:00,100653.9236,2.034497667,70.96180556,51,30.77118056,22
2018-06-23 0:00:00,100571.5972,2.425347222,69.46875,41,30.76666667,22
2018-06-24 0:00:00,100546.5505,2.29158623,70.8815331,31,30.38222997,19
2018-06-25 0:00:00,100531.5972,2.498456889,70.27777778,34,29.71076389,15
2018-06-26 0:00:00,100593.5612,1.389522532,78.21582734,39,28.91654676,18
2018-06-27 0:00:00,100686.9444,0.825471778,87.18402778,37,27.59791667,19
2018-06-28 0:00:00,100706.2847,0.499349889,79.60069444,39,28.55555556,19
2018-06-29 0:00:00,100561.7708,0.823453889,74.52777778,29,29.40659722,21
2018-06-30 0:00:00,100502.8472,2.182579667,76.90972222,36,29.62847222,14
2018-07-01 0:00:00,100552.8125,2.005781556,77.88888889,34,29.50381944,16
2018-07-02 0:00:00,100566.9097,2.750382556,79.55902778,36,28.87569444,14
2018-07-03 0:00:00,100518.9236,2.816817667,73.94097222,34,29.32777778,15
2018-07-04 0:00:00,100498.7153,3.035215333,72.71180556,47,29.42430556,14
2018-07-05 0:00:00,100364.9306,3.437551333,71.08333333,42,29.79618056,16
2018-07-06 0:00:00,100321.9097,3.615125556,74.71875,46,29.00069444,16
2018-07-07 0:00:00,100365.6944,3.827314333,70.86111111,49,29.5625,20
2018-07-08 0:00:00,100305.2431,3.434757333,69.75,47,30.16388889,23
2018-07-09 0:00:00,100376.2847,2.506062778,75.84375,54,28.99965278,20
2018-07-10 0:00:00,100429.7917,3.385396667,77.21875,39,28.99826389,24
2018-07-11 0:00:00,100388.6111,4.218474333,73.25,45,28.82222222,16
2018-07-12 0:00:00,100296.7708,3.660605667,72.69791667,42,29.08958333,17
2018-07-13 0:00:00,100247.8397,4.076163679,72.22648084,60,29.47560976,16
2018-07-14 0:00:00,100290.9028,2.845999444,74.45138889,40,29.26006944,24
2018-07-15 0:00:00,100403.2639,3.563281333,74.40972222,49,29.33020833,19
2018-07-16 0:00:00,100384.3403,3.546051667,76.63541667,47,28.82881944,21
2018-07-17 0:00:00,100150.3125,2.730514111,86.08333333,37,27.48125,23
2018-07-18 0:00:00,100024.2361,4.508429444,76.67361111,31,28.66284722,16
2018-07-19 0:00:00,100237.1181,1.754166333,78.35069444,39,28.78993056,15
2018-07-20 0:00:00,100401.7708,1.624555778,79.23611111,44,29.81423611,17
2018-07-21 0:00:00,100486.7944,3.002021575,74.29616725,39,30.42578397,20
2018-07-22 0:00:00,100490.6944,2.897378,77.10416667,47,29.47152778,19
2018-07-23 0:00:00,100428.8889,2.801916333,76.54861111,56,29.65763889,23
2018-07-24 0:00:00,100492.2569,3.28295,71.78819444,49,29.75902778,28
2018-07-25 0:00:00,100516.1111,2.769630111,75.77430556,47,29.81493056,22
2018-07-26 0:00:00,100527.5694,2.435281444,75.77430556,46,29.67847222,21
2018-07-27 0:00:00,100461.4286,3.146258174,74.32404181,36,30.15226481,22
2018-07-28 0:00:00,100456.1111,2.705212889,75.21180556,38,29.97916667,18
2018-07-29 0:00:00,100425.4167,2.126699667,78.60763889,44,29.12777778,20
2018-07-30 0:00:00,100509.375,1.834571444,82.30555556,45,27.88159722,20
2018-07-31 0:00:00,100630.1736,2.173887222,72.68402778,42,29.08611111,21
2018-08-01 0:00:00,100607.4306,3.205649333,71.36805556,46,29.39201389,21
2018-08-02 0:00:00,100651.4583,3.950405556,68.26041667,43,29.53125,23
2018-08-03 0:00:00,100534.3403,3.646325222,69.58680556,37,29.44965278,21
2018-08-04 0:00:00,100444.8611,2.833736889,72.44444444,44,29.69895833,18
2018-08-05 0:00:00,100472.5347,2.771027111,76.96180556,32,29.065625,17
2018-08-06 0:00:00,100460.2778,1.516055444,82.15277778,41,28.06493056,18
2018-08-07 0:00:00,100349.7569,0.748481556,84.17361111,53,28.46215278,22
2018-08-08 0:00:00,100373.9931,3.201147889,75.94444444,42,28.89548611,30
2018-08-09 0:00:00,100414.6875,4.539629111,69.04861111,34,29.14513889,20
2018-08-10 0:00:00,100452.8819,2.769474889,71.35069444,34,29.06944444,19
2018-08-11 0:00:00,100422.2222,2.687672778,77.06944444,32,28.54270833,15
2018-08-12 0:00:00,100352.4653,3.367701333,73.42013889,33,28.99895833,14
2018-08-13 0:00:00,100398.4669,2.230838634,78.7456446,34,29.35923345,15
2018-08-14 0:00:00,100423.125,3.200371778,77.37847222,36,29.39409722,16
2018-08-15 0:00:00,100573.0556,2.818680333,81.56944444,49,28.53159722,16
2018-08-16 0:00:00,100401.7422,2.778657338,76.27874564,38,29.00487805,18
2018-08-17 0:00:00,100054.2509,2.957940627,76.44947735,23,29.04878049,17
2018-08-18 0:00:00,100113.0208,1.203593111,80.57291667,30,28.66006944,11
2018-08-19 0:00:00,100363.75,1.977996778,81.63194444,32,28.63958333,11
2018-08-20 0:00:00,100562.2569,1.907525889,81.61111111,52,29.36111111,15
2018-08-21 0:00:00,100442.6132,2.001711164,80.38675958,46,29.51881533,26
2018-08-22 0:00:00,100352.0486,2.737188667,77.11805556,48,29.31354167,23
2018-08-23 0:00:00,100430.2778,2.10947,78.36111111,36,29.23993056,25
2018-08-24 0:00:00,100540.3125,1.796542,81.16666667,28,28.38680556,21
2018-08-25 0:00:00,100567.4306,1.387376222,87.45138889,30,27.18576389,16
2018-08-26 0:00:00,100475.1736,1.450706889,86.82638889,29,27.07465278,15
2018-08-27 0:00:00,100576.0417,1.769688556,88.26041667,43,26.47743056,16
2018-08-28 0:00:00,100713.7153,2.194066111,81.93055556,52,27.40416667,20
2018-08-29 0:00:00,100628.2986,2.240943222,75.97916667,33,28.66701389,25
2018-08-30 0:00:00,100486.2153,2.412308556,75.60069444,33,28.65138889,14
2018-08-31 0:00:00,100650.1042,1.55067,81.48263889,43,27.76423611,16
2018-09-01 0:00:00,100829.0625,1.486408,81.10763889,40,28.56666667,20
2018-09-02 0:00:00,100634.7917,3.190903222,73.07986111,31,29.94444444,19
2018-09-03 0:00:00,100569.375,2.637070333,78.93402778,26,28.65173611,16
2018-09-04 0:00:00,100701.1111,1.619433444,82.21180556,38,27.53194444,15
2018-09-05 0:00:00,100736.8403,2.452976778,81.43055556,43,27.27430556,18
2018-09-06 0:00:00,100580.6597,3.172897444,75.16666667,49,28.71527778,23
2018-09-07 0:00:00,100460.7292,3.446709444,72.53472222,49,30.26527778,23
2018-09-08 0:00:00,100484.4792,1.348260222,76.04861111,53,28.94305556,28
2018-09-09 0:00:00,100711.0764,0.347853,83.69097222,56,27.88506944,34
2018-09-10 0:00:00,100921.2847,0.291507333,84.35763889,41,28.19027778,39
2018-09-11 0:00:00,100810.9028,2.038223,76.73958333,41,29.54861111,21
2018-09-12 0:00:00,100629.9301,1.256870154,80.65034965,42,28.66678322,21
2018-09-13 0:00:00,100524.3403,1.835192333,80.04513889,34,28.16527778,22
2018-09-14 0:00:00,100521.9444,2.941771556,86.60763889,36,26.74097222,18
2018-09-15 0:00:00,100419.2334,1.916041477,86.58536585,37,27.54216028,21
2018-09-16 0:00:00,100235.8333,1.128310333,87.31944444,37,27.52604167,20
2018-09-17 0:00:00,100266.5972,2.476415333,74.40625,26,29.26111111,16
2018-09-18 0:00:00,100552.3264,2.416033889,74.17708333,33,29.26006944,13
2018-09-19 0:00:00,100791.3889,1.652651,82.01388889,48,27.80486111,16
2018-09-20 0:00:00,100794.2014,1.672829889,80.89236111,56,28.51770833,25
2018-09-21 0:00:00,100789.8264,1.706047444,75.04166667,43,30.209375,31
2018-09-22 0:00:00,100908.9931,2.287354667,76.39583333,35,29.69791667,24
2018-09-23 0:00:00,100973.4028,1.727312889,82.13888889,46,28.28298611,20
2018-09-24 0:00:00,100936.25,1.121014889,88.42708333,48,27.25972222,25
2018-09-25 0:00:00,100778.6458,1.768446778,80.84027778,38,29.165625,26
2018-09-26 0:00:00,100672.3264,2.330196,73.92013889,38,29.94895833,16
2018-09-27 0:00:00,100623.3333,2.425968111,75.72569444,44,30.40625,16
2018-09-28 0:00:00,100609.4097,1.691146111,76.3125,49,30.39756944,22
2018-09-29 0:00:00,100609.5833,2.127475778,79.58680556,32,29.97708333,30
2018-09-30 0:00:00,100670.7292,1.669880667,77.42013889,33,29.13125,18
2018-10-01 0:00:00,100786.2847,1.843108667,83.08333333,42,28.22395833,19
2018-10-02 0:00:00,100879.2014,1.632161667,87.26736111,70,27.05798611,24
2018-10-03 0:00:00,100858.9583,1.572401111,77.38194444,58,29.25034722,38
2018-10-04 0:00:00,100845,2.338888444,70.98958333,27,29.83055556,38
2018-10-05 0:00:00,100915.3125,2.369777667,84.20486111,38,27.37083333,17
2018-10-06 0:00:00,100911.6667,1.414695333,84.51736111,42,27.83819444,22
2018-10-07 0:00:00,100897.8472,1.336773778,82.95138889,49,28.54965278,26
2018-10-08 0:00:00,100860,1.150041444,81.28819444,49,28.67847222,30
2018-10-09 0:00:00,100824.9653,1.231998778,80.46527778,51,28.08958333,30
2018-10-10 0:00:00,100846.5625,1.202196111,71.96527778,50,30.13263889,33
2018-10-11 0:00:00,100961.5972,1.579075667,70.63194444,35,30.47291667,30
2018-10-12 0:00:00,101061.8056,1.861269667,67.20138889,51,30.56631944,19
2018-10-13 0:00:00,101079.8264,1.105027,83.72916667,51,27.81284722,33
2018-10-14 0:00:00,100959.2361,0.917673778,76.37152778,43,30.11770833,33
2018-10-15 0:00:00,100972.7622,0.825773538,77.59440559,33,29.91118881,23
2018-10-16 0:00:00,100934.0909,1.243115077,76.29370629,40,30.48706294,17
2018-10-17 0:00:00,100824.5139,0.937076556,75.65625,48,30.20173611,22
2018-10-18 0:00:00,100758.617,1.21128817,74.64539007,60,30.34716312,27
2018-10-19 0:00:00,100820.8333,0.679252444,75.41319444,44,29.89652778,39
2018-10-20 0:00:00,100895.1389,1.324200778,85.79861111,24,27.31041667,29
2018-10-21 0:00:00,100976.9792,2.490695778,89.13888889,35,26.90173611,14
2018-10-22 0:00:00,100983.6111,1.425871333,81.84722222,39,28.84583333,18
2018-10-23 0:00:00,100979.3056,0.918760333,85.56597222,44,28.02986111,21
2018-10-24 0:00:00,101025.0694,1.467315667,82.43402778,55,28.22638889,27
2018-10-25 0:00:00,101049.7569,1.392343333,82.16666667,46,28.77708333,33
2018-10-26 0:00:00,101095.3819,2.164573889,77.73611111,53,29.634375,26
2018-10-27 0:00:00,101068.5069,1.709462333,72.28819444,36,30.12118056,29
2018-10-28 0:00:00,101032.2222,1.042162,67.47569444,46,30.596875,19
2018-10-29 0:00:00,100931.25,0.576495333,66.79166667,42,31.10833333,26
2018-10-30 0:00:00,100911.4397,2.073256716,60.42023346,52,30.507393,25
2018-10-31 0:00:00,101028.5789,1.6629888,49.54736842,55,29.19684211,29
2018-11-01 0:00:00,101013.4043,2.754051745,50.15957447,65,28.57712766,35
2018-11-02 0:00:00,101050.3704,1.561328593,50.2962963,73,28.9037037,40
2018-11-03 0:00:00,101113.5751,0.89709115,54.06735751,73,29.10777202,47
2018-11-04 0:00:00,101003.1472,0.668063838,59.03045685,67,29.97817259,46
2018-11-05 0:00:00,100874.0556,0.961881067,60.1,63,30.85833333,44
2018-11-06 0:00:00,100886.3351,0.681560461,61.08900524,55,30.63560209,39
2018-11-07 0:00:00,100915.1429,2.305236267,65.68571429,40,30.27809524,29
2018-11-08 0:00:00,100815.1829,2.94337678,68.79878049,37,29.96890244,20
2018-11-09 0:00:00,100832.7439,2.012770341,81.64634146,45,27.63719512,21
2018-11-10 0:00:00,100947.8344,1.544993019,82.82802548,46,27.9343949,24
2018-11-11 0:00:00,100938.5143,0.891014583,75.21714286,59,29.47257143,27
2018-11-12 0:00:00,100825.1515,0.363050667,70.88636364,67,30.16893939,38
2018-11-13 0:00:00,100774.3488,1.037876426,72.87048678,64,30.22702289,44
2018-11-14 0:00:00,100723.5461,1.712702184,74.85460993,68,30.28510638,40
2018-11-15 0:00:00,100838.2624,1.474122326,76.65602837,46,30.3929078,51
2018-11-16 0:00:00,100902.2456,2.059364267,78.50526316,45,30.29614035,28
2018-11-17 0:00:00,100915.9155,1.14703538,79.49647887,77,29.56478873,25
2018-11-18 0:00:00,100996.4931,1.039212778,77.88194444,67,29.13888889,37
2018-11-19 0:00:00,101019.3403,1.322881389,76.68576389,58,29.3671875,40
2018-11-20 0:00:00,101042.1875,1.60655,75.48958333,56,29.59548611,35
2018-11-21 0:00:00,100971.1458,1.606084333,69.9375,52,30.89618056,37
2018-11-22 0:00:00,100993.1944,1.537786556,70.5,50,30.98541667,36
2018-11-23 0:00:00,101126.4236,1.348881111,67.09027778,61,30.21770833,30
2018-11-24 0:00:00,101084.5833,0.896718778,62.5625,58,30.01493056,30
2018-11-25 0:00:00,101007.3264,0.948718222,59.25347222,58,30.16527778,35
2018-11-26 0:00:00,101007.0833,1.297813,56.55902778,51,29.51875,35
2018-11-27 0:00:00,101176.0417,2.228991111,63.8125,41,27.73020833,31
2018-11-28 0:00:00,101250.7986,2.443818667,71.27777778,54,26.55034722,25
2018-11-29 0:00:00,101261.5278,1.708996667,68.51041667,63,28.64826389,33
2018-11-30 0:00:00,101167.6307,1.258721338,68.66550523,68,29.44320557,41
2018-12-01 0:00:00,100981.0764,0.561283556,68.41319444,61,30.31388889,40
2018-12-02 0:00:00,100861.6319,0.519218333,66.30902778,54,31.03055556,37
2018-12-03 0:00:00,100880.3819,0.824540444,64.90625,70,31.40173611,32
2018-12-04 0:00:00,100895.8681,1.147868333,62.63888889,50,31.83541667,48
2018-12-05 0:00:00,100780.1042,1.336152889,64.07638889,51,31.65590278,31
2018-12-06 0:00:00,100751.8056,0.767573889,64.98263889,58,31.21840278,31
2018-12-07 0:00:00,100800.6944,1.159820444,64.23958333,41,31.31180556,35
2018-12-08 0:00:00,101032.1181,2.702418889,86.91666667,46,26.06909722,23
2018-12-09 0:00:00,101008.1597,1.818273111,82.03819444,57,27.43715278,28
2018-12-10 0:00:00,100975.2778,1.631696,73.77083333,61,27.903125,30
2018-12-11 0:00:00,100973.0556,1.716292111,70.15972222,45,29.29305556,33
2018-12-12 0:00:00,101107.7003,2.494233979,74.59581882,44,28.16027875,25
2018-12-13 0:00:00,101263.125,2.085876222,66.24652778,54,27.55034722,24
2018-12-14 0:00:00,101288.9931,1.291448889,65.52083333,62,27.240625,28
2018-12-15 0:00:00,101287.1181,1.862977111,63.95486111,53,27.51006944,32
2018-12-16 0:00:00,101277.5,1.724829333,61.51388889,44,29.03333333,27
2018-12-17 0:00:00,101271.1111,1.821377556,63.14583333,61,28.38576389,23
2018-12-18 0:00:00,101215.1389,2.789343333,62.98611111,62,28.42048611,25
2018-12-19 0:00:00,101210.9375,1.923824222,61.40625,90,29.35104167,38
2018-12-20 0:00:00,101088.6806,1.259162667,66.33333333,79,30.07361111,59
2018-12-21 0:00:00,100925.0694,1.288965333,68.25347222,70,30.33993056,50
2018-12-22 0:00:00,100891.0417,1.579696556,67.73263889,63,31.04027778,39
2018-12-23 0:00:00,100879.6875,2.683171333,63.38888889,61,30.76979167,37
2018-12-24 0:00:00,100902.5694,2.320727444,61.78819444,71,30.10208333,33
2018-12-25 0:00:00,100852.5694,1.946331444,60.39930556,77,29.61770833,40
2018-12-26 0:00:00,100788.6806,2.180251333,57.86458333,77,29.10798611,47
2018-12-27 0:00:00,100721.875,2.030927556,56.55208333,74,29.06180556,44
2018-12-28 0:00:00,100755.9028,2.056073556,61.11805556,39,29.46840278,46
2018-12-29 0:00:00,101066.0069,2.631482333,79.77777778,43,27.25798611,25
2018-12-30 0:00:00,101280.1736,2.506994111,78.66319444,41.5,26.21597222,24
2018-12-31 0:00:00,101417.9861,1.241622556,68.75,40,26.33993056,22
2019-01-01 0:00:00,101466.9444,0.995284889,61.63194444,49,26.04027778,22
2019-01-02 0:00:00,101403.1944,0.822988222,59.87152778,53,26.25555556,25
2019-01-03 0:00:00,101414.7569,1.226566,63.19791667,59,25.36319444,28
2019-01-04 0:00:00,101284.0972,0.873280222,64.88194444,60,26.28159722,31
2019-01-05 0:00:00,101204.6181,0.44704,70.32638889,77,26.43194444,34
2019-01-06 0:00:00,101201.5972,0.320378667,76.37152778,74,27.54166667,51
2019-01-07 0:00:00,101085.3125,0.646190111,73.86111111,46,28.609375,58
2019-01-08 0:00:00,101112.7257,0.508119944,77.86458333,51,28.28055556,54.33333333
2019-01-09 0:00:00,101140.1389,0.370049778,81.86805556,60,27.95173611,50.66666667
2019-01-10 0:00:00,101086.9792,0.564232778,76.57638889,83,28.82777778,47
2019-01-11 0:00:00,101070.625,0.268224,71.36805556,69,29.37986111,83
2019-01-12 0:00:00,101034.6181,0.549021,67.37847222,78,30.39965278,62
2019-01-13 0:00:00,100954.375,0.571373,69.17534722,78,30.26180556,70
2019-01-14 0:00:00,100874.1319,0.593725,70.97222222,66,30.12395833,64
2019-01-15 0:00:00,100913.4375,0.320533889,77.47569444,59,28.69513889,48
2019-01-16 0:00:00,101185.3332,0.7,67,67,29.78016,39
2019-01-17 0:00:00,101219.1971,1.5,61,58,29.7246,51
2019-01-18 0:00:00,101354.6527,1.9,64,70,27.39108,38
2019-01-19 0:00:00,101320.7888,1,63,62,28.16892,57
2019-01-20 0:00:00,101253.061,0.2,58,74,30.05796,62
2019-01-21 0:00:00,101320.7888,0.6,66,65,30.05796,72
2019-01-22 0:00:00,101456.2444,1.9,63,64,29.169,52
2019-01-23 0:00:00,101456.2444,0.9,55,60,28.83564,47
2019-01-24 0:00:00,101456.2444,1.3,45,79,29.22456,46
2019-01-25 0:00:00,101523.9722,0.8,50,73,29.05788,74
2019-01-26 0:00:00,101591.7,1,51,62,28.44672,60
2019-01-27 0:00:00,101659.4278,1.8,50,73,27.66888,47
2019-01-28 0:00:00,101523.9722,0.6,48,82,28.39116,60
2019-01-29 0:00:00,101388.5166,0.2,50,94,28.94676,71
2019-01-30 0:00:00,101422.3805,0.3,57,79,29.28012,92
2019-01-31 0:00:00,101388.5166,0.6,69,61,29.83572,66
2019-02-01 0:00:00,101422.3805,1.2,72,57,29.39124,44
2019-02-02 0:00:00,101320.7888,1.2,77,44,28.8912,40
2019-02-03 0:00:00,101388.5166,1.8,73,50,29.169,29
2019-02-04 0:00:00,101422.3805,1.5,76,48,29.94684,31
2019-02-05 0:00:00,101320.7888,2.2,79,38,29.78016,30
2019-02-06 0:00:00,101219.1971,2.2,81,41,29.05788,24
2019-02-07 0:00:00,101354.6527,1.9,77,43,29.4468,27
2019-02-08 0:00:00,101286.9249,1.3,78,36,29.61348,25
2019-02-09 0:00:00,101253.061,1.9,80,40,29.66904,20
2019-02-10 0:00:00,101388.5166,2.5,81,41,29.7246,25
2019-02-11 0:00:00,101523.9722,2.6,79,50,29.39124,27
2019-02-12 0:00:00,101727.1556,0.7,71,72,30.0024,36
2019-02-13 0:00:00,101591.7,1.6,72,50,30.16908,62
2019-02-14 0:00:00,101422.3805,1.9,77,50,29.33568,31
2019-02-15 0:00:00,101422.3805,2.3,76,43,29.169,29
2019-02-16 0:00:00,101456.2444,2.2,75,36,29.11344,25
2019-02-17 0:00:00,101354.6527,2.6,76,31,28.55784,20
2019-02-18 0:00:00,101286.9249,2.1,75,26,28.8912,20
2019-02-19 0:00:00,101354.6527,1.1,73,26,29.22456,16
2019-02-20 0:00:00,101490.1083,1,71,34,29.66904,19
2019-02-21 0:00:00,101490.1083,1,76,31,29.55792,24
2019-02-22 0:00:00,101253.061,1.2,72,37,29.83572,18
2019-02-23 0:00:00,101117.6054,1.8,74,38,30.2802,23
2019-02-24 0:00:00,101083.7415,1.6,78,38,29.94684,22
2019-02-25 0:00:00,101151.4693,1.8,78,38,29.89128,24
2019-02-26 0:00:00,101185.3332,1.7,74,50,29.4468,26
2019-02-27 0:00:00,101049.8776,1.1,73,52,29.50236,30
2019-02-28 0:00:00,101016.0137,1.5,75,50,29.61348,34
2019-03-01 0:00:00,101117.6054,1.7,76,52,29.7246,31
2019-03-02 0:00:00,101016.0137,1.6,76,47,29.94684,32
2019-03-03 0:00:00,100914.422,1.8,76,40,30.22464,30
2019-03-04 0:00:00,100982.1498,2.1,76,46,30.0024,25
2019-03-05 0:00:00,101083.7415,1.5,73,46,29.66904,32
2019-03-06 0:00:00,101185.3332,1.3,68,29,29.94684,32
2019-03-07 0:00:00,101185.3332,1,72,33,30.0024,21
2019-03-08 0:00:00,101185.3332,1,75,31,29.83572,23
2019-03-09 0:00:00,101219.1971,1.3,75,31,29.4468,22
2019-03-10 0:00:00,101253.061,1.2,76,39,29.61348,20
2019-03-11 0:00:00,101253.061,1.4,76,51,29.89128,27
2019-03-12 0:00:00,101185.3332,1.5,63,42,31.05804,48
2019-03-13 0:00:00,101253.061,2.5,75,34,30.39132,28
2019-03-14 0:00:00,101354.6527,3.1,77,31,30.05796,25
2019-03-15 0:00:00,101388.5166,2.8,71,47,30.44688,23
2019-03-16 0:00:00,101422.3805,2.9,85,47,27.61332,37
2019-03-17 0:00:00,101354.6527,1.8,78,51,29.78016,35
2019-03-18 0:00:00,101185.3332,2.4,76,45,30.44688,37
2019-03-19 0:00:00,101151.4693,2.4,74,41,30.50244,32
2019-03-20 0:00:00,101117.6054,2.3,77,36,30.2802,29
2019-03-21 0:00:00,101083.7415,2.5,77,47,30.61356,29
2019-03-22 0:00:00,101016.0137,2.7,76,53,31.05804,34
2019-03-23 0:00:00,100982.1498,2.1,76,44,31.05804,37
2019-03-24 0:00:00,100982.1498,3,76,34,30.78024,31
2019-03-25 0:00:00,101185.3332,2.7,83,38,28.50228,26
2019-03-26 0:00:00,101253.061,1.3,77,36,29.94684,24
2019-03-27 0:00:00,101320.7888,2,78,41,30.05796,22
2019-03-28 0:00:00,101151.4693,2.1,74,40,30.89136,24
2019-03-29 0:00:00,100982.1498,2.5,76,38,30.78024,25
2019-03-30 0:00:00,100982.1498,1.8,79,39,30.94692,23
2019-03-31 0:00:00,101049.8776,2.8,76,38,30.78024,24
2019-04-01 0:00:00,101219.1971,2.2,73,39,30.44688,24
2019-04-02 0:00:00,101185.3332,1.9,75,36,30.11352,26
2019-04-03 0:00:00,101253.061,2.1,77,37,29.66904,25
2019-04-04 0:00:00,101253.061,2,67,27,30.66912,25
2019-04-05 0:00:00,101151.4693,2.4,71,35,31.00248,19
2019-04-06 0:00:00,101117.6054,1.8,76,28,30.8358,23
2019-04-07 0:00:00,101185.3332,1.9,77,35,30.558,19
2019-04-08 0:00:00,101083.7415,1.5,75,27,30.05796,24
2019-04-09 0:00:00,100982.1498,1.9,75,31,31.44696,19
2019-04-10 0:00:00,101016.0137,2.4,75,32,31.61364,20
2019-04-11 0:00:00,100880.5581,2.4,76,32,31.50252,20
2019-04-12 0:00:00,100846.6942,1.8,76,28,31.61364,21
2019-04-13 0:00:00,100914.422,9.8,84,24,29.78016,19
2019-04-14 0:00:00,100914.422,9.2,67.5,20,32.44704,16
2019-04-15 0:00:00,100914.422,10,69.6,21,32.44704,14
2019-04-16 0:00:00,100914.422,8.3,69,29,32.66928,16
2019-04-17 0:00:00,100914.422,9,65,32,33.16932,16
2019-04-18 0:00:00,100914.422,9.7,70.5,33,33.11376,21
2019-04-19 0:00:00,100575.783,9.4,66.8,48,33.16932,22
2019-04-20 0:00:00,100575.783,8.6,59.9,55,33.78048,31
2019-04-21 0:00:00,100575.783,8.8,63.5,34,33.44712,33
2019-04-22 0:00:00,100575.783,10.1,67,39,33.22488,23
2019-04-23 0:00:00,100914.422,7.2,71.7,37,31.00248,24
2019-04-24 0:00:00,100914.422,4.7,63.7,39,33.28044,21
2019-04-25 0:00:00,100575.783,7.8,72.2,46,31.83588,25
2019-04-26 0:00:00,100575.783,5.6,71.6,49,30.72468,30
2019-04-27 0:00:00,100914.422,7.4,72.8,26,30.8358,27
2019-04-28 0:00:00,100914.422,9.3,65.3,24,32.61372,16
2019-04-29 0:00:00,100914.422,2.2,72,27,32.44704,16
2019-04-30 0:00:00,100914.422,2.4,71,28,32.5026,18
2019-05-01 0:00:00,100914.422,3.3,65,25,32.83596,14
2019-05-02 0:00:00,100914.422,3.9,64,28,33.39156,14
2019-05-03 0:00:00,100914.422,2,68,25,33.50268,17
2019-05-04 0:00:00,100914.422,2.3,72,31,32.33592,18
2019-05-05 0:00:00,100914.422,8,65.8,47,32.11368,22
2019-05-06 0:00:00,100575.783,10.8,60.3,60,33.11376,33
2019-05-07 0:00:00,100575.783,10.4,59.7,61,32.61372,35
2019-05-08 0:00:00,100237.144,10,60.4,61,32.44704,34
2019-05-09 0:00:00,100575.783,10.1,61.8,55,32.11368,38
2019-05-10 0:00:00,100575.783,8.7,64,54,31.33584,34
2019-05-11 0:00:00,100914.422,5.8,68.8,55,31.28028,33
2019-05-12 0:00:00,100575.783,7.5,70.9,39,30.33576,33
2019-05-13 0:00:00,100575.783,4,81.8,43,27.94668,27
2019-05-14 0:00:00,100575.783,6.2,81.8,55,28.28004,31
2019-05-15 0:00:00,100914.422,5.3,73,51,30.33576,35
2019-05-16 0:00:00,100914.422,7.1,72.5,49,30.33576,31
2019-05-17 0:00:00,100575.783,9,64.5,58,31.61364,29
2019-05-18 0:00:00,100575.783,8.5,63.7,53,32.11368,33
2019-05-19 0:00:00,100575.783,8.9,59.8,42,33.16932,29
2019-05-20 0:00:00,100575.783,8.2,68.8,43,32.5026,27
2019-05-21 0:00:00,100778.9664,1.8,70,38,31.50252,27
2019-05-22 0:00:00,100880.5581,1,76,34,29.7246,23
2019-05-23 0:00:00,100914.422,1.5,76,35,29.61348,24
2019-05-24 0:00:00,100880.5581,2.7,69,40,30.89136,24
2019-05-25 0:00:00,100677.3747,2.6,71,32,31.3914,26
2019-05-26 0:00:00,100677.3747,3,69,38,31.22472,21
2019-05-27 0:00:00,100609.6469,2.7,73,41,30.39132,18
2019-05-28 0:00:00,100677.3747,1.5,79,23,29.83572,19
2019-05-29 0:00:00,100711.2386,1.7,77,24,30.39132,15
2019-05-30 0:00:00,100812.8303,2.1,89,30,27.72444,16
2019-05-31 0:00:00,100745.1025,1.3,77,28,30.61356,21
2019-06-01 0:00:00,100812.8303,0.9,72,26,31.3914,20
2019-06-02 0:00:00,100914.422,5.7,73.8,33,30.72468,15
2019-06-03 0:00:00,100914.422,3.8,73,30,30.66912,22
2019-06-04 0:00:00,100778.9664,1,65,45,33.78048,21
2019-06-05 0:00:00,100778.9664,2.3,78,36,31.00248,20
2019-06-06 0:00:00,100914.422,1,81,36,29.05788,24
2019-06-07 0:00:00,100880.5581,0.7,87,37,28.00224,25
2019-06-08 0:00:00,100812.8303,0.5,79,28,29.61348,18
2019-06-09 0:00:00,100677.3747,1.7,78,25,29.4468,16
2019-06-10 0:00:00,100609.6469,2.2,73,25,30.61356,14
2019-06-11 0:00:00,100778.9664,0.7,80,23,29.169,17
2019-06-12 0:00:00,100745.1025,1.3,75,23,30.78024,13
2019-06-13 0:00:00,100677.3747,1.7,74,24,31.05804,14
2019-06-14 0:00:00,100745.1025,1.9,74,27,31.44696,13
2019-06-15 0:00:00,100711.2386,1.5,76,30,30.16908,15
2019-06-16 0:00:00,100711.2386,2,75,31,30.0024,17
2019-06-17 0:00:00,100643.5108,1.2,73,21,30.33576,13
2019-06-18 0:00:00,100745.1025,1.1,75,20,30.0024,12
2019-06-19 0:00:00,100778.9664,1.4,74,34,30.94692,13
2019-06-20 0:00:00,100745.1025,1.4,68,37,32.05812,18
2019-06-21 0:00:00,100541.9191,2.8,69,32,32.39148,21
2019-06-22 0:00:00,100541.9191,1.3,76,29,31.00248,19
2019-06-23 0:00:00,100778.9664,1.1,80,25,29.83572,20
2019-06-24 0:00:00,100812.8303,0.7,83,26,29.00232,16
2019-06-25 0:00:00,100778.9664,0.7,77,24,29.94684,18
2019-06-26 0:00:00,100643.5108,1,76,27,28.72452,14
2019-06-27 0:00:00,100643.5108,2.8,77,31,29.33568,20
2019-06-28 0:00:00,100609.6469,2,75,25,29.55792,18
2019-06-29 0:00:00,100711.2386,1.1,83,21,28.3356,13
2019-06-30 0:00:00,100575.783,6.3,82.6,32,28.39116,14
2019-07-01 0:00:00,100711.2386,0.4,81,43,28.78008,19
2019-07-02 0:00:00,100643.5108,0.4,75,43,29.89128,26
2019-07-03 0:00:00,100711.2386,0.6,88,63,26.6688,20
2019-07-04 0:00:00,100643.5108,1.7,82,33,27.78,21
2019-07-05 0:00:00,100812.8303,1.3,87,43,26.27988,17
2019-07-06 0:00:00,100812.8303,1.1,82,37,28.44672,22
2019-07-07 0:00:00,100846.6942,1.3,73,35,29.50236,24
2019-07-08 0:00:00,100846.6942,2.3,74,35,30.44688,18
2019-07-09 0:00:00,100914.422,1.3,78,43,29.28012,20
2019-07-10 0:00:00,100914.422,0.1,74,59,29.83572,23
2019-07-11 0:00:00,101049.8776,0.2,66,39,31.6692,19
2019-07-12 0:00:00,101016.0137,0.4,68,34,30.94692,20
2019-07-13 0:00:00,100948.2859,3.4,72,26,30.2802,20
2019-07-14 0:00:00,100778.9664,4.5,66,24,30.78024,17
2019-07-15 0:00:00,100575.783,3.8,69,22,30.11352,17
2019-07-16 0:00:00,100541.9191,0.3,72,24,30.44688,18
2019-07-17 0:00:00,100440.3274,0.4,71,22,30.50244,17
2019-07-18 0:00:00,100406.4635,0.3,71,24,30.8358,15
2019-07-19 0:00:00,100643.5108,0.6,72,27,30.558,16
2019-07-20 0:00:00,100609.6469,0.2,78,17,30.2802,17
2019-07-21 0:00:00,100745.1025,0.4,74,27,30.22464,10
2019-07-22 0:00:00,100778.9664,0.2,71,28,31.05804,14
2019-07-23 0:00:00,100711.2386,0.3,76,39,30.22464,18
2019-07-24 0:00:00,100846.6942,0.3,76,27,29.55792,23
2019-07-25 0:00:00,100948.2859,0.5,77,34,28.78008,17
2019-07-26 0:00:00,100982.1498,0.2,71,28,29.7246,21
2019-07-27 0:00:00,100880.5581,0.7,67,33,30.22464,17
2019-07-28 0:00:00,100812.8303,0.4,69,20,31.05804,17
2019-07-29 0:00:00,100846.6942,1.9,65,25,30.66912,13
2019-07-30 0:00:00,100745.1025,3.6,64,27,30.50244,15
2019-07-31 0:00:00,100677.3747,3.4,68,25,29.4468,17
2019-08-01 0:00:00,100711.2386,3.1,84,24,28.94676,16
2019-08-02 0:00:00,100745.1025,5.1,83,23,29.28012,15
2019-08-03 0:00:00,100711.2386,5.8,81,18,29.33568,14
2019-08-04 0:00:00,100541.9191,3.8,89,22,27.94668,12
2019-08-05 0:00:00,100474.1913,1.3,93,24,28.16892,14
2019-08-06 0:00:00,100575.783,4.1,91,25,28.39116,16
2019-08-07 0:00:00,100440.3274,1.3,88,23,28.6134,16
2019-08-08 0:00:00,100203.2801,0,85,25,28.3356,15
2019-08-09 0:00:00,100237.144,9.5,78.4,18,28.8912,19
2019-08-10 0:00:00,100237.144,10.1,75.4,18,29.169,11
2019-08-11 0:00:00,100237.144,9.6,76,18,29.4468,12
2019-08-12 0:00:00,100575.783,8.3,75.1,24,29.7246,12
2019-08-13 0:00:00,100948.2859,0.1,85,33,29.78016,15
2019-08-14 0:00:00,100914.422,0.1,86,32,30.0024,21
2019-08-15 0:00:00,100846.6942,0.5,85,32,30.39132,18
2019-08-16 0:00:00,100609.6469,0.3,87,22,30.50244,20
2019-08-17 0:00:00,100846.6942,0.2,80,20,30.0024,14
2019-08-18 0:00:00,101016.0137,0.1,83,27,30.16908,14
2019-08-19 0:00:00,100880.5581,0.2,82,26,30.8358,16
2019-08-20 0:00:00,100711.2386,0.4,94,23,28.72452,17
2019-08-21 0:00:00,100711.2386,0.1,89,25,29.66904,14
2019-08-22 0:00:00,100812.8303,0.1,94,25,29.05788,15
2019-08-23 0:00:00,100880.5581,0,93,24,29.4468,18
2019-08-24 0:00:00,100846.6942,0.1,90,20,29.11344,17
2019-08-25 0:00:00,100745.1025,0.5,88,18,29.22456,13
2019-08-26 0:00:00,100812.8303,3.1,94,24,27.27996,13
2019-08-27 0:00:00,100711.2386,1.9,86,22,29.00232,16
2019-08-28 0:00:00,100711.2386,1.7,87,21,29.11344,14
2019-08-29 0:00:00,100541.9191,3.4,86,25,28.83564,14
2019-08-30 0:00:00,100237.144,1,86,21,27.78,15
2019-08-31 0:00:00,100575.783,1.2,90,18,28.39116,10
2019-09-01 0:00:00,100745.1025,1.1,83,25,28.0578,12
2019-09-02 0:00:00,100778.9664,3.8,75,23,28.55784,16
2019-09-03 0:00:00,100711.2386,1.5,86,26,26.89104,16
2019-09-04 0:00:00,100745.1025,0.9,84,27,27.5022,18
2019-09-05 0:00:00,100745.1025,0.6,79,28,27.55776,18
2019-09-06 0:00:00,100812.8303,1.4,75,31,29.50236,23
2019-09-07 0:00:00,100914.422,2.3,71,26,29.66904,22
2019-09-08 0:00:00,100982.1498,2,78,29,28.3356,18
2019-09-09 0:00:00,100914.422,1.3,80,26,28.44672,18
2019-09-10 0:00:00,101049.8776,1.9,78,30,28.72452,18
2019-09-11 0:00:00,101286.9249,0.8,73,29,29.28012,22
2019-09-12 0:00:00,101219.1971,1.2,69,20,29.94684,20
2019-09-13 0:00:00,100982.1498,2,70,24,30.0024,13
2019-09-14 0:00:00,100778.9664,0.6,82,31,27.89112,17
2019-09-15 0:00:00,100745.1025,0.4,81,28,29.22456,19
2019-09-16 0:00:00,100745.1025,1.7,86,35,27.44664,21
2019-09-17 0:00:00,100812.8303,1.3,81,31,29.4468,26
2019-09-18 0:00:00,100948.2859,1.2,76,33,29.22456,22
2019-09-19 0:00:00,101049.8776,1.7,85,33,27.72444,23
2019-09-20 0:00:00,100914.422,1.2,88,26,27.44664,29
2019-09-21 0:00:00,100846.6942,1.1,94,33,26.00208,19
2019-09-22 0:00:00,100914.422,3.3,88.7,25,26.61324,24
2019-09-23 0:00:00,101253.061,6.6,93.7,41,25.66872,18
2019-09-24 0:00:00,101253.061,4.5,79.3,59,28.55784,26
2019-09-25 0:00:00,101253.061,5.4,71.5,59,29.50236,39
2019-09-26 0:00:00,101253.061,5.3,67.4,49,30.2802,40
2019-09-27 0:00:00,101253.061,4.3,73,62,29.89128,33
2019-09-28 0:00:00,101253.061,5.2,67.2,66,30.22464,46
2019-09-29 0:00:00,101253.061,5.1,63,77,30.72468,50
2019-09-30 0:00:00,101253.061,4.5,72.8,48,30.11352,69
2019-10-01 0:00:00,100914.422,6.7,82.7,37,28.94676,34
2019-10-02 0:00:00,100914.422,5.5,78.2,36,29.50236,24
2019-10-03 0:00:00,100914.422,5.6,80,45,29.28012,25
2019-10-04 0:00:00,100914.422,4.1,81.6,45,27.78,28
2019-10-05 0:00:00,100914.422,3.7,88,33,27.00216,30
2019-10-06 0:00:00,100914.422,3.8,84.7,29,27.27996,25
2019-10-07 0:00:00,100914.422,4.7,82.6,34,27.55776,22
2019-10-08 0:00:00,100914.422,4.8,79.9,26,28.11336,23
2019-10-09 0:00:00,100914.422,4.8,79.1,34,28.50228,26
2019-10-10 0:00:00,100914.422,4.9,77.6,41,29.11344,36
2019-10-11 0:00:00,100914.422,4.8,72,37,29.89128,33
2019-10-12 0:00:00,100914.422,5.5,75.8,23,29.33568,28
2019-10-13 0:00:00,100914.422,4.9,75.2,19,29.66904,24
2019-10-14 0:00:00,101253.061,5.3,77.3,31,29.00232,18
2019-10-15 0:00:00,101253.061,5.3,76.3,42,29.05788,22
2019-10-16 0:00:00,101253.061,5.6,74,46,29.66904,19
2019-10-17 0:00:00,101185.3332,4,74,44,29.94684,21
2019-10-18 0:00:00,101117.6054,0,60,46,32.33592,21
2019-10-19 0:00:00,101286.9249,0,65,46,30.89136,24
2019-10-20 0:00:00,101320.7888,0,66,50,31.00248,23
2019-10-21 0:00:00,101049.8776,0,64,69,31.50252,30
2019-10-22 0:00:00,100880.5581,0,72,46,30.94692,54
2019-10-23 0:00:00,100948.2859,0,73,36,31.16916,27
2019-10-24 0:00:00,101016.0137,0,75,42,31.28028,24
2019-10-25 0:00:00,101117.6054,0,72,44,31.72476,26
2019-10-26 0:00:00,101117.6054,0,68,32,32.05812,28
2019-10-27 0:00:00,101049.8776,7,71,34,30.89136,19
2019-10-28 0:00:00,101083.7415,1,73,37,30.66912,23
2019-10-29 0:00:00,101083.7415,5,76,40,29.78016,24
2019-10-30 0:00:00,101049.8776,2,65,48,30.16908,22
2019-10-31 0:00:00,100948.2859,1,56,30,29.4468,27
2019-11-01 0:00:00,100948.2859,1,75,36,25.94652,17
2019-11-02 0:00:00,101049.8776,1,85,39,26.05764,25
2019-11-03 0:00:00,101253.061,2,82,41,28.00224,30
2019-11-04 0:00:00,101185.3332,2,81,58,27.66888,32
2019-11-05 0:00:00,101083.7415,1,69,59,29.7246,45
2019-11-06 0:00:00,100914.422,0,66,61,30.16908,44
2019-11-07 0:00:00,101083.7415,0,67,61,30.50244,41
2019-11-08 0:00:00,101320.7888,4,61,60,29.50236,40
2019-11-09 0:00:00,101388.5166,2,60,61,28.55784,42
2019-11-10 0:00:00,101286.9249,1,60,69,28.16892,44
2019-11-11 0:00:00,101016.0137,3,53,62,29.22456,54
2019-11-12 0:00:00,101049.8776,0,55,54,30.39132,48
2019-11-13 0:00:00,101219.1971,2,70,41,29.169,37
2019-11-14 0:00:00,101286.9249,0,73,46,28.78008,24
2019-11-15 0:00:00,101253.061,0,63,54,29.33568,29
2019-11-16 0:00:00,101185.3332,0,63,56,29.89128,37
2019-11-17 0:00:00,101151.4693,0,65,55,30.16908,37
2019-11-18 0:00:00,101185.3332,0,74,51,29.7246,36
2019-11-19 0:00:00,101185.3332,1,63,40,30.558,33
2019-11-20 0:00:00,101253.061,5,61,41,29.22456,22
2019-11-21 0:00:00,101320.7888,0,60,44,29.11344,25
2019-11-22 0:00:00,101354.6527,2,53,51,30.39132,27
2019-11-23 0:00:00,101320.7888,1,58,49,29.7246,31
2019-11-24 0:00:00,101253.061,0,53,55,29.89128,34
2019-11-25 0:00:00,101320.7888,2,55,46,30.39132,33
2019-11-26 0:00:00,101320.7888,0,53,47,30.22464,27
2019-11-27 0:00:00,101219.1971,1,61,38,30.89136,25
2019-11-28 0:00:00,101253.061,6,61,35,30.89136,18
2019-11-29 0:00:00,101320.7888,1,61,36,29.55792,21
2019-11-30 0:00:00,101286.9249,2,62,39,30.2802,22
2019-12-01 0:00:00,101219.1971,2,63,36,30.78024,22
2019-12-02 0:00:00,101286.9249,3,60,44,29.61348,17
2019-12-03 0:00:00,101490.1083,3,62,51,25.5576,27
2019-12-04 0:00:00,101693.2917,1,55,51,25.5576,32
2019-12-05 0:00:00,101794.8834,1,53,60,24.00192,33
2019-12-06 0:00:00,101862.6112,2,52,58,24.05748,37
2019-12-07 0:00:00,101794.8834,1,50,68,23.22408,32
2019-12-08 0:00:00,101862.6112,1,53,64,23.50188,45
2019-12-09 0:00:00,101693.2917,0,57,68,24.22416,46
2019-12-10 0:00:00,101490.1083,0,56,74,25.16868,53
2019-12-11 0:00:00,101388.5166,0,53,67,26.27988,52
2019-12-12 0:00:00,101456.2444,1,53,68,27.16884,46
2019-12-13 0:00:00,101523.9722,1,55,63,27.66888,46
2019-12-14 0:00:00,101388.5166,0,68,67,25.05756,44
2019-12-15 0:00:00,101253.061,5,57.5,61,28.00224,46
2019-12-16 0:00:00,101253.061,6.2,61.5,59,28.50228,40
2019-12-17 0:00:00,101253.061,5.5,60.1,60,29.55792,39
2019-12-18 0:00:00,101253.061,5.6,61.4,59,29.33568,37
2019-12-19 0:00:00,101253.061,4.2,63.8,57,29.4468,40
2019-12-20 0:00:00,100914.422,4.5,68.8,57,29.169,40
2019-12-21 0:00:00,101253.061,3.4,67.8,50,29.55792,39
2019-12-22 0:00:00,101253.061,4.1,69.3,50,29.22456,32
2019-12-23 0:00:00,101253.061,3.5,69.2,52,29.05788,31
2019-12-24 0:00:00,101253.061,4.1,71,54,29.00232,34
2019-12-25 0:00:00,101253.061,3.6,74.5,51,28.78008,35
2019-12-26 0:00:00,101253.061,3.3,73.5,57,29.00232,30
2019-12-27 0:00:00,101253.061,4.9,69.2,57,28.8912,37
2019-12-28 0:00:00,101253.061,6.5,63.2,59,28.22448,36
2019-12-29 0:00:00,101253.061,4.8,58.6,47.5,28.39116,43
2019-12-30 0:00:00,101253.061,5,54.6,36,28.83564,39
2019-12-31 0:00:00,101253.061,5.3,60.7,46,28.6134,36
2020-01-01 0:00:00,101433.6685,4.866666667,59.8,52,29.13196,22
2020-01-02 0:00:00,101614.2759,4.433333333,58.9,56,29.65052,27
2020-01-03 0:00:00,101794.8834,4,58,61,30.16908,29
2020-01-04 0:00:00,101591.7,1,59,66,29.83572,39
2020-01-05 0:00:00,101354.6527,2,60,69,29.89128,44
2020-01-06 0:00:00,101354.6527,4,58,71,29.83572,50
2020-01-07 0:00:00,101422.3805,1,58,70,30.05796,52
2020-01-08 0:00:00,101286.9249,1,61,93,30.39132,55
2020-01-09 0:00:00,101253.061,2,64,64,30.33576,56
2020-01-10 0:00:00,101185.3332,1,66,56,30.78024,82
2020-01-11 0:00:00,101049.8776,3,67,56,30.61356,49
2020-01-12 0:00:00,101049.8776,1,81,56,29.11344,39
2020-01-13 0:00:00,101083.7415,1,81,61,29.28012,42
2020-01-14 0:00:00,101083.7415,1,80,67,28.72452,37
2020-01-15 0:00:00,101253.061,1,80,70,28.50228,39
2020-01-16 0:00:00,101253.061,0,78,74,28.8912,42
2020-01-17 0:00:00,101253.061,0,78,72,29.00232,50
2020-01-18 0:00:00,101354.6527,0,78,76,29.22456,59
2020-01-19 0:00:00,101523.9722,3,75,67,30.11352,58
2020-01-20 0:00:00,101490.1083,0,77,63,29.66904,65
2020-01-21 0:00:00,101320.7888,3,78,58,29.55792,51
2020-01-22 0:00:00,101253.061,2,78,48,29.50236,43
2020-01-23 0:00:00,101083.7415,3,79,39,28.72452,38
2020-01-24 0:00:00,101117.6054,1,70,33,29.28012,27
2020-01-25 0:00:00,101016.0137,2,56,40,30.0024,21
2020-01-26 0:00:00,101117.6054,3,62,47,28.0578,19
2020-01-27 0:00:00,101388.5166,0,66,49,29.00232,24
2020-01-28 0:00:00,101320.7888,1,63,56,29.05788,35
2020-01-29 0:00:00,101388.5166,5,55,60,28.0578,35
2020-01-30 0:00:00,101388.5166,4.666666667,57,68,28.1504,38
2020-01-31 0:00:00,101388.5166,4.333333333,59,88,28.243,46
2020-02-01 0:00:00,101388.5166,4,61,85,28.3356,64
2020-02-02 0:00:00,101557.8361,0,71,80,28.8912,63
2020-02-03 0:00:00,101422.3805,1,77,71,28.6134,55
2020-02-04 0:00:00,101320.7888,1,75,58,28.66896,45
2020-02-05 0:00:00,101253.061,3,74,48,28.8912,34
2020-02-06 0:00:00,101354.6527,2,76,59,28.78008,27
2020-02-07 0:00:00,101456.2444,0,75,59,29.22456,32
2020-02-08 0:00:00,101422.3805,0,77,72,29.28012,38.5
2020-02-09 0:00:00,101591.7,1,68,75,29.4468,45
2020-02-10 0:00:00,101456.2444,1,55,71,29.55792,44
2020-02-11 0:00:00,101456.2444,0,56,58,30.78024,52
2020-02-12 0:00:00,101422.3805,2,77,32,29.55792,40
2020-02-13 0:00:00,101320.7888,3,76,29,29.39124,16
2020-02-14 0:00:00,101083.7415,5,76,37,29.39124,16
2020-02-15 0:00:00,101219.1971,3,63,26,29.22456,23
2020-02-16 0:00:00,101320.7888,2,64,38,29.50236,16
2020-02-17 0:00:00,101388.5166,4,75,62,29.33568,21
2020-02-18 0:00:00,101490.1083,3,62,81,28.8912,39
2020-02-19 0:00:00,101625.5639,3,51,86,29.33568,53
2020-02-20 0:00:00,101591.7,4,56,79,30.39132,59
2020-02-21 0:00:00,101828.7473,5,47,82,29.94684,54
2020-02-22 0:00:00,101761.0195,5,48,80,29.7246,58
2020-02-23 0:00:00,101727.1556,3,50,87,29.7246,58
2020-02-24 0:00:00,101490.1083,4,49,89,30.39132,70
2020-02-25 0:00:00,101253.061,1,72,73,29.11344,76
2020-02-26 0:00:00,101286.9249,3,76,75,29.33568,49
2020-02-27 0:00:00,101219.1971,1,79,50,28.6134,54
2020-02-28 0:00:00,101117.6054,2,78,49,28.94676,35
2020-02-29 0:00:00,101049.8776,1,77,51,29.00232,29
2020-03-01 0:00:00,101151.4693,2,76,47,29.7246,27
2020-03-02 0:00:00,101083.7415,3,77,33,29.66904,29
2020-03-03 0:00:00,101151.4693,3,76,29,29.83572,22
2020-03-04 0:00:00,101185.3332,3,75,31,29.7246,16
2020-03-05 0:00:00,101185.3332,2,75,30,30.0024,20
2020-03-06 0:00:00,101354.6527,3,75,32,29.94684,18
2020-03-07 0:00:00,101354.6527,2,76,39,29.94684,20
2020-03-08 0:00:00,101151.4693,1,77,56,30.558,27
2020-03-09 0:00:00,100880.5581,1,64,49,31.22472,44
2020-03-10 0:00:00,100914.422,2,74,54,30.72468,37
2020-03-11 0:00:00,101049.8776,1,74,44,31.05804,40
2020-03-12 0:00:00,101219.1971,4,76,37,30.61356,32
2020-03-13 0:00:00,101320.7888,1,76,35,30.61356,26
2020-03-14 0:00:00,101151.4693,2,77,37,30.8358,21
2020-03-15 0:00:00,101388.5166,5,86,57,27.11328,26
2020-03-16 0:00:00,101320.7888,2,78,46,28.78008,40
2020-03-17 0:00:00,101354.6527,2,79,44,29.7246,23
2020-03-18 0:00:00,101185.3332,1,77,40,30.05796,23
2020-03-19 0:00:00,101083.7415,3,77,36,30.05796,25
2020-03-20 0:00:00,101185.3332,2,76,35,30.0024,23
2020-03-21 0:00:00,101117.6054,1.666666667,73.33333333,29,30.52096,24
2020-03-22 0:00:00,101049.8776,1.333333333,70.66666667,30,31.03952,20
2020-03-23 0:00:00,100982.1498,1,68,28,31.55808,21
2020-03-24 0:00:00,101049.8776,1,74,31,30.33576,19
2020-03-25 0:00:00,100948.2859,2,75,25,30.16908,21
2020-03-26 0:00:00,101083.7415,1,73,27,30.2802,17
2020-03-27 0:00:00,101083.7415,1,73,37,30.94692,19
2020-03-28 0:00:00,101016.0137,0,76,30,30.94692,26
2020-03-29 0:00:00,100948.2859,1,75,30.5,30.78024,23
2020-03-30 0:00:00,100982.1498,1,77,31,30.8358,24
2020-03-31 0:00:00,101016.0137,2,74,31,31.28028,32
2020-04-01 0:00:00,101016.0137,1,76,27,31.00248,23
2020-04-02 0:00:00,101016.0137,1,74,27,31.1136,21
2020-04-03 0:00:00,101117.6054,5,76,28,31.05804,17
2020-04-04 0:00:00,101049.8776,3,74,28,31.50252,20
2020-04-05 0:00:00,101151.4693,1,75,39,31.16916,23
2020-04-06 0:00:00,101083.7415,2,74,37,31.28028,17
2020-04-07 0:00:00,101016.0137,2,76,30,30.78024,22
2020-04-08 0:00:00,101016.0137,2,75,29,31.05804,17
2020-04-09 0:00:00,101185.3332,3,74,30,31.05804,19
2020-04-10 0:00:00,101253.061,2,75,19,31.1136,21
2020-04-11 0:00:00,101253.061,0,74,40,31.50252,20
2020-04-12 0:00:00,101083.7415,2,73,50,31.55808,17
2020-04-13 0:00:00,101185.3332,6,80,44,28.44672,27
2020-04-14 0:00:00,101219.1971,0,78,27,29.05788,39
2020-04-15 0:00:00,101219.1971,1,74,23,30.94692,33
2020-04-16 0:00:00,101083.7415,1,75,23,31.00248,19
2020-04-17 0:00:00,101151.4693,2,78,26,30.05796,16
2020-04-18 0:00:00,101185.3332,1,74,23,30.558,15
2020-04-19 0:00:00,101117.6054,1,74,22,31.3914,13
2020-04-20 0:00:00,101083.7415,1,74,31,31.55808,15
2020-04-21 0:00:00,100948.2859,1,72,34,31.947,15
2020-04-22 0:00:00,101016.0137,0,70,31,32.44704,20
2020-04-23 0:00:00,101083.7415,6,70,34,31.50252,20
2020-04-24 0:00:00,101117.6054,1,70,47,30.78024,23
2020-04-25 0:00:00,101049.8776,0,77,52,30.50244,25
2020-04-26 0:00:00,100914.422,4.8,85.8,46,29.89128,31
2020-04-27 0:00:00,101253.061,5.9,85.2,51,29.55792,36
2020-04-28 0:00:00,100914.422,5.7,87.2,40,30.66912,33
2020-04-29 0:00:00,100914.422,6.4,84.5,30,29.169,36
2020-04-30 0:00:00,100914.422,6.3,87,33,30.558,27
2020-05-01 0:00:00,100914.422,6.8,71.1,33,31.1136,19
2020-05-02 0:00:00,100914.422,6.5,68.2,27,31.55808,17
2020-05-03 0:00:00,100914.422,7.7,66.8,30,32.39148,14
2020-05-04 0:00:00,100914.422,7.2,68.8,32,32.11368,19
2020-05-05 0:00:00,100575.783,6.9,66,28,32.83596,23
2020-05-06 0:00:00,100575.783,9.5,65.8,24,33.16932,18
2020-05-07 0:00:00,100575.783,9.8,68.2,25,32.7804,15
2020-05-08 0:00:00,100575.783,8.3,69.5,17,32.44704,14
2020-05-09 0:00:00,100575.783,8.5,64.6,16,33.50268,10
2020-05-10 0:00:00,100914.422,8.4,67,25,32.94708,10
2020-05-11 0:00:00,100914.422,7.7,77.8,37,29.169,14
2020-05-12 0:00:00,100914.422,4.3,67.8,23,30.33576,25
2020-05-13 0:00:00,100914.422,7,67,25,32.55816,16
2020-05-14 0:00:00,100914.422,5.9,73.6,22,30.78024,15
2020-05-15 0:00:00,100575.783,6.3,70.4,24,31.6692,14
2020-05-16 0:00:00,100575.783,7.7,65.2,23,32.83596,15
2020-05-17 0:00:00,100575.783,7,72.6,25,31.33584,14
2020-05-18 0:00:00,100575.783,5.5,70.8,20,31.83588,16
2020-05-19 0:00:00,100575.783,7.4,67.7,24,32.11368,12
2020-05-20 0:00:00,100575.783,9.8,66.1,28,31.83588,15
2020-05-21 0:00:00,100575.783,7.1,66.3,40,32.28036,18
2020-05-22 0:00:00,100575.783,7.9,61.7,47,33.16932,24
2020-05-23 0:00:00,100575.783,7.9,68.3,46,32.5026,25
2020-05-24 0:00:00,100914.422,6.2,83.6,39,29.7246,23
2020-05-25 0:00:00,100914.422,5,82.6,39,29.61348,23
2020-05-26 0:00:00,100914.422,4.6,83.9,24,29.05788,25
2020-05-27 0:00:00,100914.422,6.2,69.4,23,30.94692,14
2020-05-28 0:00:00,100914.422,5.7,66.5,26,31.05804,13
2020-05-29 0:00:00,100914.422,6.1,76.8,18,29.4468,16
2020-05-30 0:00:00,100914.422,6.2,82.3,18,28.66896,11
2020-05-31 0:00:00,100914.422,5.6,74.6,23,30.05796,15
2020-06-01 0:00:00,100914.422,6.5,70.2,18,31.50252,16
2020-06-02 0:00:00,100914.422,6.8,75.2,20,29.7246,12
2020-06-03 0:00:00,100914.422,6.2,80.3,24,28.50228,13
2020-06-04 0:00:00,100914.422,4.4,83.3,22,28.44672,15
2020-06-05 0:00:00,100914.422,3.9,85.4,20,28.55784,13
2020-06-06 0:00:00,100575.783,6.3,79.4,17,29.66904,11
2020-06-07 0:00:00,100575.783,7,77.8,16,29.66904,8
2020-06-08 0:00:00,100575.783,6.7,76.6,21,29.66904,11
2020-06-09 0:00:00,100575.783,7.4,80.1,18,29.00232,11
2020-06-10 0:00:00,100575.783,5.7,72.7,23,30.11352,10
2020-06-11 0:00:00,100575.783,5.8,66.7,22,30.72468,14
2020-06-12 0:00:00,100575.783,9.7,65.6,21,31.22472,12
2020-06-13 0:00:00,100237.144,8.8,63.8,21,31.61364,12
2020-06-14 0:00:00,100575.783,9,66.7,18,31.6692,14
2020-06-15 0:00:00,100745.1025,7,83,17,29.83572,13
2020-06-16 0:00:00,100914.422,9,81,21,28.50228,11
2020-06-17 0:00:00,100880.5581,9,88,25,27.27996,14
2020-06-18 0:00:00,100880.5581,0,79,23,29.00232,18
2020-06-19 0:00:00,100812.8303,1,79,23,29.89128,16
2020-06-20 0:00:00,100778.9664,1,71,22,30.89136,15
2020-06-21 0:00:00,100711.2386,1,72,26,31.83588,14
2020-06-22 0:00:00,100677.3747,4,79,25,30.39132,17
2020-06-23 0:00:00,100778.9664,1,80,26,30.44688,18
2020-06-24 0:00:00,100745.1025,1,77,25,31.1136,20
2020-06-25 0:00:00,100677.3747,2,75,20,31.28028,15
2020-06-26 0:00:00,100745.1025,2,79,22,29.169,13
2020-06-27 0:00:00,100677.3747,1,71,19,30.50244,13
2020-06-28 0:00:00,100677.3747,1,74,21,30.0024,13
2020-06-29 0:00:00,100643.5108,2,74,20,30.33576,13
2020-06-30 0:00:00,100677.3747,4,70,21,30.89136,12
2020-07-01 0:00:00,100711.2386,11,71,21,29.61348,13
2020-07-02 0:00:00,100541.9191,10,75,22,29.55792,12
2020-07-03 0:00:00,100778.9664,9,81,29,27.61332,13
2020-07-04 0:00:00,100846.6942,2,78,23,28.78008,16
2020-07-05 0:00:00,100812.8303,0,68,23,30.61356,12
2020-07-06 0:00:00,100575.783,1,69,23,31.00248,12
2020-07-07 0:00:00,100812.8303,0,81,19,29.4468,14
2020-07-08 0:00:00,100778.9664,1,79,23,30.05796,12
2020-07-09 0:00:00,100677.3747,1,73,22,31.33584,13
2020-07-10 0:00:00,100711.2386,1,74,26,30.50244,13
2020-07-11 0:00:00,100711.2386,0,73,24,30.66912,12
2020-07-12 0:00:00,100677.3747,5,79,27,29.22456,13
2020-07-13 0:00:00,100609.6469,1,81,24,28.39116,14.33333333
2020-07-14 0:00:00,100575.783,4.3,82.8,27,27.89112,15.66666667
2020-07-15 0:00:00,100575.783,6.7,79.8,25,28.66896,17
2020-07-16 0:00:00,100575.783,6.1,80,26,28.6134,16
2020-07-17 0:00:00,98205.31,6.1,75,26,30.0024,16
2020-07-18 0:00:00,100914.422,4.7,74.9,18,30.11352,20
2020-07-19 0:00:00,100575.783,5,78.5,29,29.94684,13
2020-07-20 0:00:00,100575.783,3.4,81.9,28,28.94676,21
2020-07-21 0:00:00,100914.422,4.4,85.2,26,28.00224,20
2020-07-22 0:00:00,100914.422,1,78,21,28.3356,24
2020-07-23 0:00:00,100812.8303,1,78,25,29.89128,18
2020-07-24 0:00:00,100880.5581,11,85,26,28.55784,20
2020-07-25 0:00:00,100745.1025,1,84,22,28.39116,19
2020-07-26 0:00:00,100778.9664,1,80,15,29.61348,18
2020-07-27 0:00:00,100643.5108,2,73,18,31.00248,14
2020-07-28 0:00:00,100812.8303,2,79,23,29.50236,15
2020-07-29 0:00:00,100880.5581,10,74,20,30.0024,17
2020-07-30 0:00:00,100846.6942,5,69,18,30.66912,16
2020-07-31 0:00:00,100575.783,5,72,17,29.33568,14
2020-08-01 0:00:00,100237.144,12.3,65.6,14,30.39132,14
2020-08-02 0:00:00,100237.144,12,71.6,17,29.05788,13
2020-08-03 0:00:00,100237.144,10,75.1,19,29.05788,13
2020-08-04 0:00:00,100237.144,9.2,81.3,21,28.50228,15
2020-08-05 0:00:00,100575.783,6.2,78.8,27,28.78008,18
2020-08-06 0:00:00,100575.783,7.2,69.5,28,30.0024,19
2020-08-07 0:00:00,100575.783,6.4,81.1,25,28.00224,20
2020-08-08 0:00:00,100575.783,6,84.4,19,28.0578,15
2020-08-09 0:00:00,100575.783,7.3,77.1,18,30.2802,12
2020-08-10 0:00:00,100575.783,9.2,71.4,25,30.22464,14
2020-08-11 0:00:00,100575.783,7.8,70.3,17,29.94684,15
2020-08-12 0:00:00,100914.422,7.8,77.8,21,29.28012,13
2020-08-13 0:00:00,100575.783,5.5,84.8,25,27.94668,18
2020-08-14 0:00:00,100914.422,5.8,90.4,31,26.391,20
2020-08-15 0:00:00,100914.422,6.2,85.3,28,27.11328,21
2020-08-16 0:00:00,100914.422,4.2,78.5,32,29.33568,18
2020-08-17 0:00:00,100575.783,4.9,78.5,40,29.11344,22
2020-08-18 0:00:00,100575.783,7.4,67.8,32,30.11352,23
2020-08-19 0:00:00,100575.783,6.5,69.5,38,29.89128,20
2020-08-20 0:00:00,100575.783,5.3,74.4,29,29.55792,27
2020-08-21 0:00:00,100914.422,7.8,75.9,23,29.28012,21
2020-08-22 0:00:00,100914.422,8.5,77.7,23,28.94676,18
2020-08-23 0:00:00,100914.422,5.8,82.7,27,28.16892,17
2020-08-24 0:00:00,100914.422,7.7,66.8,28,30.2802,19
2020-08-25 0:00:00,100914.422,7.6,64.2,26,31.00248,20
2020-08-26 0:00:00,100575.783,8.8,60.4,26,31.55808,19
2020-08-27 0:00:00,100575.783,11.3,61.4,28,30.72468,18
2020-08-28 0:00:00,100575.783,9.7,75.4,27,28.72452,21
2020-08-29 0:00:00,100575.783,4.5,69.6,31,29.94684,20
2020-08-30 0:00:00,100575.783,6.2,77.9,23,29.89128,24
2020-08-31 0:00:00,100575.783,6.3,76.1,24,30.33576,18
2020-09-01 0:00:00,100778.9664,1,77,36,29.94684,19
2020-09-02 0:00:00,100914.422,8,78,29,29.55792,27
2020-09-03 0:00:00,100880.5581,1,77,26,30.33576,22
2020-09-04 0:00:00,100778.9664,2,77,24,30.50244,19
2020-09-05 0:00:00,100745.1025,5,84,17,29.66904,17
2020-09-06 0:00:00,100812.8303,4,79.33333333,16,30.26168,15
2020-09-07 0:00:00,100880.5581,3,74.66666667,22,30.85432,15
2020-09-08 0:00:00,100948.2859,2,70,29,31.44696,18
2020-09-09 0:00:00,100880.5581,1,80,26,30.05796,23
2020-09-10 0:00:00,100677.3747,8,79,19,29.89128,19
2020-09-11 0:00:00,100846.6942,3,77,20,30.22464,16
2020-09-12 0:00:00,100948.2859,1,76,18,30.558,15
2020-09-13 0:00:00,101016.0137,1,81,17,29.78016,13
2020-09-14 0:00:00,100880.5581,1,83,24,29.55792,17
2020-09-15 0:00:00,100846.6942,10,85,26,28.39116,17
2020-09-16 0:00:00,100778.9664,2,79,28,29.7246,14
2020-09-17 0:00:00,100609.6469,3,74,24,30.558,12
2020-09-18 0:00:00,100338.7357,2,80,16,28.78008,14
2020-09-19 0:00:00,100440.3274,5,88,16,27.11328,10
2020-09-20 0:00:00,100914.422,2,87,31,27.44664,8
2020-09-21 0:00:00,100914.422,1,82,39,29.22456,17
2020-09-22 0:00:00,101016.0137,1,81,42,29.55792,24
2020-09-23 0:00:00,100880.5581,5,81,21,30.22464,29
2020-09-24 0:00:00,101083.7415,5,76,32,29.33568,14
2020-09-25 0:00:00,101016.0137,3,73,33,30.16908,15
2020-09-26 0:00:00,100914.422,4,70,20,30.78024,13
2020-09-27 0:00:00,100778.9664,3,73,27,30.11352,10
2020-09-28 0:00:00,100643.5108,4,88,18,27.00216,16
2020-09-29 0:00:00,100711.2386,1,86,25,27.83556,12
2020-09-30 0:00:00,100745.1025,5,77,26,29.33568,18
2020-10-01 0:00:00,100677.3747,4,74,21,29.83572,15
2020-10-02 0:00:00,100745.1025,7,80,25,28.94676,15
2020-10-03 0:00:00,100846.6942,2,89,18,27.39108,18
2020-10-04 0:00:00,100880.5581,2,85,23,28.16892,14
2020-10-05 0:00:00,100914.422,1,78,26,29.39124,18
2020-10-06 0:00:00,100880.5581,4,84,28,28.11336,23
2020-10-07 0:00:00,100812.8303,1,77,20,29.78016,19
2020-10-08 0:00:00,100711.2386,2,86,20,26.22432,17
2020-10-09 0:00:00,100745.1025,0,92,26,25.39092,15
2020-10-10 0:00:00,100745.1025,0,90,27,25.16868,18
2020-10-11 0:00:00,100677.3747,0,90,42,25.72428,20
2020-10-12 0:00:00,100643.5108,0,82,31,27.44664,29
2020-10-13 0:00:00,100745.1025,1,85,32,27.33552,21
2020-10-14 0:00:00,100609.6469,2,76,55,29.55792,23
2020-10-15 0:00:00,100575.783,1,90,26,26.72436,18
2020-10-16 0:00:00,100575.783,1,95,20,24.83532,17
2020-10-17 0:00:00,100812.8303,0,93,19,23.66856,12
2020-10-18 0:00:00,100914.422,0,88,34,25.39092,12
2020-10-19 0:00:00,101016.0137,0,84,41,26.33544,21
2020-10-20 0:00:00,101083.7415,1,81,31,26.89104,19
2020-10-21 0:00:00,101049.8776,1,75,28,28.22448,18
2020-10-22 0:00:00,101016.0137,2,69,38,28.50228,22
2020-10-23 0:00:00,101049.8776,1,59,59,28.94676,27
2020-10-24 0:00:00,101083.7415,1,62,64,29.33568,31
2020-10-25 0:00:00,100982.1498,1,66,59,29.50236,42
2020-10-26 0:00:00,100914.422,0,76,42,27.94668,47
2020-10-27 0:00:00,100914.422,0,78,46,28.22448,32
2020-10-28 0:00:00,100846.6942,1,81,33,27.05772,29
2020-10-29 0:00:00,101016.0137,0,80,25,28.39116,21
2020-10-30 0:00:00,101151.4693,10,86,29,27.83556,19
2020-10-31 0:00:00,101185.3332,3.5,85,32,27.94668,21
2020-11-01 0:00:00,101185.3332,1,83,42,28.00224,18
2020-11-02 0:00:00,101219.1971,0,72,38,30.22464,23
2020-11-03 0:00:00,101253.061,4,64,42,30.61356,22
2020-11-04 0:00:00,101320.7888,4,70,39,29.33568,30
2020-11-05 0:00:00,101219.1971,1,70,49,29.22456,27
2020-11-06 0:00:00,101286.9249,2,68,34,29.4468,27
2020-11-07 0:00:00,101286.9249,1,75,49,27.66888,20
2020-11-08 0:00:00,101388.5166,4,73,49,27.94668,38
2020-11-09 0:00:00,101253.061,3,64,53,28.55784,32
2020-11-10 0:00:00,101185.3332,1,60,52,28.50228,34
2020-11-11 0:00:00,101422.3805,4,66,42,26.1132,32
2020-11-12 0:00:00,101354.6527,1,78,53,24.94644,28
2020-11-13 0:00:00,101253.061,0,60,62,28.11336,35
2020-11-14 0:00:00,101151.4693,0,57,65,25.89096,40
2020-11-15 0:00:00,101253.061,3.4,53.8,37,27.78,48
2020-11-16 0:00:00,101253.061,6,65.6,47,28.44672,25
2020-11-17 0:00:00,100914.422,3.8,66.8,50,29.66904,31
2020-11-18 0:00:00,100914.422,3.4,66.7,57,30.22464,32
2020-11-19 0:00:00,100914.422,4,63.8,53,31.1136,42
2020-11-20 0:00:00,100914.422,4.6,66.9,43,30.78024,38
2020-11-21 0:00:00,101253.061,4,79.8,35,28.6134,29
2020-11-22 0:00:00,100914.422,4.1,84,49,28.0578,29
2020-11-23 0:00:00,101253.061,6,80,36,28.78008,36
2020-11-24 0:00:00,101253.061,2,68,39,29.94684,20
2020-11-25 0:00:00,101219.1971,1,67,37,30.11352,20
2020-11-26 0:00:00,101286.9249,2,65,30,30.22464,18
2020-11-27 0:00:00,101354.6527,1,66,40,29.22456,16
2020-11-28 0:00:00,101354.6527,1,62,35,29.28012,21
2020-11-29 0:00:00,101320.7888,1,65,27,28.39116,21
2020-11-30 0:00:00,101388.5166,1,63,37,28.44672,17
2020-12-01 0:00:00,101456.2444,1,64,33,28.00224,20
2020-12-02 0:00:00,101253.061,1,67,32,28.3356,20
2020-12-03 0:00:00,101286.9249,5,66,39,28.16892,20
2020-12-04 0:00:00,101388.5166,1,60,42,26.83548,25
2020-12-05 0:00:00,101523.9722,0,60,51,25.5576,26
2020-12-06 0:00:00,101490.1083,1,61,56,26.1132,31
2020-12-07 0:00:00,101456.2444,1,61,54,27.2244,35
2020-12-08 0:00:00,101422.3805,0,63,53,27.94668,33
2020-12-09 0:00:00,101320.7888,1,60,64,27.5022,36
2020-12-10 0:00:00,101219.1971,0,60,71,27.27996,48
2020-12-11 0:00:00,101219.1971,1,62,65,28.22448,52
2020-12-12 0:00:00,101117.6054,1,65,70,29.61348,53
2020-12-13 0:00:00,100948.2859,0,71,71,29.39124,50
2020-12-14 0:00:00,101049.8776,1,82,76,28.78008,66
2020-12-15 0:00:00,101185.3332,1,73,51,29.89128,58
2020-12-16 0:00:00,101320.7888,4,76,44,29.05788,39
2020-12-17 0:00:00,101253.061,0,67,50,29.11344,25
2020-12-18 0:00:00,101253.061,1,64,43,29.05788,28
2020-12-19 0:00:00,101320.7888,1,63,42,27.78,23
2020-12-20 0:00:00,101523.9722,1,63,47,25.61316,25
2020-12-21 0:00:00,101591.7,1,59,60,23.8908,28
2020-12-22 0:00:00,101456.2444,2,59,64,24.22416,39
2020-12-23 0:00:00,101219.1971,2,68,63,22.16844,48
2020-12-24 0:00:00,100880.5581,1,58,57,29.83572,45
2020-12-25 0:00:00,101151.4693,2,69,55,27.72444,37
2020-12-26 0:00:00,101185.3332,1,69,51,28.83564,34
2020-12-27 0:00:00,101151.4693,1,73,42,29.33568,35
2020-12-28 0:00:00,101016.0137,0,80,55,28.3356,25
2020-12-29 0:00:00,101016.0137,0,74,51,29.78016,31
2020-12-30 0:00:00,101117.6054,5,65,38,29.22456,29
2020-12-31 0:00:00,101490.1083,3,61,42,25.33536,21
2021-01-01 0:00:00,101591.67,6.3,58.9,46,24,25
2021-01-02 0:00:00,101253.0311,7,54.9,46,25,28
2021-01-03 0:00:00,101253.0311,5.2,53.6,65,26,41
2021-01-04 0:00:00,101253.0311,5.7,60.1,82,28,44
2021-01-05 0:00:00,101253.0311,4.2,59.3,79,28,42
2021-01-06 0:00:00,100914.3922,4.3,60,86,30,45
2021-01-07 0:00:00,100914.3922,4.5,61.7,77,30,38
2021-01-08 0:00:00,100914.3922,9.1,64.2,63,29,30
2021-01-09 0:00:00,101253.0311,7.8,62,57,27,25
2021-01-10 0:00:00,101253.0311,5.5,58.7,64,27,33
2021-01-11 0:00:00,101253.0311,6.8,60.3,71,27,37
2021-01-12 0:00:00,101591.67,8.1,50.4,74,23,35
2021-01-13 0:00:00,101591.67,6.2,46.7,89,22,52
2021-01-14 0:00:00,101253.0311,4.2,52.6,121,25,73
2021-01-15 0:00:00,100914.3922,3.8,59.3,139,27,81
2021-01-16 0:00:00,100914.3922,3.4,69.7,104,27,59
2021-01-17 0:00:00,101253.0311,5.8,70.4,89,28,48
2021-01-18 0:00:00,101253.0311,7.6,57.3,72,26,36
2021-01-19 0:00:00,101253.0311,5.7,57.4,95,24,55
2021-01-20 0:00:00,101253.0311,3.1,57.1,115,26,68
2021-01-21 0:00:00,101253.0311,4,56.1,126,26,73
2021-01-22 0:00:00,100914.3922,2.8,56.9,149,27,91
2021-01-23 0:00:00,100914.3922,3.3,60.5,119,28,68
2021-01-24 0:00:00,100914.3922,5.2,67.8,44,28,29
2021-01-25 0:00:00,100914.3922,3.4,73.5,39,28,23
2021-01-26 0:00:00,100914.3922,4.6,71,63,29,32
2021-01-27 0:00:00,100914.3922,5,71,60,29,35
2021-01-28 0:00:00,101253.0311,4.7,68.7,63,30,35
2021-01-29 0:00:00,101253.0311,7.1,57.5,94,29,47
2021-01-30 0:00:00,101253.0311,5.1,57.9,96,29,49
2021-01-31 0:00:00,101253.0311,5.2,56.9,94,29,49
2021-02-01 0:00:00,101253.0311,2.7,57.1,125,30,67
2021-02-02 0:00:00,101253.0311,3.5,56,112,31,60
2021-02-03 0:00:00,101253.0311,5.2,59.3,108,31,59
2021-02-04 0:00:00,101253.0311,5.9,62,107,30,58
2021-02-05 0:00:00,101253.0311,3.2,52.5,76,30,57
2021-02-06 0:00:00,101253.0311,3.9,53.3,100,8,50
2021-02-07 0:00:00,100914.3922,4.9,62.3,98,9,55
2021-02-08 0:00:00,100914.3922,9.5,67.7,45,9,27
2021-02-09 0:00:00,100914.3922,7.2,76.3,61,28,39
2021-02-10 0:00:00,100914.3922,5.5,64,82,28,41
2021-02-11 0:00:00,101253.0311,4.3,57.3,81,29,39
2021-02-12 0:00:00,101253.0311,4.2,52.9,75,29,38
2021-02-13 0:00:00,101253.0311,4.7,68.3,51,29,31
2021-02-14 0:00:00,101253.0311,5.8,70.7,39,29,26
2021-02-15 0:00:00,100914.3922,8.2,75.9,34,29,23
2021-02-16 0:00:00,100914.3922,7,70.1,37,29,25
2021-02-17 0:00:00,101253.0311,6.6,74.3,46,28,30
2021-02-18 0:00:00,101253.0311,7.7,60.4,83,29,52
2021-02-19 0:00:00,101591.67,6.1,53.2,81,29,44
2021-02-20 0:00:00,101253.0311,6.4,52.8,96,29,47
2021-02-21 0:00:00,101253.0311,3.8,51.3,99,30,57
2021-02-22 0:00:00,101253.0311,5.4,69.1,78,28,42
2021-02-23 0:00:00,100914.3922,6.5,69.4,68,29,35
2021-02-24 0:00:00,100914.3922,7.4,67.2,67,29,36
2021-02-25 0:00:00,100914.3922,6.8,63,73,30,42
2021-02-26 0:00:00,100575.7533,6,54.4,72,31,46
2021-02-27 0:00:00,100575.7533,6.2,58.8,72,31,43
2021-02-28 0:00:00,100914.3922,7.5,71.7,75,29,39
2021-03-01 0:00:00,101253.0311,7.9,68.5,44,29,22
2021-03-02 0:00:00,101253.0311,6.9,67.6,29,30,14
2021-03-03 0:00:00,101253.0311,8.6,74.8,28,29,12
2021-03-04 0:00:00,101253.0311,6.5,73.2,53,30,19
2021-03-05 0:00:00,101253.0311,7.5,68.8,46,30,16
2021-03-06 0:00:00,101253.0311,6.7,68.3,49,30,18
2021-03-07 0:00:00,101253.0311,7.3,70.8,43,30,17
2021-03-08 0:00:00,101253.0311,6.5,74.9,52,30,22
2021-03-09 0:00:00,101253.0311,5.4,72.6,50,29,21
2021-03-10 0:00:00,101253.0311,5,71.7,59,29,28
2021-03-11 0:00:00,101253.0311,5,68.6,73,30,36
2021-03-12 0:00:00,101253.0311,6,69.2,68,30,30
2021-03-13 0:00:00,101253.0311,6.9,70.7,65,30,25
2021-03-14 0:00:00,100914.3922,6.3,73.3,59,29,23
2021-03-15 0:00:00,100914.3922,7.8,71.5,54,30,22
2021-03-16 0:00:00,100914.3922,7.9,70.2,63,30,24
2021-03-17 0:00:00,100914.3922,8.3,71.5,71,30,27
2021-03-18 0:00:00,100914.3922,7.4,69.3,77,30,34
2021-03-19 0:00:00,100914.3922,9,69.9,71,30,30
2021-03-20 0:00:00,100575.7533,9,68.6,69,30,30
2021-03-21 0:00:00,100575.7533,8.1,69.3,54,30,22
2021-03-22 0:00:00,101253.0311,7.3,72.4,100,29,53
2021-03-23 0:00:00,101253.0311,4.8,56.9,90,31,45
2021-03-24 0:00:00,100914.3922,4.8,53.7,90,32,48
2021-03-25 0:00:00,100914.3922,7.8,66.3,73,31,35
2021-03-26 0:00:00,100914.3922,9.2,70.2,41,30,17
2021-03-27 0:00:00,100914.3922,8.3,68.8,47,30,13
2021-03-28 0:00:00,100575.7533,9.5,65.8,50,31,16
2021-03-29 0:00:00,100575.7533,9.8,67.5,22,31,16
2021-03-30 0:00:00,100575.7533,8.7,67.4,13,29,18
2021-03-31 0:00:00,100237.1144,8.9,64.8,35,30.2904,23
2021-04-01 0:00:00,100575.7533,8.4,67.2,31,31.5808,19
2021-04-02 0:00:00,100575.7533,9.3,65.6,19,32.0812,7
2021-04-03 0:00:00,100575.7533,8.5,70,36.33333333,31.3028,13
2021-04-04 0:00:00,100914.3922,6.6,82.4,53.66666667,28.2448,16
2021-04-05 0:00:00,100914.3922,4.9,83.8,71,27.0216,33
2021-04-06 0:00:00,100914.3922,4.3,83.2,62,27.9668,28
2021-04-07 0:00:00,101253.0311,6.8,79.8,67,28.356,32
2021-04-08 0:00:00,100914.3922,4.6,72.1,65,29.8016,30
2021-04-09 0:00:00,100914.3922,6.5,74.7,48,29.3012,21
2021-04-10 0:00:00,100914.3922,4.5,75.4,56,29.1344,28
2021-04-11 0:00:00,101253.0311,3.8,82,51,27.9668,29
2021-04-12 0:00:00,101253.0311,4.7,82,59,28.5784,27
2021-04-13 0:00:00,100914.3922,5.4,75.7,42,30.1352,19
2021-04-14 0:00:00,100914.3922,6.2,74,27,29.9684,13
2021-04-15 0:00:00,100914.3922,5.1,76.2,39,29.5792,21
2021-04-16 0:00:00,100914.3922,6.2,73.2,25,30.4132,15
2021-04-17 0:00:00,100914.3922,3.5,76.4,26,29.468,15
2021-04-18 0:00:00,100914.3922,4.9,79.5,33,28.5228,16
2021-04-19 0:00:00,100914.3922,5.1,81.2,32,28.1336,14
2021-04-20 0:00:00,100914.3922,4.2,77.9,30,29.468,17
2021-04-21 0:00:00,100914.3922,4.1,76.8,27,29.6348,14
2021-04-22 0:00:00,100914.3922,5.2,71.3,42,31.0248,22
2021-04-23 0:00:00,100575.7533,7.8,68.8,38,31.5252,20
2021-04-24 0:00:00,100575.7533,5.8,72.3,44,30.6912,21
2021-04-25 0:00:00,100914.3922,7.9,71.1,42,31.1916,23
2021-04-26 0:00:00,100914.3922,4.5,76.6,49,29.3568,25
2021-04-27 0:00:00,100914.3922,2.9,89.5,54,27.3552,25
2021-04-28 0:00:00,100914.3922,3.9,85.5,65,31,31
2021-04-29 0:00:00,100914.3922,5.1,88.2,46,28,22
2021-04-30 0:00:00,100914.3922,4,84.7,46,29,23
2021-05-01 0:00:00,100914.3922,3.2,82.5,28,28,16
2021-05-02 0:00:00,100914.3922,3.5,82.7,50,30,24
2021-05-03 0:00:00,100914.3922,3.2,80.3,51,30,34
2021-05-04 0:00:00,100914.3922,3.6,73.6,48,31,25
2021-05-05 0:00:00,100914.3922,3.6,66.3,58,31,28
2021-05-06 0:00:00,101253.0311,6,80.2,47,28,22
2021-05-07 0:00:00,101253.0311,6,76.2,44,29,21
2021-05-08 0:00:00,100914.3922,4.5,76.3,48,30,25
2021-05-09 0:00:00,100914.3922,4.9,80.3,40,30,23
2021-05-10 0:00:00,100914.3922,6.2,71.7,31,31,15
2021-05-11 0:00:00,100575.7533,5.3,78.1,36,31,16
2021-05-12 0:00:00,100575.7533,5.3,75.5,29,32,12
2021-05-13 0:00:00,100575.7533,6,70.5,19,32,9
2021-05-14 0:00:00,100575.7533,6.1,67.3,17,32,9
2021-05-15 0:00:00,100575.7533,6.8,74.4,27,32,12
2021-05-16 0:00:00,100575.7533,6.2,75.3,13,32,8
2021-05-17 0:00:00,100575.7533,4.4,67.5,18,32,11
2021-05-18 0:00:00,100575.7533,6.8,73.4,14,32,8
2021-05-19 0:00:00,100575.7533,6.9,74.5,23,31,17
2021-05-20 0:00:00,100575.7533,6.4,73.3,35,30,14
2021-05-21 0:00:00,100575.7533,7.4,67.6,23,31,10
2021-05-22 0:00:00,100575.7533,9.5,64.9,17,31,10
2021-05-23 0:00:00,100575.7533,10,61.6,14,32,7
2021-05-24 0:00:00,100575.7533,9.8,62.7,22,32,10
2021-05-25 0:00:00,100575.7533,8.3,63.4,30,31,12
2021-05-26 0:00:00,100575.7533,7.9,63.8,27,31,14
2021-05-27 0:00:00,100575.7533,7.7,66.5,31,31,16
2021-05-28 0:00:00,100914.3922,6.4,83.9,35,29,15
2021-05-29 0:00:00,100914.3922,7.3,80.5,23,29,10
2021-05-30 0:00:00,100575.7533,7.2,76.1,20,30,7
2021-05-31 0:00:00,100575.7533,6.8,64.9,25,31,9
2021-06-01 0:00:00,100575.7533,7.1,64.4,22,32,10
2021-06-02 0:00:00,100575.7533,7.2,64.1,30,32,12
2021-06-03 0:00:00,100575.7533,6.9,67.5,29,32,10
2021-06-04 0:00:00,100575.7533,8,65.2,28,32,11
2021-06-05 0:00:00,100575.7533,11.7,60.1,27,32,11
2021-06-06 0:00:00,100575.7533,12.5,57.6,26,32,10
2021-06-07 0:00:00,100575.7533,12.4,58.7,25,32,9
2021-06-08 0:00:00,100575.7533,10.3,65.6,24,30,10
2021-06-09 0:00:00,100575.7533,7.1,76.2,32,29,8
2021-06-10 0:00:00,100575.7533,9.1,69.1,59,30,11
2021-06-11 0:00:00,100575.7533,9.2,65.8,41,30,15
2021-06-12 0:00:00,100575.7533,7.4,63.2,57,30,17
2021-06-13 0:00:00,100575.7533,6,74.7,44,29,15
2021-06-14 0:00:00,100575.7533,5.8,77.3,33,30,9
2021-06-15 0:00:00,100575.7533,7.3,72.5,27,29,10
2021-06-16 0:00:00,100914.3922,6.1,73.9,27,30,10
2021-06-17 0:00:00,100914.3922,6.6,72.7,28,31,13
2021-06-18 0:00:00,100914.3922,7,67.1,30,31,12
2021-06-19 0:00:00,100914.3922,8.8,62.8,41,31,12
2021-06-20 0:00:00,100914.3922,9.4,67,66,30,14
2021-06-21 0:00:00,100575.7533,11.2,62.4,63,31,19
2021-06-22 0:00:00,100575.7533,9.2,62.3,61,31,22
2021-06-23 0:00:00,100914.3922,10,64.2,38,30,16
2021-06-24 0:00:00,100575.7533,11.3,62.2,28,30,11
2021-06-25 0:00:00,100575.7533,9.5,61.9,37,31,15
2021-06-26 0:00:00,100575.7533,6.6,73.7,34,30,11
2021-06-27 0:00:00,100914.3922,8.6,66.5,26,31,8
2021-06-28 0:00:00,100914.3922,5.5,70.6,31,29,16
2021-06-29 0:00:00,100575.7533,6.1,75.7,39,30,19
2021-06-30 0:00:00,100575.7533,6.4,76.6,27,31,12
2021-07-01 0:00:00,100575.7533,8.3,63.2,20,31,9
2021-07-02 0:00:00,100914.3922,5,71.1,74,29,25
2021-07-03 0:00:00,100575.7533,9.4,60,106,31,23
2021-07-04 0:00:00,100575.7533,8.9,58.9,41,32,9
2021-07-05 0:00:00,100575.7533,9.3,60.4,46,32,12
2021-07-06 0:00:00,100237.1144,9.3,65.7,35,31,10
2021-07-07 0:00:00,100575.7533,8.8,65.9,22,30,11
2021-07-08 0:00:00,100575.7533,7.8,71.2,21,30,7
2021-07-09 0:00:00,100575.7533,5.3,89.4,24,29,14
2021-07-10 0:00:00,100430.14,4.31,75.12,19,29,9
2021-07-11 0:00:00,100635.615,4.628333333,70.885,17,30,7
2021-07-12 0:00:00,100727.5483,3.931666667,64.1,16,31,6
2021-07-13 0:00:00,100668.7191,4.034545455,64.30409091,19,31,7
2021-07-14 0:00:00,100593.66,4.214166667,66.195,27,31,12
2021-07-15 0:00:00,100724.3879,5.032083333,71.12375,27,29,14
2021-07-16 0:00:00,100785.6338,4.5875,65.7275,21,30,10
2021-07-17 0:00:00,100636.765,6.36375,67.48541667,22,30,11
2021-07-18 0:00:00,100520.11,6.434583333,61.66208333,19,30,7
2021-07-19 0:00:00,100580.2479,7.677083333,64.35416667,16,30,5
2021-07-20 0:00:00,100619.6219,6.241153846,66.81615385,14,30,4
2021-07-21 0:00:00,100599.6,6.198888889,70.24,16,29,5
2021-07-22 0:00:00,100605.4567,5.2475,68.4175,20,30,7
2021-07-23 0:00:00,100614.3257,4.435217391,68.2173913,24,30,10
2021-07-24 0:00:00,100578.5671,4.973333333,70.72208333,22,29,8
2021-07-25 0:00:00,100593.5479,5.385416667,73.96833333,22,28,9
2021-07-26 0:00:00,100502.9824,5.9036,68.2624,19,29,8
2021-07-27 0:00:00,100399.3092,5.5352,68.8052,20,30,8
2021-07-28 0:00:00,100411.0833,4.507916667,66.34958333,17,30,5
2021-07-29 0:00:00,100543.1868,5.6,65.78272727,18,30,7
2021-07-30 0:00:00,100647.7967,6.203333333,64.79666667,22,31,9
2021-07-31 0:00:00,100666.2342,6.4925,64.8475,24,31,10
2021-08-01 0:00:00,100531.3642,5.95,63.60625,23,31,11
2021-08-02 0:00:00,100570.7817,6.231666667,61.09041667,21,31,9
2021-08-03 0:00:00,100641.8452,6.715652174,63.39826087,26,30,11
2021-08-04 0:00:00,100655.825,5.41,65.665,20,30,8
2021-08-05 0:00:00,100621.9521,5.5625,67.45166667,23,30,9
2021-08-06 0:00:00,100656.61,5.092916667,69.32125,23,30,10
2021-08-07 0:00:00,100771.5067,5.299583333,63.58208333,22,31,10
2021-08-08 0:00:00,100722.9508,5.77375,64.97791667,22,32,10
2021-08-09 0:00:00,100554.1346,5.258333333,60.95625,26,32,11
2021-08-10 0:00:00,100441.2221,5.66125,62.1475,23,32,10
2021-08-11 0:00:00,100597.0121,6.33125,64.28958333,22,31,7
2021-08-12 0:00:00,100834.1429,6.228333333,67.9275,17,31,6
2021-08-13 0:00:00,100703.3742,5.36875,66.39,17,31,4
2021-08-14 0:00:00,100639.0108,6.245416667,68.89208333,18,30,6
2021-08-15 0:00:00,100851.9314,5.076206897,74.74517241,18,28,6
2021-08-16 0:00:00,101042.8529,4.2325,65.93375,15,30,4
2021-08-17 0:00:00,100955.9933,3.6675,63.40875,21,31,7
2021-08-18 0:00:00,100731.3283,4.262083333,52.53708333,24,32,11
2021-08-19 0:00:00,100646.0854,4.72,55.60166667,23,32,9
2021-08-20 0:00:00,100727.9329,3.892083333,58.50125,24,32,11
2021-08-21 0:00:00,100775.4396,4.4775,60.10916667,27,32,13
2021-08-22 0:00:00,100690.7279,6.22875,62.47541667,22,32,10
2021-08-23 0:00:00,100598.4821,6.212083333,61.44791667,23,32,9
2021-08-24 0:00:00,100532.1013,7.310434783,63.51,18,31,6
2021-08-25 0:00:00,100485.8625,7.253333333,67.925,20,30,6
2021-08-26 0:00:00,100563.8463,5.735,72.93666667,18,29,6
2021-08-27 0:00:00,100592.3333,3.866666667,72.07,17,29,6
2021-08-28 0:00:00,100638.4378,5.138518519,67.49814815,18,29,8
2021-08-29 0:00:00,100670.0088,4.12625,68.32583333,15,29,5
2021-08-30 0:00:00,100731.1408,3.972916667,66.60166667,16,30,6
2021-08-31 0:00:00,100787.0588,4.59625,71.45541667,24,30,11
2021-09-01 0:00:00,100746.6908,3.855416667,70.68916667,29,30,12
2021-09-02 0:00:00,100668.8058,5.872916667,66.28875,26,30,12
2021-09-03 0:00:00,100650.4688,6.180416667,66.71666667,19,30,7
2021-09-04 0:00:00,100743.5938,5.445769231,62.35384615,18,30,6
2021-09-05 0:00:00,100835.5875,3.209583333,72.42333333,19,27,7
2021-09-06 0:00:00,100848.1071,5.156666667,63.53458333,20,30,9
2021-09-07 0:00:00,100763.9616,4.726,69.6336,21,29,10
2021-09-08 0:00:00,100546.6679,5.322083333,76.51458333,21,29,10
2021-09-09 0:00:00,100541.3479,4.978333333,74.8925,19,29,8
2021-09-10 0:00:00,100650.4767,5.155833333,73.82291667,19,29,7
2021-09-11 0:00:00,100797.4142,4.44875,78.79375,19,27,9
2021-09-12 0:00:00,100572.1654,5.46625,66.96166667,17,29,7
2021-09-13 0:00:00,100591.9137,5.995416667,62.94625,17,30,7
2021-09-14 0:00:00,100708.1642,4.817083333,69.10291667,23,30,10
2021-09-15 0:00:00,100722.3133,4.72125,79.68916667,21,28,10
2021-09-16 0:00:00,100803.9983,4.204583333,71.53166667,18,29,7
2021-09-17 0:00:00,100811.625,3.9725,66.30583333,16,30,5
2021-09-18 0:00:00,100795.4867,3.561666667,67.05333333,23,30,10
2021-09-19 0:00:00,100796.0604,5.524347826,68.96,25,30,12
2021-09-20 0:00:00,100703.1017,4.344583333,71.74458333,22,29,10
2021-09-21 0:00:00,100591.25,4.387916667,78.28,20,28,9
2021-09-22 0:00:00,100609.3522,5.355555556,71.92222222,17,29,7
2021-09-23 0:00:00,100754.6842,5.884583333,72.63791667,17,29,7
2021-09-24 0:00:00,100776.3067,4.56,71.77666667,18,29,8
2021-09-25 0:00:00,100620.7163,5.05375,78.71083333,18,28,8
2021-09-26 0:00:00,100680.8342,3.94375,81.53083333,18,27,7
2021-09-27 0:00:00,100776.6742,2.498333333,77.4375,16,28,7
2021-09-28 0:00:00,100799.8183,3.546666667,69.95666667,20,30,9
2021-09-29 0:00:00,100716.8026,3.366521739,68.19782609,31,30,18
2021-09-30 0:00:00,100725.6112,4.085,66.79458333,38,31,24
2021-10-01 0:00:00,100784.8281,4.662962963,66.64185185,26,31,13
2021-10-02 0:00:00,100823.8404,5.83625,66.91,20,31,10
2021-10-03 0:00:00,100730.4433,3.50875,62.12833333,24,31,12
2021-10-04 0:00:00,100692.0167,3.695,61.28166667,25,31,12
2021-10-05 0:00:00,100636.1279,4.37875,62.10458333,29,30,17
2021-10-06 0:00:00,100480.195,3.8475,69.88333333,23,30,12
2021-10-07 0:00:00,100455.7584,4.314,72.4676,23,30,12
2021-10-08 0:00:00,100466.87,4.641666667,67.87833333,40,30,23
2021-10-09 0:00:00,100464.2729,4.526666667,70.42125,27,30,15
2021-10-10 0:00:00,100450.7404,4.702083333,65.83041667,22,31,11
2021-10-11 0:00:00,100402.9892,4.627083333,70.58875,17,30,6
2021-10-12 0:00:00,100414.2687,5.113333333,72.92125,20,30,7
2021-10-13 0:00:00,100381.9543,5.156071429,71.93285714,17,30,6
2021-10-14 0:00:00,100327.2992,4.948333333,70.53,20,30,7
2021-10-15 0:00:00,100470.94,6.158333333,72.63125,18,29,9
2021-10-16 0:00:00,100771.6792,4.355833333,72.595,22,29,11
2021-10-17 0:00:00,101059.6876,4.8428,83.9572,18,25,8
2021-10-18 0:00:00,101022.3733,4.794166667,76.61916667,16,25,7
2021-10-19 0:00:00,101188.2063,2.035833333,72.10958333,23,27,11
2021-10-20 0:00:00,101158.4679,2.511666667,68.77916667,29,29,17
2021-10-21 0:00:00,101056.1096,3.303333333,68.71166667,34,30,22
2021-10-22 0:00:00,101109.7963,3.93625,69.23166667,31,30,17
2021-10-23 0:00:00,101237.54,4.708333333,69.87166667,25,29,13
2021-10-24 0:00:00,101177.8546,4.4075,62.50291667,20,29,9
2021-10-25 0:00:00,101058.45,3.870666667,61.46266667,24,29,11