PM2.5(t-7),temperature(t-7),dewpoint(t-7),humidity(t-7),wind_speed(t-7),pressure(t-7),PM10(t-7),PM2.5(t)
0.223684211,0.866860761,0.767398739,0.342021743,0.52099619,0.442609858,0.520547945,0.092105263
0.184210526,0.875965729,0.826118746,0.428699044,0.589574803,0.387092371,0.493150685,0.026315789
0.144736842,0.931143354,0.86769896,0.422743171,0.703321527,0.200847528,0.424657534,0.039473684
0.065789474,0.836148475,0.842492603,0.480557162,0.615562819,0.174276375,0.219178082,0.052631579
0.105263158,0.814024964,0.878899898,0.56929057,0.49331884,0.273027309,0.301369863,0.052631579
0.157894737,0.726278855,0.894650984,0.693569567,0.348540306,0.320802287,0.356164384,0.065789474
0.092105263,0.746690052,0.890414972,0.661830938,0.449991669,0.302879915,0.342465753,0.026315789
0.092105263,0.71252398,0.884612219,0.685161586,0.42394869,0.315993819,0.301369863,0.105263158
0.026315789,0.799543897,0.829838641,0.495324043,0.662172979,0.260119448,0.178082192,0.065789474
0.039473684,0.740855298,0.833271879,0.56414377,0.601671677,0.20253869,0.178082192,0.078947368
0.052631579,0.808750614,0.825937545,0.47550318,0.61564265,0.226998171,0.191780822,0.092105263
0.052631579,0.824599731,0.812103077,0.441100174,0.661934529,0.282228964,0.205479452,0.065789474
0.065789474,0.829562276,0.851607715,0.494945386,0.54229504,0.282255867,0.232876712,0.078947368
0.026315789,0.766916772,0.859431871,0.596025419,0.408211258,0.304821338,0.136986301,0.065789474
0.105263158,0.720744564,0.912523779,0.721541563,0.304675193,0.300333148,0.246575342,0.052631579
0.065789474,0.682517986,0.899261945,0.738089667,0.350138877,0.289531265,0.205479452,0
0.078947368,0.684709324,0.885267682,0.714156208,0.306452745,0.317995672,0.287671233,0.065789474
0.092105263,0.775744925,0.870416763,0.581246229,0.374611594,0.280726761,0.287671233,0.026315789
0.065789474,0.702537733,0.849620406,0.634080582,0.475485661,0.282561677,0.287671233,0.092105263
0.078947368,0.652159497,0.872831029,0.73547207,0.355194469,0.344639863,0.328767123,0.118421053
0.065789474,0.703870241,0.895409608,0.713657957,0.475530995,0.376266491,0.273972603,0.118421053
0.052631579,0.730266851,0.847679181,0.607176838,0.445702563,0.350698821,0.150684932,0.078947368
0,0.668834371,0.861728994,0.694300798,0.372511482,0.36964571,0.287671233,0.092105263
0.065789474,0.69246485,0.886786872,0.710089662,0.321012357,0.402081458,0.123287671,0.131578947
0.026315789,0.811839976,0.901648066,0.598901356,0.37191319,0.422731886,0.287671233,0.092105263
0.092105263,0.701385651,0.890038974,0.70661899,0.263681314,0.389785913,0.301369863,0.078947368
0.118421053,0.745392471,0.873808939,0.621165703,0.394915612,0.312200804,0.260273973,0.078947368
0.118421053,0.600540392,0.870288696,0.784912008,0.298311661,0.366497434,0.287671233,0.078947368
0.078947368,0.688890759,0.884358881,0.712223837,0.441189587,0.346171991,0.273972603,0.105263158
0.092105263,0.73230598,0.856051459,0.602710759,0.43184975,0.302236861,0.301369863,0.105263158
0.131578947,0.76332066,0.813663321,0.508197829,0.582173352,0.265329483,0.232876712,0.039473684
0.092105263,0.76983195,0.825440286,0.516468797,0.784705366,0.157467248,0.246575342,0.092105263
0.078947368,0.699550873,0.854750285,0.63839719,0.666006801,0.161583853,0.273972603,0.092105263
0.078947368,0.745951894,0.882919276,0.633575535,0.464968331,0.360149343,0.178082192,0.065789474
0.078947368,0.642618247,0.892620837,0.77380564,0.401532345,0.388690507,0.232876712,0.052631579
0.105263158,0.602755726,0.857604612,0.762930411,0.531274248,0.309057932,0.232876712,0.092105263
0.105263158,0.710626361,0.808504377,0.550966275,0.411915977,0.331945366,0.191780822,0.065789474
0.039473684,0.738140734,0.844316524,0.58136401,0.499534368,0.379565492,0.164383562,0.105263158
0.092105263,0.775135121,0.827247381,0.528052437,0.657765305,0.352828971,0.232876712,0.144736842
0.092105263,0.690100096,0.852505751,0.654079551,0.777843104,0.289583212,0.205479452,0.144736842
0.065789474,0.752899228,0.851650858,0.576205874,0.871426753,0.148015913,0.150684932,0.184210526
0.052631579,0.655010329,0.823731408,0.634751889,1,0.107620167,0.246575342,0.144736842
0.092105263,0.719384528,0.826987994,0.575290741,0.845248269,0.153400962,0.109589041,0.171052632
0.065789474,0.683638399,0.858961668,0.669856511,0.577883587,0.265922276,0.232876712,0.118421053
0.105263158,0.76227066,0.878353495,0.606622975,0.38742144,0.265647553,0.315068493,0.092105263
0.144736842,0.839965012,0.894306501,0.557121251,0.571962422,0.204272096,0.356164384,0.105263158
0.144736842,0.858704843,0.888279387,0.525180001,0.674205443,0.239354203,0.424657534,0.092105263
0.184210526,0.852397639,0.88904297,0.536747224,0.605918186,0.296164597,0.342465753,0.092105263
0.144736842,0.831006799,0.90337267,0.579868309,0.463882886,0.269147251,0.356164384,0.078947368
0.171052632,0.777776841,0.911389079,0.64535302,0.481113558,0.171352038,0.301369863,0.092105263
0.118421053,0.777528208,0.925162018,0.673334426,0.319019536,0.107207153,0.205479452,0.052631579
0.092105263,0.764380776,0.949151083,0.727073269,0.338488382,0.166997665,0.246575342,0.026315789
0.105263158,0.719929187,0.894655263,0.681707791,0.286279475,0.315720839,0.164383562,0.039473684
0.092105263,0.711753331,0.909207883,0.721970633,0.29736994,0.401430617,0.191780822,0.092105263
0.092105263,0.743459669,0.930498684,0.724557961,0.259783602,0.41253982,0.232876712,0.065789474
0.078947368,0.796608429,0.899431636,0.620579851,0.453786944,0.428681896,0.273972603,0.092105263
0.092105263,0.867192253,0.865765942,0.492886226,0.517318346,0.376746559,0.219178082,0.065789474
0.052631579,0.835522212,0.887174491,0.560835262,0.676271112,0.375224774,0.04109589,0.157894737
0.026315789,0.863399622,0.843663177,0.460628314,0.593015515,0.366669078,0.082191781,0.092105263
0.039473684,0.935693575,0.875577274,0.440778583,0.541466222,0.377281769,0.219178082,0.026315789
0.092105263,0.86449041,0.937697535,0.602831997,0.44850551,0.379945851,0.191780822,0.052631579
0.065789474,0.791119556,0.957418663,0.71222649,0.37505677,0.313122009,0.164383562,0.092105263
0.092105263,0.665674709,0.880856558,0.733091326,0.308379899,0.239248625,0.109589041,0.065789474
0.065789474,0.556597482,0.888045568,0.87575527,0.271872931,0.203528519,0.342465753,0.105263158
0.157894737,0.707050095,0.828629571,0.599805811,0.509391514,0.288780832,0.356164384,0.078947368
0.092105263,0.732045314,0.828621183,0.566721185,0.528429683,0.231595076,0.095890411,0.092105263
0.026315789,0.697551999,0.883859713,0.686914934,0.40775464,0.186351119,0.150684932,0.039473684
0.052631579,0.808798782,0.874294537,0.55233263,0.423154981,0.179772174,0.438356164,0.078947368
0.092105263,0.817736638,0.8603787,0.522005146,0.683020889,0.228920826,0.383561644,0.157894737
0.065789474,0.731089106,0.876134592,0.646435885,0.665287079,0.224173252,0.315068493,0.157894737
0.105263158,0.720566801,0.876944436,0.658191719,0.387228242,0.244848956,0.315068493,0.105263158
0.078947368,0.77236971,0.894062474,0.625294377,0.437704627,0.255023241,0.232876712,0.105263158
0.092105263,0.723338109,0.863229292,0.640228732,0.437112305,0.168128225,0.082191781,0.118421053
0.039473684,0.615295569,0.858274095,0.756409165,0.483241485,0.173868416,0.205479452,0.039473684
0.078947368,0.591522059,0.851257688,0.76891385,0.578978661,0.243111077,0.356164384,0.039473684
0.157894737,0.595943418,0.834864015,0.725845002,0.244238432,0.30446579,0.410958904,0.065789474
0.157894737,0.849074862,0.909303566,0.57572571,0.37405966,0.312635956,0.260273973,0.105263158
0.105263158,0.757197411,0.888846736,0.648153507,0.284345192,0.385052808,0.301369863,0.065789474
0.105263158,0.849573037,0.893681385,0.560455513,0.386152869,0.383225213,0.438356164,0.078947368
0.118421053,0.818022887,0.868221497,0.533499712,0.533036854,0.268471251,0.164383562,0.052631579
0.039473684,0.839063745,0.866969853,0.515942969,0.839968862,0.236383033,0.205479452,0.144736842
0.039473684,0.922929639,0.894916497,0.474641601,0.633746333,0.273421439,0.164383562,0.236842105
0.065789474,0.785031685,0.942296328,0.697037996,0.325413586,0.325625862,0.068493151,0.236842105
0.105263158,0.699856012,0.948809217,0.806496825,0.2190976,0.35223519,0.109589041,0.236842105
0.065789474,0.731753155,0.933654046,0.741672043,0.312077711,0.38666361,0.136986301,0.157894737
0.078947368,0.85758784,0.950387339,0.628279619,0.293214195,0.401349386,0.150684932,0.131578947
0.052631579,0.912759734,0.940674027,0.560269955,0.329774543,0.355013159,0.301369863,0.052631579
0.144736842,0.768580425,0.930376913,0.693584743,0.282036834,0.405950998,0.397260274,0
0.236842105,0.805474416,0.930516524,0.651117885,0.279762821,0.42970159,0.438356164,0.092105263
0.236842105,0.840314795,0.92055859,0.604505085,0.202677293,0.456111384,0.410958904,0.065789474
0.236842105,0.767764453,0.881272478,0.613667233,0.354788982,0.406560293,0.342465753,0.184210526
0.157894737,0.896552738,0.893866424,0.506372642,0.548025852,0.230190548,0.246575342,0.315789474
0.131578947,0.698963558,0.904122462,0.732646453,0.356933797,0.15494506,0.164383562,0.184210526
0.052631579,0.48902821,0.883859713,0.756409165,0.18514002,0.122938131,0.04109589,0.184210526
0,0.7521639,0.874294537,0.76891385,0.200868668,0.140825291,0.287671233,0.144736842
0.092105263,0.708308346,0.8603787,0.725845002,0.19514916,0.306849862,0.273972603,0.039473684
0.065789474,0.620596449,0.876134608,0.57572571,0.267477111,0.445758482,0.383561644,0.026315789
0.184210526,0.532884553,0.876946211,0.648153507,0.321633706,0.447392702,0.452054795,0.171052632
0.315789474,0.576740106,0.894062474,0.560455513,0.176501179,0.444850583,0.383561644,0.065789474
0.184210526,0.7521639,0.863229292,0.533499712,0.140545728,0.514093069,0.315068493,0.144736842
0.184210526,0.7521639,0.858274095,0.515942969,0.12290891,0.551518691,0.273972603,0.25
0.144736842,0.7521639,0.851257688,0.474641601,0.203002027,0.529930846,0.178082192,0.25
0.039473684,0.796020243,0.834864015,0.697037996,0.144269366,0.438354032,0.136986301,0.157894737
0.026315789,0.664452003,0.963879642,0.738561248,0.528429683,0.376576542,0.342465753,0.144736842
0.171052632,0.612877619,0.888846736,0.722039505,0.40775464,0.348108824,0.205479452,0.105263158
0.065789474,0.75654985,0.904596601,0.551384547,0.423154981,0.340018437,0.328767123,0.105263158
0.144736842,0.796020243,0.868221497,0.524615141,0.683020889,0.340119308,0.383561644,0.197368421
0.25,0.664452003,0.900404823,0.455739692,0.665287079,0.37564848,0.424657534,0.210526316
0.25,0.576740106,0.894916497,0.787568779,0.387228242,0.442792658,0.273972603,0.223684211
0.157894737,0.7521639,0.942296328,0.639849066,0.437704627,0.496782433,0.273972603,0.144736842
0.144736842,0.7521639,0.948809217,0.579622923,0.427172288,0.485020065,0.246575342,0.210526316
0.105263158,0.782644165,0.82577868,0.531795476,0.413294787,0.476909516,0.246575342,0.131578947
0.105263158,0.588471759,0.863015481,0.797119322,0.419222819,0.517764993,0.369863014,0.302631579
0.197368421,0.625365613,0.892634373,0.803393401,0.235930447,0.51564658,0.369863014,0.434210526
0.210526316,0.681528693,0.9122287,0.771953292,0.220976315,0.507616681,0.369863014,0.118421053
0.223684211,0.691697801,0.904478139,0.738561248,0.18514002,0.485625351,0.315068493,0.118421053
0.144736842,0.645210449,0.863887183,0.722039505,0.200868668,0.46526824,0.369863014,0.065789474
0.210526316,0.806490861,0.86925004,0.551384547,0.19514916,0.477817415,0.219178082,0.131578947
0.131578947,0.833352656,0.864758884,0.524615141,0.267477111,0.54465898,0.452054795,0.184210526
0.302631579,0.840725944,0.830061385,0.455739692,0.321633706,0.602885639,0.520547945,0.184210526
0.434210526,0.623364683,0.887100965,0.787568779,0.176501179,0.613356727,0.232876712,0.105263158
0.118421053,0.805312231,0.919050709,0.639849066,0.140545728,0.543287049,0.260273973,0.276315789
0.118421053,0.789009417,0.922050512,0.66440085,0.12290891,0.551146466,0.246575342,0.184210526
0.065789474,0.834469374,0.942373421,0.638286639,0.203002027,0.528676288,0.356164384,0.105263158
0.131578947,0.81194545,0.920320361,0.625488395,0.144269366,0.465005951,0.356164384,0.118421053
0.184210526,0.823425572,0.91105017,0.605193306,0.196894041,0.426716184,0.383561644,0.210526316
0.184210526,0.787852064,0.901900935,0.620608556,0.09478966,0.462867318,0.260273973,0.315789474
0.105263158,0.583702421,0.883292009,0.829117127,0.218563398,0.506043008,0.465753425,0.447368421
0.276315789,0.652464961,0.944677462,0.851564388,0.129901087,0.397606167,0.260273973,0.342105263
0.184210526,0.686331192,0.92248941,0.783810181,0.251687843,0.4340211,0.164383562,0.5
0.105263158,0.743283412,0.887745266,0.665642503,0.387914468,0.446202351,0.136986301,0.460526316
0.118421053,0.56662437,0.887809247,0.86044283,0.261687541,0.594770673,0.315068493,0.407894737
0.210526316,0.649496818,0.871754562,0.735401265,0.249358169,0.66320282,0.342465753,0.421052632
0.315789474,0.70839597,0.852586953,0.583039641,0.48186931,0.620939154,0.575342466,0.421052632
0.447368421,0.60893058,0.753503279,0.665642503,0.736688295,0.607845472,0.424657534,0.381578947
0.342105263,0.784676452,0.704120117,0.519132912,0.409186869,0.600860485,0.506849315,0.526315789
0.5,0.717111033,0.665353441,0.474399563,0.407508878,0.442001144,0.534246575,0.289473684
0.460526316,0.772699174,0.615443418,0.216020652,0.751089236,0.591886371,0.493150685,0.486842105
0.407894737,0.64768858,0.624402665,0.340733947,0.409717188,0.584603245,0.547945205,0.355263158
0.421052632,0.586395452,0.670094737,0.46063696,0.48260659,0.57471298,0.520547945,0.328947368
0.421052632,0.712489876,0.693660417,0.380881981,0.41045443,0.442001144,0.493150685,0.236842105
0.381578947,0.736363147,0.612452218,0.261297767,0.441167277,0.439398189,0.630136986,0.223684211
0.526315789,0.683666673,0.480622898,0.129905837,0.48186931,0.455261183,0.479452055,0.131578947
0.289473684,0.460311206,0.485815812,0.324732251,0.736688295,0.489016566,0.616438356,0.197368421
0.486842105,0.423814437,0.610777365,0.535643579,0.409186869,0.493396971,0.479452055,0.289473684
0.355263158,0.596559173,0.712486887,0.523422055,0.407508878,0.464135181,0.438356164,0.368421053
0.328947368,0.606530267,0.731389522,0.533473665,0.192968743,0.499277777,0.383561644,0.355263158
0.236842105,0.702314014,0.777133655,0.513634514,0.282386257,0.446762837,0.383561644,0.171052632
0.223684211,0.763207506,0.843080967,0.554903742,0.305122286,0.436317316,0.246575342,0.276315789
0.131578947,0.587995484,0.83338431,0.730606831,0.28907183,0.469681183,0.301369863,0.447368421
0.197368421,0.701133418,0.824542986,0.611750671,0.276134301,0.389402532,0.438356164,0.342105263
0.289473684,0.65100179,0.884123104,0.748998129,0.271792275,0.366431136,0.506849315,0.157894737
0.368421053,0.71649199,0.895934586,0.695235731,0.194995226,0.393467191,0.575342466,0.105263158
0.355263158,0.753574389,0.863463285,0.607216346,0.243423553,0.454360082,0.328767123,0.210526316
0.171052632,0.671984533,0.903015197,0.754357985,0.289443598,0.481751627,0.561643836,0.078947368
0.276315789,0.754191061,0.931351542,0.710618403,0.149929178,0.437543576,0.671232877,0.118421053
0.447368421,0.84900042,0.938379274,0.626105601,0.107280741,0.367123057,0.520547945,0.236842105
0.342105263,0.75868632,0.94023145,0.72153937,0.255222309,0.376637437,0.287671233,0.263157895
0.157894737,0.541328204,0.861372768,0.847543983,0.179767755,0.441106667,0.191780822,0.223684211
0.105263158,0.643766507,0.874109135,0.742285336,0.4581301,0.423405155,0.369863014,0.289473684
0.210526316,0.706721089,0.867592364,0.666913917,0.259804288,0.433115118,0.136986301,0.210526316
0.078947368,0.72059796,0.802893437,0.532807695,0.487767553,0.45600813,0.232876712,0.25
0.118421053,0.666065835,0.713634926,0.450749366,0.450455854,0.573907463,0.479452055,0.25
0.236842105,0.600783891,0.628178264,0.388493831,0.378742283,0.645508629,0.465753425,0.263157895
0.263157895,0.64178453,0.638387804,0.365663398,0.389433353,0.629512457,0.465753425,0.197368421
0.223684211,0.62289164,0.662103633,0.4144567,0.392772975,0.529719981,0.520547945,0.210526316
0.289473684,0.615401025,0.722843593,0.515960129,0.455503659,0.506111282,0.397260274,0.118421053
0.210526316,0.738778255,0.76135497,0.454420419,0.405035869,0.498764821,0.438356164,0.289473684
0.25,0.737308033,0.789081953,0.494151,0.26783458,0.453031789,0.410958904,0.315789474
0.25,0.734099861,0.744949237,0.430248227,0.310448841,0.468902278,0.465753425,0.355263158
0.263157895,0.714489865,0.71685844,0.409311505,0.232432355,0.508160491,0.328767123,0.184210526
0.197368421,0.742851302,0.723498698,0.394516159,0.208058357,0.484884796,0.383561644,0.513157895
0.210526316,0.782779577,0.744553506,0.38154669,0.384987303,0.454234458,0.191780822,0.763157895
0.118421053,0.614456435,0.679820294,0.445113756,0.431615576,0.511820503,0.410958904,0.355263158
0.289473684,0.668320048,0.699035195,0.424926991,0.35714914,0.514491441,0.479452055,0.276315789
0.315789474,0.748096607,0.71859354,0.383518068,0.362653306,0.53010034,0.465753425,0.302631579
0.355263158,0.800611697,0.764992022,0.400581856,0.341701229,0.59338747,0.273972603,0.407894737
0.184210526,0.627130817,0.616695458,0.34394954,0.523752793,0.650386939,0.575342466,0.355263158
0.513157895,0.674096199,0.63836216,0.339867206,0.231161807,0.652039694,0.821917808,0.052631579
0.763157895,0.687389777,0.74749612,0.481875113,0.11745636,0.589776848,0.424657534,0.289473684
0.355263158,0.689104816,0.866312786,0.678316143,0.129261614,0.54750778,0.410958904,0.407894737
0.276315789,0.711266901,0.913776663,0.730577664,0.279645738,0.509561358,0.424657534,0.526315789
0.302631579,0.671711542,0.906163143,0.764648452,0.184355419,0.5121911,0.561643836,0.552631579
0.407894737,0.740268313,0.88756761,0.662583889,0.101231555,0.532722644,0.452054795,0.618421053
0.355263158,0.749095961,0.732962789,0.407810494,0.356176335,0.634734171,0.150684932,0.671052632
0.052631579,0.494291017,0.491164614,0.289065063,0.64828279,0.80733025,0.410958904,0.631578947
0.289473684,0.26822045,0.271451895,0.195516066,0.456433257,0.887074446,0.561643836,0.25
0.407894737,0.115472329,0.077612976,0.080270898,0.386060721,0.948207777,0.671232877,0.644736842
0.526315789,0.108736523,0,0,0.332033205,1,0.698630137,0.447368421
0.552631579,0.162327535,0.076798548,0.038909148,0.37197976,0.904749985,0.698630137,0.236842105
0.618421053,0.298841121,0.312584071,0.218817609,0.476842649,0.704010882,0.739726027,0.171052632
0.671052632,0.588397172,0.480066584,0.205323329,0.22633924,0.510077219,0.698630137,0.171052632
0.631578947,0.684879212,0.616869876,0.305154601,0.194745932,0.492733812,0.397260274,0.157894737
0.25,0.500365664,0.472433926,0.265780163,0.281198617,0.559827729,0.657534247,0.210526316
0.644736842,0.25051037,0.473770024,0.515553515,0.264362405,0.628848775,0.383561644,0.25
0.447368421,0,0.57285939,1,0.298833828,0.6429392,0.342465753,0.381578947
0.236842105,0.262989897,0.672506677,0.841613919,0.456250051,0.648320938,0.273972603,0.447368421
0.171052632,0.403425418,0.713132634,0.745955508,0.585774168,0.669057072,0.232876712,0.526315789
0.171052632,0.626707635,0.747844604,0.552407593,0.247492489,0.609514728,0.205479452,0.486842105
0.157894737,0.593111262,0.656895047,0.441327655,0.440186511,0.599007673,0.205479452,0.105263158
0.210526316,0.532866805,0.615105318,0.434820999,0.286539665,0.56743642,0.287671233,0.065789474
0.25,0.577736592,0.614396417,0.395872393,0.288800402,0.486273228,0.479452055,0.144736842
0.381578947,0.61496573,0.665847181,0.434066009,0.161386571,0.467631393,0.547945205,0.078947368
0.447368421,0.718958999,0.688681902,0.375874262,0.168826393,0.437331723,0.684931507,0.315789474
0.526315789,0.800308384,0.710752721,0.3336301,0.118223758,0.368457742,0.561643836,0.342105263
0.486842105,0.733467564,0.769683114,0.469926362,0.111034971,0.366160306,0.109589041,0.434210526
0.105263158,0.652657584,0.856969308,0.699470863,0.313860852,0.461745125,0.123287671,0.447368421
0.065789474,0.609390086,0.859282043,0.761392446,0.125453766,0.50201635,0.232876712,0.578947368
0.144736842,0.788650028,0.880722525,0.586814511,0.208813907,0.548796852,0.123287671,0.736842105
0.078947368,0.576113767,0.87259878,0.811649293,0.160683164,0.581707031,0.506849315,1
0.315789474,0.368363967,0.599506497,0.580723702,0.248532059,0.745021384,0.506849315,0.631578947
0.342105263,0.291858591,0.42545002,0.383903747,0.21850498,0.796175724,0.575342466,0.631578947
0.434210526,0.195051678,0.360240716,0.381426708,0.158711317,0.791741746,0.561643836,0.526315789
0.447368421,0.333620865,0.44026542,0.382184332,0.128247885,0.708016157,0.712328767,0.802631579
0.578947368,0.428670213,0.523192678,0.406032772,0.018701355,0.581702208,0.808219178,0.868421053
0.736842105,0.573921259,0.593405434,0.372788905,0.001463022,0.487949574,1,0.657894737
1,0.67832329,0.675585643,0.39175205,0.017378837,0.439611262,0.712328767,0.657894737
0.631578947,0.740856044,0.656296815,0.308277441,0.051968354,0.44029836,0.698630137,0.302631579
0.631578947,0.778684846,0.618354571,0.245705823,0.074796165,0.476956,0.739726027,0.144736842
0.526315789,0.753455371,0.636408337,0.263453938,0.08207138,0.440024102,0.849315068,0.105263158
0.802631579,0.760672668,0.703511191,0.35025444,0,0.393644471,0.767123288,0.105263158
0.868421053,0.768144278,0.793146734,0.483873461,0.063821756,0.362514181,0.712328767,0.118421053
0.657894737,0.751377867,0.85065745,0.584014567,0.085429718,0.353961158,0.684931507,0.131578947
0.657894737,0.632863991,0.868415205,0.73998464,0.108291167,0.319126464,0.397260274,0.131578947
0.302631579,0.666279905,0.883631842,0.729666989,0.123130941,0.325920109,0.191780822,0.315789474
0.144736842,0.693714252,0.882774651,0.697136366,0.141392743,0.345495235,0.178082192,0.526315789
0.105263158,0.67742036,0.864077286,0.685582077,0.174983359,0.401499588,0.191780822,0.539473684
0.105263158,0.694749593,0.863164062,0.666304906,0.151672374,0.407981497,0.191780822,0.631578947
0.118421053,0.7134653,0.91317506,0.729308031,0.184047873,0.456385874,0.178082192,0.671052632
0.131578947,0.692572939,0.917997042,0.756641851,0.252234061,0.454939104,0.178082192,0.526315789
0.131578947,0.583704402,0.894084392,0.847673955,0.342850369,0.526602617,0.369863014,0.986842105
0.315789474,0.603606008,0.799303529,0.659505904,0.57988354,0.575121811,0.547945205,0.855263158
0.526315789,0.528316249,0.661709805,0.511124476,0.317486348,0.628355865,0.616438356,0.486842105
0.539473684,0.421727696,0.540556396,0.427619929,0.287573364,0.727376932,0.630136986,0.421052632
0.631578947,0.430178063,0.458099106,0.307903425,0.139985269,0.736053429,0.643835616,0.434210526
0.671052632,0.457553729,0.45098066,0.27285,0.160863328,0.813666139,0.534246575,0.578947368
0.526315789,0.399305274,0.37979586,0.226421163,0.307929245,0.755098226,0.849315068,0.460526316
0.986842105,0.456693571,0.478589261,0.315987588,0.220294526,0.649959224,0.767123288,0.802631579
0.855263158,0.534289079,0.718744023,0.611113004,0.243446559,0.583826083,0.534246575,0.644736842
0.486842105,0.578068192,0.763492057,0.634469577,0.298066725,0.547967278,0.506849315,0.486842105
0.421052632,0.642489738,0.783758413,0.599507778,0.187155593,0.605336531,0.534246575,0.473684211
0.434210526,0.606844288,0.840102192,0.722178929,0.070720062,0.640043219,0.657534247,0.394736842
0.578947368,0.689686061,0.692673618,0.435858721,0.447639846,0.760017908,0.575342466,0.315789474
0.460526316,0.620645393,0.544655037,0.260884076,0.242572226,0.816617902,0.863013699,0.078947368
0.802631579,0.713148269,0.594661189,0.256973162,0.053808464,0.759281594,0.671232877,0.131578947
0.644736842,0.72834334,0.751796054,0.472328942,0.222386882,0.652914241,0.547945205,0.210526316
0.486842105,0.733905481,0.884233471,0.661745575,0.126413111,0.526715923,0.520547945,0.289473684
0.473684211,0.720744564,0.911765778,0.721621233,0.211460824,0.438333869,0.452054795,0.394736842
0.394736842,0.697827889,0.879931189,0.687145484,0.248870693,0.482341108,0.397260274,0.328947368
0.315789474,0.688667039,0.89205775,0.718912425,0.203766723,0.493488022,0.136986301,0.434210526
0.078947368,0.701197322,0.866892115,0.664417564,0.246799215,0.470291931,0.232876712,0.289473684
0.131578947,0.733147326,0.863946569,0.625117879,0.249709902,0.401463795,0.315068493,0.407894737
0.210526316,0.710062498,0.890844949,0.689832565,0.29173821,0.419265133,0.369863014,0.223684211
0.289473684,0.60507827,0.841396078,0.727153577,0.273183035,0.553585622,0.493150685,0.210526316
0.394736842,0.631106971,0.862984906,0.742223178,0.090922584,0.63745665,0.493150685,0.105263158
0.328947368,0.678842513,0.850451614,0.6614075,0.055185043,0.544593437,0.506849315,0.105263158
0.434210526,0.705757273,0.834440956,0.609833192,0.146921309,0.498149309,0.438356164,0.092105263
0.289473684,0.567343567,0.821242677,0.739894108,0.222596558,0.52229438,0.534246575,0.118421053
0.407894737,0.691493906,0.822421379,0.607075336,0.162433774,0.461717118,0.342465753,0.144736842
0.223684211,0.750375881,0.898836783,0.665591236,0.184589096,0.401609699,0.301369863,0.25
0.210526316,0.767903484,0.904259194,0.652386948,0.24570246,0.380942711,0.178082192,0.263157895
0.105263158,0.770822344,0.911056982,0.66041745,0.245763712,0.344312613,0.150684932,0.421052632
0.105263158,0.794148129,0.91509285,0.640722257,0.211433911,0.397410525,0.136986301,0.657894737
0.092105263,0.810347684,0.934057489,0.658869462,0.238935159,0.397574848,0.178082192,0.907894737
0.118421053,0.825685689,0.934180952,0.638444867,0.286052746,0.441100798,0.191780822,0.421052632
0.144736842,0.815320332,0.937344946,0.656419112,0.34269695,0.446941686,0.342465753,0.25
0.25,0.799716676,0.926124484,0.650236153,0.273864746,0.451545971,0.328767123,0.210526316
0.263157895,0.462718115,0.749039257,0.732853273,0.265307606,0.574117631,0.616438356,0.197368421
0.421052632,0.504722477,0.621213144,0.481015269,0.172922231,0.637137941,0.726027397,0.118421053
0.657894737,0.683748903,0.630785614,0.327967568,0.043416218,0.59508055,0.904109589,0.065789474
0.907894737,0.737139704,0.792804965,0.503424336,0.132283281,0.55692431,0.506849315,0.065789474
0.421052632,0.772213691,0.877526128,0.611996654,0.240117341,0.508478677,0.369863014,0.184210526
0.25,0.762648412,0.899688464,0.648215325,0.363418711,0.442262619,0.383561644,0.197368421
0.210526316,0.759600549,0.880145701,0.62239135,0.380509679,0.447775733,0.315068493,0.302631579
0.197368421,0.757528715,0.890776512,0.639457005,0.287012807,0.471191928,0.150684932,0.447368421
0.118421053,0.784007515,0.876328736,0.592553198,0.212993777,0.475565941,0.068493151,0.513157895
0.065789474,0.788343718,0.898411146,0.622825617,0.268557259,0.518727221,0.109589041,0.342105263
0.065789474,0.818727901,0.912010424,0.613634774,0.283630529,0.463746107,0.260273973,0.263157895
0.184210526,0.849600524,0.933756676,0.614842221,0.217453226,0.401898425,0.287671233,0.421052632
0.197368421,0.802304548,0.928324852,0.650262397,0.401436619,0.416741783,0.410958904,0.289473684
0.302631579,0.668613486,0.860498213,0.690053049,0.251239276,0.381756014,0.520547945,0.223684211
0.447368421,0.753048196,0.822239154,0.549738041,0.125268669,0.452683794,0.575342466,0.276315789
0.513157895,0.825371585,0.845908656,0.507276504,0.025911726,0.528340787,0.479452055,0.289473684
0.342105263,0.795774513,0.896054889,0.602391483,0.123733081,0.600163393,0.465753425,0.407894737
0.263157895,0.842920357,0.881410829,0.54239744,0.250677106,0.570231588,0.506849315,0.394736842
0.421052632,0.675981102,0.886243937,0.722541323,0.315881858,0.51282416,0.383561644,0.447368421
0.289473684,0.781645033,0.933939605,0.68379339,0.344056558,0.434754741,0.342465753,0.236842105
0.223684211,0.779683462,0.930069601,0.678435327,0.370109093,0.423750767,0.397260274,0.302631579
0.276315789,0.83019696,0.960835072,0.674591062,0.388752768,0.412252837,0.397260274,0.421052632
0.289473684,0.787020379,0.941074843,0.688011915,0.295451863,0.42315623,0.506849315,0.105263158
0.407894737,0.616904211,0.896628421,0.808725558,0.19830057,0.461887658,0.520547945,0.223684211
0.394736842,0.671588677,0.900174639,0.75503959,0.268011576,0.469120639,0.534246575,0.447368421
0.447368421,0.701419139,0.868388389,0.671568587,0.20010175,0.441728571,0.342465753,0.355263158
0.236842105,0.763000264,0.941711918,0.718010315,0.331671708,0.366633285,0.452054795,0.25
0.302631579,0.795377702,0.916195425,0.642039319,0.335934556,0.350270932,0.520547945,0.131578947
0.421052632,0.788681216,0.867613231,0.576550576,0.210583641,0.373023096,0.164383562,0.105263158
0.105263158,0.431561469,0.720914361,0.720256519,0.530428357,0.623574823,0.369863014,0.118421053
0.223684211,0.458860793,0.520454025,0.368752583,0.447753077,0.714211314,0.657534247,0.118421053
0.447368421,0.700273704,0.610061054,0.295236542,0.321410288,0.576324538,0.506849315,0.171052632
0.355263158,0.877349818,0.741178128,0.314898834,0.245123998,0.467017624,0.356164384,0.105263158
0.25,0.818506405,0.919252895,0.61856271,0.331450078,0.429152493,0.219178082,0.263157895
0.131578947,0.8616772,0.929623386,0.597843503,0.414873404,0.376446967,0.136986301,0.144736842
0.105263158,0.886714435,0.95524905,0.609041012,0.384149125,0.397434,0.123287671,0.118421053
0.118421053,0.885938732,0.970945357,0.63850711,0.386927704,0.350030549,0.123287671,0.144736842
0.118421053,0.898860818,0.974108594,0.620296224,0.399644339,0.351273369,0.205479452,0.078947368
0.171052632,0.909769564,0.950774098,0.577612723,0.362017179,0.423607943,0.123287671,0.210526316
0.105263158,0.559009931,0.871418465,0.837382977,0.381309797,0.565935553,0.356164384,0.157894737
0.263157895,0.679605985,0.829108566,0.634770561,0.229745381,0.521637031,0.191780822,0.223684211
0.144736842,0.831280461,0.911630994,0.593889179,0.335527696,0.409518447,0.191780822,0.171052632
0.118421053,0.847097739,0.960695153,0.655006327,0.345887573,0.388660234,0.191780822,0.171052632
0.144736842,0.871716032,0.949844652,0.612709608,0.354093824,0.379841087,0.123287671,0.131578947
0.078947368,0.889837121,0.932547432,0.571678791,0.453792305,0.375803506,0.328767123,0.184210526
0.210526316,0.947683098,0.940469011,0.529693585,0.390803368,0.292497496,0.232876712,0.105263158
0.157894737,0.912550411,0.98433355,0.624076727,0.404857022,0.31210307,0.369863014,0.026315789
0.223684211,0.8864191,0.953158119,0.606806463,0.395278033,0.32609245,0.301369863,0.052631579
0.171052632,0.803730024,0.93997058,0.663325732,0.503223578,0.381917083,0.246575342,0.131578947
0.171052632,0.682321033,0.841502354,0.646319311,0.366327757,0.488237835,0.150684932,0.144736842
0.131578947,0.382060953,0.823003727,0.975510672,0.22665517,0.555238086,0.273972603,0.065789474
0.184210526,0.563761649,0.849726775,0.79622178,0.233874998,0.483696072,0.136986301,0.065789474
0.105263158,0.498410408,0.884481364,0.938857909,0.300726274,0.477146935,0,0.092105263
0.026315789,0.575949492,0.87847154,0.837586859,0.294531483,0.505893677,0.095890411,0.144736842
0.052631579,0.720149376,0.895176383,0.69692327,0.289593394,0.49823792,0.232876712,0.105263158
0.131578947,0.712441302,0.891191884,0.688246278,0.288474953,0.518770393,0.273972603,0.078947368
0.144736842,0.774334564,0.874436817,0.597547991,0.316749799,0.478186909,0.136986301,0.105263158
0.065789474,0.786382124,0.916005044,0.651221848,0.251671565,0.528664028,0.082191781,0.223684211
0.065789474,0.799504739,0.958793652,0.706816149,0.29848757,0.500991542,0.191780822,0.157894737
0.092105263,0.776857754,0.949127968,0.719075516,0.338690248,0.405781446,0.260273973,0.144736842
0.144736842,0.876137401,0.971921506,0.64876646,0.301446154,0.327897209,0.205479452,0.223684211
0.105263158,0.864238757,1,0.698628352,0.355160524,0.377215006,0.178082192,0.092105263
0.078947368,0.887703439,0.983304877,0.648356673,0.42295021,0.428823731,0.260273973,0.065789474
0.105263158,0.648037105,0.862176943,0.707051427,0.18652149,0.45210117,0.356164384,0.118421053
0.223684211,0.786921446,0.900418724,0.631341683,0.241311867,0.424999571,0.246575342,0.131578947
0.157894737,0.834669651,0.909659834,0.583401871,0.209902394,0.420616843,0.246575342,0.157894737
0.144736842,0.739144833,0.869514199,0.624326808,0.360008894,0.429293282,0.369863014,0.171052632
0.223684211,0.761298877,0.918022803,0.67670338,0.285522544,0.337189916,0.123287671,0.184210526
0.092105263,0.929997657,0.916835383,0.519023063,0.331686991,0.296210558,0.095890411,0.184210526
0.065789474,0.92797766,0.950067961,0.559550331,0.455715428,0.292877565,0.191780822,0.065789474
0.118421053,0.818249968,0.953888286,0.671981833,0.339826747,0.284254699,0.219178082,0.052631579
0.131578947,0.794164662,0.899562608,0.616472218,0.228167952,0.273829398,0.328767123,0.052631579
0.157894737,0.887023181,0.939676676,0.57802122,0.196896232,0.275097261,0.301369863,0.105263158
0.171052632,0.77310195,0.944094697,0.704197733,0.177807095,0.304631217,0.328767123,0.144736842
0.184210526,0.626123419,0.907244843,0.816257314,0.231840578,0.388875283,0.301369863,0.039473684
0.184210526,0.718736611,0.893900263,0.692084634,0.335993192,0.372252965,0.136986301,0.065789474
0.065789474,0.652056343,0.862281225,0.7085053,0.339370427,0.391653019,0.136986301,0.171052632
0.052631579,0.742051163,0.909086242,0.687661772,0.385602548,0.342305995,0.136986301,0.092105263
0.052631579,0.714684245,0.928273542,0.752080012,0.257703992,0.381854794,0.205479452,0.078947368
0.105263158,0.751192021,0.903662603,0.681574633,0.325278385,0.397696928,0.315068493,0.039473684
0.144736842,0.794883495,0.928041057,0.660337142,0.201906521,0.395724418,0.178082192,0.039473684
0.039473684,0.744629474,0.928693077,0.713423775,0.453347138,0.406891146,0.123287671,0.052631579
0.065789474,0.783263412,0.946094823,0.701535256,0.492709208,0.385079478,0.301369863,0.078947368
0.171052632,0.728655579,0.923862342,0.724261914,0.259401526,0.421750308,0.246575342,0.065789474
0.092105263,0.785940952,0.891798539,0.605782576,0.292255359,0.415516685,0.246575342,0.052631579
0.078947368,0.804818851,0.877360652,0.57425008,0.358155151,0.353293932,0.095890411,0.026315789
0.039473684,0.849551963,0.887840016,0.540439764,0.362891618,0.246363594,0.123287671,0.013157895
0.039473684,0.856277465,0.869495997,0.500048056,0.26862528,0.221978895,0.095890411,0.013157895
0.052631579,0.840789775,0.882790653,0.531726729,0.265359816,0.297254715,0.178082192,0
0.078947368,0.754514443,0.884785694,0.63392889,0.350678708,0.356922508,0.232876712,0.026315789
0.065789474,0.758633009,0.877057451,0.610012333,0.583062904,0.313063904,0.191780822,0.039473684
0.052631579,0.6982762,0.84762806,0.626046091,0.632244719,0.272006684,0.095890411,0.092105263
0.026315789,0.677225324,0.893960874,0.728871281,0.270098552,0.255442589,0.150684932,0.078947368
0.013157895,0.733032074,0.941980241,0.754595006,0.229674734,0.300353311,0.191780822,0.118421053
0.013157895,0.81062977,0.939516738,0.653512616,0.497061754,0.316836756,0.136986301,0.144736842
0,0.842123855,0.913915252,0.580733296,0.454671856,0.363946658,0.164383562,0.171052632
0.026315789,0.861041787,0.911037928,0.555699793,0.551217718,0.306155094,0.205479452,0.052631579
0.039473684,0.838862065,0.906373142,0.573483248,0.553839791,0.270715463,0.232876712,0.052631579
0.092105263,0.761401419,0.916966206,0.679654614,0.452765353,0.24039162,0.260273973,0.144736842
0.078947368,0.7539459,0.913934202,0.67498391,0.4455266,0.164672803,0.260273973,0.144736842
0.118421053,0.787413504,0.821249623,0.49484812,0.925190792,0.091132945,0.287671233,0.105263158
0.144736842,0.763177642,0.865675987,0.594497013,0.51309541,0.077161055,0.369863014,0.052631579
0.171052632,0.818335659,0.895532923,0.581097621,0.374781998,0.17951372,0.178082192,0.092105263
0.052631579,1,0.865675987,0.594497013,0.51309541,0.077161055,0.219178082,0.105263158
0.052631579,0.660454087,0.895532923,0.581097621,0.374781998,0.17951372,0.397260274,0.105263158
0.144736842,0.856897842,0.890398269,0.531237781,0.354878349,0.365883491,0.438356164,0.131578947
0.144736842,0.856541512,0.869894341,0.501261624,0.429887319,0.318047269,0.301369863,0.039473684
0.105263158,0.826193777,0.871227247,0.529626146,0.404216894,0.303493742,0.164383562,0.065789474
0.052631579,0.773187717,0.828526433,0.517504518,0.443917988,0.294805043,0.205479452,0.039473684
0.092105263,0.710491592,0.882516285,0.676877168,0.231099468,0.330809576,0.273972603,0.052631579
0.105263158,0.606397897,0.915734455,0.856932212,0.122850999,0.385070414,0.246575342,0.039473684
0.105263158,0.681994663,0.873381146,0.704681219,0.060264086,0.396308205,0.273972603,0.065789474
0.131578947,0.749176561,0.863678732,0.602831997,0.12246374,0.312337584,0.136986301,0.065789474
0.039473684,0.766691548,0.898452031,0.650654425,0.383297157,0.278099692,0.232876712,0.118421053
0.065789474,0.756851359,0.901351385,0.670313207,0.349367364,0.307132313,0.205479452,0.157894737
0.039473684,0.707266678,0.892501722,0.703844675,0.492265708,0.315323571,0.232876712,0.118421053
0.052631579,0.742954492,0.855208071,0.591050671,0.505015446,0.287440976,0.205479452,0.171052632
0.039473684,0.750574471,0.845183506,0.566372625,0.546928718,0.275698828,0.383561644,0.065789474
0.065789474,0.779930576,0.844292855,0.5336777,0.624142082,0.19796247,0.315068493,0.078947368
0.065789474,0.717134276,0.843970705,0.606666157,0.65822082,0.172964932,0.369863014,0.065789474
0.118421053,0.761483649,0.825627079,0.529216133,0.698942528,0.198406281,0.410958904,0.171052632
0.157894737,0.80895776,0.845145606,0.506908295,0.623605878,0.16328071,0.383561644,0.105263158
0.118421053,0.717052047,0.856231372,0.629252843,0.445377654,0.204559834,0.479452055,0.131578947
0.171052632,0.716942407,0.870936592,0.656858792,0.614132942,0.23565038,0.273972603,0.157894737
0.065789474,0.703045539,0.821495973,0.577177984,0.774011077,0.211722159,0.356164384,0.065789474
0.078947368,0.724151235,0.827427332,0.566093777,0.666949028,0.158357832,0.315068493,0.052631579
0.065789474,0.754624465,0.841657283,0.556628735,0.746699863,0.129926139,0.561643836,0.078947368
0.171052632,0.737609543,0.857235723,0.601298334,0.510615797,0.154948197,0.287671233,0.118421053
0.105263158,0.743146362,0.858315875,0.60046179,0.648271258,0.220236251,0.410958904,0.105263158
0.131578947,0.703566329,0.862674381,0.645147177,0.644964668,0.209240586,0.383561644,0.157894737
0.157894737,0.597188138,0.89784563,0.83483351,0.488452702,0.073257407,0.246575342,0.223684211
0.065789474,0.690464351,0.853161468,0.645914009,0.829657128,0,0.164383562,0.144736842
0.052631579,0.70049641,0.880392655,0.679584902,0.301079223,0.123696293,0.273972603,0.131578947
0.078947368,0.781355895,0.944652195,0.69736146,0.276205319,0.219368677,0.342465753,0.144736842
0.118421053,0.829631964,0.91762642,0.59818194,0.540558416,0.268772122,0.273972603,0.092105263
0.105263158,0.75430223,0.900024883,0.654558296,0.520475992,0.271038239,0.383561644,0.118421053
0.157894737,0.768993987,0.903265337,0.643404377,0.502155691,0.235125803,0.506849315,0.118421053
0.223684211,0.776997706,0.850508464,0.547829235,0.594472132,0.271946138,0.410958904,0.131578947
0.144736842,0.781410716,0.904269689,0.627858603,0.495959557,0.285806757,0.383561644,0.131578947
0.131578947,0.770638587,0.896992879,0.627858603,0.431793822,0.292464667,0.369863014,0.157894737
0.144736842,0.808040146,0.901805063,0.598741579,0.568239243,0.25403318,0.232876712,0.131578947
0.092105263,0.794375643,0.90548249,0.61656526,0.483597078,0.250943417,0.260273973,0.092105263
0.118421053,0.727166335,0.898433081,0.684743589,0.372573078,0.233108261,0.342465753,0.078947368
0.118421053,0.628791862,0.876034149,0.758986862,0.31650998,0.281892707,0.356164384,0.092105263
0.131578947,0.723877135,0.823940527,0.565814929,0.381628966,0.352083419,0.315068493,0.144736842
0.131578947,0.748025341,0.825513379,0.539394084,0.579637157,0.33886847,0.369863014,0.25
0.157894737,0.759016749,0.793184634,0.47700185,0.72256529,0.364451014,0.328767123,0.118421053
0.131578947,0.752575401,0.806866553,0.503631831,0.66420843,0.296398937,0.246575342,0.105263158
0.092105263,0.772255777,0.857595774,0.561004802,0.508262458,0.24440654,0.342465753,0.052631579
0.078947368,0.722259946,0.879388304,0.651700105,0.496227659,0.260486442,0.178082192,0.039473684
0.092105263,0.64326434,0.884466911,0.755919534,0.255382733,0.253364501,0.301369863,0.052631579
0.144736842,0.674621374,0.92653597,0.796491914,0.108075602,0.189145706,0.465753425,0.065789474
0.25,0.708829048,0.850300013,0.63127449,0.578773273,0.203228287,0.315068493,0.065789474
0.118421053,0.728536835,0.782629469,0.492826472,0.835644738,0.226873999,0.205479452,0.092105263
0.105263158,0.722561455,0.810808158,0.539045524,0.495929768,0.249067072,0.205479452,0.078947368
0.052631579,0.680980493,0.852517167,0.653861176,0.480230909,0.231252079,0.178082192,0
0.039473684,0.716997226,0.830364586,0.580593872,0.610736984,0.190719437,0.191780822,0
0.052631579,0.745437628,0.915135317,0.687514337,0.392558662,0.217448927,0.205479452,0.052631579
0.065789474,0.748189801,0.899607982,0.660065544,0.578624328,0.231776656,0.232876712,0.197368421
0.065789474,0.680103373,0.900593384,0.744207919,0.505372915,0.318894681,0.410958904,0.157894737
0.092105263,0.717464534,0.864115243,0.637986274,0.497691996,0.219352059,0.260273973,0.184210526
0.078947368,0.720930227,0.871911825,0.641414063,0.532098725,0.01744027,0.054794521,0.131578947
0,0.690245071,0.896727578,0.724200577,0.195417262,0.051588853,0.150684932,0.065789474
0,0.688627881,0.910371597,0.745462735,0.344035114,0.197276476,0.178082192,0.052631579
0.052631579,0.745585851,0.947589449,0.745044463,0.33051086,0.312620035,0.452054795,0.065789474
0.197368421,0.758035147,0.939970284,0.720463091,0.348586205,0.243100385,0.369863014,0.118421053
0.157894737,0.741830683,0.890474069,0.654837144,0.489733634,0.190477311,0.397260274,0.184210526
0.184210526,0.736019764,0.899058432,0.679794038,0.369266487,0.235932831,0.232876712,0.039473684
0.131578947,0.668673406,0.886267164,0.736121328,0.309211649,0.299869117,0.123287671,0.065789474
0.065789474,0.573862232,0.893657674,0.862300035,0.230687564,0.315626243,0.150684932,0.118421053
0.052631579,0.565091034,0.882136058,0.849751877,0.242841519,0.26201979,0.136986301,0.105263158
0.065789474,0.517945843,0.862674381,0.87854293,0.304058133,0.320629771,0.328767123,0.065789474
0.118421053,0.591103119,0.8410145,0.751457967,0.38550155,0.400625797,0.452054795,0.052631579
0.184210526,0.690793271,0.843629604,0.631971611,0.39449786,0.350993939,0.191780822,0.092105263
0.039473684,0.689559822,0.840029099,0.624373003,0.427385034,0.268435633,0.191780822,0.157894737
0.065789474,0.619527284,0.856629322,0.742465119,0.262025704,0.363664207,0.328767123,0.157894737
0.118421053,0.682871783,0.89068252,0.734936224,0.249693014,0.467648941,0.287671233,0.223684211
0.105263158,0.791634643,0.871220843,0.573762096,0.576807192,0.354766792,0.164383562,0.302631579
0.065789474,0.689587231,0.871372443,0.691296517,0.47051966,0.316756048,0.095890411,0.368421053
0.052631579,0.601189997,0.849958913,0.757104638,0.275222278,0.393302055,0.260273973,0.131578947
0.092105263,0.580851781,0.827901083,0.74141944,0.43518978,0.414062709,0.328767123,0.131578947
0.157894737,0.694603261,0.823239376,0.615659004,0.573351656,0.323313086,0.410958904,0.144736842
0.157894737,0.816961479,0.875977299,0.562817313,0.625899639,0.25362679,0.410958904,0.092105263
0.223684211,0.712584218,0.861594229,0.63336585,0.223180709,0.267426862,0.465753425,0.131578947
0.302631579,0.629065962,0.892539623,0.786801947,0.031189918,0.399092449,0.506849315,0.118421053
0.368421053,0.653159348,0.915109104,0.80018665,0.020376472,0.521235173,0.301369863,0.065789474
0.131578947,0.760387249,0.891307871,0.647238537,0.355593287,0.457097145,0.301369863,0.026315789
0.131578947,0.690775062,0.897663021,0.725755203,0.2056418,0.351941932,0.315068493,0.065789474
0.144736842,0.651185829,0.85526492,0.713604354,0.316629136,0.29058838,0.205479452,0.184210526
0.092105263,0.538750028,0.860210877,0.845360021,0.528995676,0.289196229,0.232876712,0.263157895
0.131578947,0.601996443,0.899979522,0.844912844,0.332145109,0.22951542,0.246575342,0.171052632
0.118421053,0.600724028,0.909556746,0.859650979,0.180969545,0.122949752,0.246575342,0.118421053
0.065789474,0.737691773,0.85501857,0.600392078,0.439687935,0.140825291,0.095890411,0.184210526
0.026315789,0.737609543,0.851114865,0.595791086,0.428099973,0.306849862,0.191780822,0.197368421
0.065789474,0.622734253,0.86892789,0.753131054,0.281597147,0.445758482,0.397260274,0.065789474
0.184210526,0.679006973,0.888939117,0.730614081,0.285469731,0.447392702,0.506849315,0.065789474
0.263157895,0.81254847,0.909424096,0.613149372,0.2918446,0.444850583,0.328767123,0.144736842
0.171052632,0.772173547,0.895022076,0.64033705,0.403404803,0.514093069,0.219178082,0.25
0.118421053,0.660477817,0.887006215,0.755640686,0.295925707,0.551518691,0.369863014,0.092105263
0.184210526,0.579700561,0.910238947,0.881889105,0.179569457,0.529930846,0.397260274,0.105263158
0.197368421,0.730154024,0.920415111,0.729568401,0.30381982,0.438354032,0.260273973,0.171052632
0.065789474,0.791990973,0.88399316,0.590632399,0.411626597,0.376576542,0.260273973,0.355263158
0.065789474,0.828089937,0.929170023,0.626882635,0.430006475,0.348108824,0.342465753,0.355263158
0.144736842,0.827404687,0.935973083,0.638663962,0.288984845,0.340018437,0.410958904,0.078947368
0.25,0.794211183,0.953558707,0.704402371,0.372722024,0.340119308,0.178082192,0.144736842
0.092105263,0.727440435,0.874006496,0.660902088,0.284903738,0.37564848,0.191780822,0.197368421
0.105263158,0.655818117,0.899607982,0.774602348,0.318148381,0.442792658,0.315068493,0.25
0.171052632,0.563775354,0.887442065,0.8586053,0.277664985,0.496782433,0.698630137,0.25
0.355263158,0.736842063,0.880961156,0.660135256,0.266196179,0.485020065,0.534246575,0.289473684
0.355263158,0.782644165,0.82577868,0.531795476,0.413294787,0.476909516,0.109589041,0.25
0.078947368,0.588471759,0.863015481,0.797119322,0.419222819,0.517764993,0.260273973,0.105263158
0.144736842,0.625365613,0.892634373,0.803393401,0.235930447,0.51564658,0.315068493,0.289473684
0.197368421,0.681528693,0.9122287,0.771953292,0.220976315,0.507616681,0.410958904,0.289473684
0.25,0.691697801,0.904478139,0.738561248,0.18514002,0.485625351,0.410958904,0.157894737
0.25,0.645210449,0.863887183,0.722039505,0.200868668,0.46526824,0.438356164,0.078947368
0.289473684,0.806490861,0.86925004,0.551384547,0.19514916,0.477817415,0.424657534,0.144736842
0.25,0.833352656,0.864758884,0.524615141,0.267477111,0.54465898,0.219178082,0.210526316
0.105263158,0.840725944,0.830061385,0.455739692,0.321633706,0.602885639,0.438356164,0.368421053
0.289473684,0.623364683,0.887100965,0.787568779,0.176501179,0.613356727,0.438356164,0.236842105
0.289473684,0.805312231,0.919050709,0.639849066,0.140545728,0.543287049,0.328767123,0.039473684
0.157894737,0.789009417,0.922050512,0.66440085,0.12290891,0.551146466,0.191780822,0.092105263
0.078947368,0.834469374,0.942373421,0.638286639,0.203002027,0.528676288,0.287671233,0.131578947
0.144736842,0.81194545,0.920320361,0.625488395,0.144269366,0.465005951,0.397260274,0.210526316
0.210526316,0.823425572,0.91105017,0.605193306,0.196894041,0.426716184,0.561643836,0.289473684
0.368421053,0.787852064,0.901900935,0.620608556,0.09478966,0.462867318,0.342465753,0.197368421
0.236842105,0.583702421,0.883292009,0.829117127,0.218563398,0.506043008,0.068493151,0.236842105
0.039473684,0.551440856,0.898433081,0.896180064,0.442428533,0.553596778,0.219178082,0.105263158
0.092105263,0.704909419,0.918008458,0.749784879,0.238075262,0.557450281,0.273972603,0.197368421
0.131578947,0.64049593,0.920206661,0.824446423,0.140754252,0.554948546,0.342465753,0.184210526
0.210526316,0.656009988,0.89115627,0.761566205,0.246028954,0.581539861,0.493150685,0.236842105
0.289473684,0.69948224,0.920377211,0.756198382,0.231640815,0.595884673,0.369863014,0.315789474
0.197368421,0.767157518,0.906069941,0.667245879,0.37984162,0.622395338,0.465753425,0.381578947
0.236842105,0.805586331,0.862958631,0.557867762,0.29249996,0.606779467,0.232876712,0.473684211
0.105263158,0.843138024,0.83332079,0.46124694,0.164436591,0.585696036,0.369863014,0.460526316
0.197368421,0.883512947,0.849390413,0.447513677,0.075069272,0.527025567,0.315068493,0.434210526
0.184210526,0.836074245,0.729863305,0.319594069,0.3623167,0.51551468,0.452054795,0.368421053
0.236842105,0.732618328,0.483127693,0.10129897,0.283581101,0.583579076,0.493150685,0.236842105
0.315789474,0.683697582,0.457507495,0.113590264,0.492969872,0.574761789,0.630136986,0.118421053
0.381578947,0.709477751,0.481632664,0.116335236,0.264071223,0.596241151,0.739726027,0.131578947
0.473684211,0.725587065,0.554962281,0.192047035,0.136595661,0.6329666,0.739726027,0.171052632
0.460526316,0.79429717,0.675651472,0.291691449,0.092642425,0.568801843,0.657534247,0.210526316
0.434210526,0.86377775,0.74027995,0.313164724,0.149029665,0.493792437,0.602739726,0.355263158
0.368421053,0.846195171,0.743000499,0.333021036,0.095232598,0.50092751,0.493150685,0.434210526
0.236842105,0.817973299,0.795860919,0.425309411,0.406836508,0.517666446,0.287671233,0.381578947
0.118421053,0.793565377,0.824889877,0.48781061,0.529303739,0.459584121,0.246575342,0.526315789
0.131578947,0.609498568,0.855472446,0.745751785,0.3507086,0.46978804,0.356164384,0.223684211
0.171052632,0.632959753,0.882140282,0.769476519,0.26093622,0.536662027,0.369863014,0.184210526
0.210526316,0.754384617,0.866700666,0.616672417,0.135429491,0.53124653,0.547945205,0.342105263
0.355263158,0.809356451,0.846849386,0.529723129,0.034106542,0.465376433,0.657534247,0.381578947
0.434210526,0.812480236,0.863073541,0.589324417,0.101209088,0.409824373,0.616438356,0.315789474
0.381578947,0.818526764,0.912192009,0.609393824,0.293121728,0.406338039,0.671232877,0.342105263
0.526315789,0.827036693,0.943428104,0.645560999,0.247335238,0.472994595,0.369863014,0.328947368
0.223684211,0.819397795,0.961242843,0.682688186,0.359650564,0.510172396,0.356164384,0.25
0.184210526,0.761664323,0.932894638,0.702588877,0.184563118,0.518115369,0.794520548,0.25
0.342105263,0.728043455,0.892065872,0.670173783,0.163870598,0.56493544,0.657534247,0.315789474
0.381578947,0.764087598,0.883497701,0.622132516,0.195984726,0.59148643,0.534246575,0.315789474
0.315789474,0.764087598,0.88336781,0.622142219,0.272749782,0.59148643,0.506849315,0.263157895
0.342105263,0.86676544,0.868738389,0.510672743,0.272660415,0.550207248,0.452054795,0.184210526
0.328947368,0.873809809,0.888958068,0.521966086,0.259553208,0.563018712,0.424657534,0.289473684
0.25,0.813206309,0.809386906,0.453508908,0.223299866,0.640432294,0.575342466,0.394736842
0.25,0.797198873,0.736467205,0.36260447,0.136524199,0.61612075,0.534246575,0.381578947
0.315789474,0.8090674,0.688504688,0.29616894,0.146503549,0.571230191,0.534246575,0.342105263
0.315789474,0.758029989,0.620872044,0.242072434,0.21349925,0.571088936,0.438356164,0.276315789
0.263157895,0.616841104,0.635842564,0.387700787,0.392204099,0.669263172,0.301369863,0.486842105
0.184210526,0.523701941,0.677703173,0.537581572,0.433432223,0.712701092,0.479452055,0.263157895
0.289473684,0.689313132,0.743592415,0.482021114,0.292410593,0.718935355,0.602739726,0.263157895
0.394736842,0.752066453,0.790808354,0.485134835,0.205997066,0.664375913,0.671232877,0.315789474
0.381578947,0.820798878,0.829796085,0.480069178,0.07214994,0.555977479,0.575342466,0.157894737
0.342105263,0.877373108,0.836371744,0.43782371,0.064077092,0.486573576,0.479452055,0.223684211
0.276315789,0.906674393,0.835803243,0.409660065,0.122672264,0.49746837,0.698630137,0.25
0.486842105,0.940909477,0.828033732,0.364138133,0.184722973,0.506466714,0.424657534,0.289473684
0.263157895,0.926738509,0.842113602,0.392998899,0.220857159,0.439201444,0.438356164,0.184210526
0.263157895,0.892201916,0.824509028,0.411193729,0.111739662,0.422758382,0.534246575,0.171052632
0.315789474,0.899575204,0.829379184,0.396275362,0.187016734,0.451165496,0.301369863,0.223684211
0.157894737,0.485711688,0.827143081,0.851564388,0.483060874,0.585635549,0.369863014,0.276315789
0.223684211,0.593707069,0.846510008,0.753619038,0.313382124,0.571714384,0.520547945,0.210526316
0.25,0.630491282,0.777418212,0.587634783,0.277575618,0.55260817,0.575342466,0.157894737
0.289473684,0.740213493,0.805066301,0.51513431,0.293810681,0.551316948,0.356164384,0.184210526
0.184210526,0.650791201,0.803168789,0.604198061,0.443107558,0.629553014,0.342465753,0.355263158
0.171052632,0.602642727,0.663358003,0.436568894,0.364738543,0.719863417,0.479452055,0.631578947
0.223684211,0.578193011,0.636846916,0.421999087,0.212277896,0.734894223,0.589041096,0.513157895
0.276315789,0.599463167,0.630934508,0.390558979,0.321961386,0.733804744,0.465753425,0.368421053
0.210526316,0.719710816,0.67535337,0.341551448,0.295449081,0.728216092,0.342465753,0.342105263
0.157894737,0.668591175,0.665139305,0.374316084,0.313977906,0.724503786,0.575342466,0.289473684
0.184210526,0.671332175,0.661823051,0.371109333,0.499742774,0.691980822,0.589041096,0.381578947
0.355263158,0.744790962,0.68263018,0.339390376,0.333638716,0.689539574,0.97260274,0.473684211
0.631578947,0.801831161,0.79045583,0.438311694,0.206081762,0.61850151,0.821917808,0.434210526
0.513157895,0.822854628,0.827578932,0.476862426,0.21180127,0.523434295,0.698630137,0.460526316
0.368421053,0.878140588,0.857159923,0.466405627,0.267596267,0.503662307,0.602739726,0.184210526
0.342105263,0.856788202,0.788712428,0.379195924,0.479367025,0.497064884,0.575342466,0.171052632
0.289473684,0.804078781,0.726840591,0.347058695,0.409809461,0.510360542,0.712328767,0.144736842
0.381578947,0.765841838,0.670142113,0.319173898,0.337958136,0.481307759,0.794520548,0.144736842
0.473684211,0.725603965,0.611302281,0.268284143,0.38285032,0.444184809,0.794520548,0.184210526
0.434210526,0.721958436,0.587955848,0.24193301,0.3541932,0.405367037,0.753424658,0.223684211
0.460526316,0.75405554,0.688428888,0.333604281,0.359019035,0.425139083,0.273972603,0.263157895
0.184210526,0.579563511,0.809841707,0.708236531,0.469447252,0.605326828,0.328767123,0.302631579
0.171052632,0.497306116,0.744123015,0.685858981,0.445556389,0.729769603,0.315068493,0.526315789
0.144736842,0.507091484,0.627523503,0.486831241,0.202715593,0.809846337,0.287671233,0.618421053
0.144736842,0.483436659,0.520815904,0.343921655,0.155440281,0.838293835,0.410958904,0.565789474
0.184210526,0.500430856,0.505655883,0.308577675,0.122374373,0.801251536,0.465753425,0.513157895
