Date,PM2.5,temperature,dewpoint,humidity,wind_speed,pressure,PM10,traffic
15/6/2017,28,30.89738806,22.53134328,61.53731343,2.900088597,100785.9701,57,3.345138889
16/6/2017,25,31.01272727,23.60727273,65.85454545,3.257431467,100690.4242,55,3.820833333
17/6/2017,22,31.71170213,24.36914894,65.55789474,3.850132,100369.8958,50,1.996180556
18/6/2017,16,30.50833333,23.90729167,68.4375,3.392847333,100324.1667,35,0.986111111
19/6/2017,19,30.22807882,24.57438424,72.85714286,2.755870118,100494.1176,41,3.220833333
20/6/2017,23,29.11653543,24.86299213,79.04724409,2.001472,100576.3386,45,3.592361111
21/6/2017,18,29.37509881,24.78537549,77.46640316,2.530105043,100545.4941,44,3.807986111
22/6/2017,18,28.94229249,24.67905138,78.6284585,2.394402783,100568.0632,41,3.471527778
23/6/2017,13,30.04463668,23.67543253,69.17301038,3.635719087,100471.9031,32,3.974652778
24/6/2017,14,29.30118577,23.73833992,72.60079051,3.320464696,100372.8063,32,2.241666667
25/6/2017,15,30.16126482,23.60395257,68.18577075,3.393263304,100414.9012,33,1.293728223
26/6/2017,15,30.36203704,23.35046296,66.47222222,3.634476593,100509.9537,34,3.080555556
27/6/2017,16,30.42490119,24.0743083,69.1541502,3.011070609,100510,36,3.681403509
28/6/2017,13,29.6313253,24.21767068,74.18875502,2.312399679,100548.8353,29,3.644244604
29/6/2017,19,29.04642857,25.19047619,80.44047619,1.772903873,100541.1111,37,2.496202532
30/6/2017,16,28.56218487,24.94747899,81.26470588,2.009801681,100522.521,34,5.358762887
1/7/2017,17,28.58994413,24.69106145,80.0726257,1.782166168,100571.5084,40,2.341811847
2/7/2017,18,29.74315789,24.41894737,73.45263158,2.137321768,100507.3684,40,1.608680556
3/7/2017,16,28.81578947,24.03789474,76.08421053,2.662946695,100510.5263,40,3.922916667
4/7/2017,17,28.17761194,24.46318408,81.13432836,2.036144876,100617.3632,43,4.354577465
5/7/2017,16,28.83266932,24.87689243,80.04780876,2.663182916,100671.7928,39,3.151736111
6/7/2017,15,29.16705426,24.00232558,74.74418605,2.507755783,100627.7907,30,3.973958333
7/7/2017,11,28.38884462,24.25976096,79.08366534,2.126378709,100660.3984,40,4.392013889
8/7/2017,16,28.68818898,24.71889764,79.87007874,1.858032,100716.2205,28,1.134375
9/7/2017,13,30.2004,24.9912,74.332,2.123261184,100751.76,40,0.275609756
10/7/2017,18,28.80119522,24.77848606,79.69721116,1.559296892,100695.0598,41,0.552430556
11/7/2017,20,29.35866142,24.48110236,75.44094488,2.24312,100561.5354,38,2.820833333
12/7/2017,20,27.52371542,24.41660079,83.59683794,1.739745391,100654.9802,40,3.454513889
13/7/2017,17,28.64291339,24.67440945,79.97637795,2.48424,100620,39,3.645486111
14/7/2017,18,29.19288538,24.15573123,74.52173913,2.43557287,100544.3874,41,3.771527778
15/7/2017,21,29.58577075,23.37905138,69.81422925,3.218864696,100480.8696,36,2.578125
16/7/2017,18,29.66825397,23.59484127,70.22619048,4.274199111,100295.2381,37,1.028222997
17/7/2017,17,28.77795276,24.13188976,76.2992126,3.655696,100302.3228,39,3.006944444
18/7/2017,17,29.36574803,24.6480315,76.05905512,2.608144,100644.0551,32,3.442013889
19/7/2017,17,28.05674603,24.82579365,83.04365079,2.277597841,100693.1746,36,3.702430556
20/7/2017,19,27.55177866,24.18418972,82.50197628,2.953644522,100556.1265,36,3.793402778
21/7/2017,19,28.91825397,23.28452381,71.94444444,2.331703873,100595.5159,33,4.017073171
22/7/2017,14,29.26679842,23.94071146,73.45849802,2.788257391,100677.4704,31,2.538888889
23/7/2017,18,29.73543307,23.62795276,70.80314961,3.612752,100631.4567,36,0.806315789
24/7/2017,18,28.65823293,24.09076305,77.08032129,4.238441896,100522.6104,34,3.236805556
25/7/2017,16,29.45375494,24.07509881,73.20158103,4.726078609,100278.9723,30,3.546875
26/7/2017,15,28.21372549,23.56352941,76.11764706,5.396035765,100209.451,37,3.771785714
27/7/2017,18,29.0292,23.6232,73.156,4.589670272,100288.24,27,4.376655052
28/7/2017,16,28.57637795,24.20905512,77.86614173,3.196512,100481.8898,36,1.194444444
29/7/2017,19,29.57246964,24.56437247,74.71659919,2.204070089,100481.417,42,1.526736111
30/7/2017,22,30.55668016,24.85668016,72.25101215,3.165658559,100375.7895,45,1.135416667
31/7/2017,22,30.79407115,24.74624506,70.66007905,3.698416696,100436.166,50,3.593055556
1/8/2017,25,30.71417323,24.76023622,71.23622047,3.342592,100533.937,44,3.431597222
2/8/2017,22,30.4432,25.0228,73.384,2.602488064,100487.44,45,3.870629371
3/8/2017,24,29.76889764,25.16968504,76.64566929,2.692272,100319.1339,41,4.01993007
4/8/2017,20,29.76574803,25.42204724,78.03937008,1.847648,100208.7402,34,4.721254355
5/8/2017,18,29.5992,25.8616,80.716,1.9490944,100311.64,37,2.494097222
6/8/2017,19,29.03609959,24.86307054,78.45643154,1.677049228,100567.5934,31,1.433449477
7/8/2017,18,28.93253012,25.12971888,80.46184739,1.734838361,100715.1004,33,3.469097222
8/8/2017,18,29.33417722,25.51983122,80.5907173,1.538987072,100734.2194,36,3.876736111
9/8/2017,17,30.00745098,24.95058824,75.41176471,2.549881098,100762,39,4.107291667
10/8/2017,18,30.9015873,24.33373016,69.0515873,2.880924444,100672.619,35,4.353819444
11/8/2017,15,30.5004,24.726,72.436,3.709180288,100670,22,4.780836237
12/8/2017,13,30.85354331,23.92874016,67.44488189,3.27536,100655.2756,25,0.776388889
13/8/2017,14,31.76934307,24.51350365,66.45620438,3.006751883,100673.5401,35,0.516376307
14/8/2017,18,30.86736111,25.65173611,74.52777778,2.522361111,100678.125,33,0.809722222
15/8/2017,16,29.93791946,26.01308725,79.97651007,2.13964145,100563.1208,31,3.275087719
16/8/2017,18,28.3488189,24.61023622,81.01574803,1.792208,100435.9843,27,4.003125
17/8/2017,16,26.96705882,24.74196078,88.12156863,1.601980988,100374.5098,44,3.81184669
18/8/2017,23,28.87295082,23.65327869,74.37704918,2.839620066,100521.2295,45,3.922569444
19/8/2017,18,29.18958333,23.653125,72.72916667,2.938822333,100422.8125,26,2.5975
20/8/2017,13,28.75263158,24.66526316,78.71578947,2.310020379,100344.9474,30,1.073611111
21/8/2017,15,30.161875,24.49,72.0125,2.390267,100333.625,51,3.208928571
22/8/2017,18,30.27509728,24.23501946,70.50194553,3.744351377,100418.2101,47,3.558098592
23/8/2017,16,29.17747036,24.52371542,76.69960474,3.651945739,100410.0395,42,3.577777778
24/8/2017,19,29.04417671,24.53855422,77.28514056,2.20306339,100445.6225,42,3.586805556
25/8/2017,17,29.70040161,24.85220884,75.64658635,2.4660809,100463.1325,36,4.04738676
26/8/2017,18,29.07928287,24.287251,76.39043825,2.462994486,100313.5857,25,2.844097222
27/8/2017,14,27.71062992,24.19645669,82.17716535,2.70336,100323.4646,34,1.230555556
28/8/2017,17,27.40947368,24.06789474,82.8,3.202218105,100442.6316,45,3.042508711
29/8/2017,23,27.46548223,23.76751269,80.65482234,1.457985787,100548.2234,49,3.527272727
30/8/2017,23,30.67208122,25.13147208,73.17766497,2.134445807,100562.2843,38,3.624305556
31/8/2017,19,29.50820313,24.75664063,76.78515625,1.66697025,100686.9141,41,3.48815331
1/9/2017,19,30.67839196,24.84522613,72.41708543,2.19745994,100683.7688,51,3.922661871
2/9/2017,20,30.2787234,24.3787234,71.07446809,2.962828936,100486.2766,31,2.561805556
3/9/2017,14,30.54526316,24.35578947,70.2,4.562160842,100431.0526,34,1.228222997
4/9/2017,14,31.60765306,24.86785714,68.14285714,3.487596245,100494.7959,31,3.097569444
5/9/2017,16,29.8608,25.736,79.22,1.880965504,100584.64,24,3.182638889
6/9/2017,19,28.78181818,25.85533597,84.67193676,1.326984348,100630.4348,27,3.560350877
7/9/2017,16,29.18588235,25.57764706,81.44313725,1.811476204,100689.6863,29,4.191666667
8/9/2017,17,30.77992126,25.88425197,75.79527559,1.713184,100714.9606,30,3.75625
9/9/2017,15,31.47882353,25.70627451,72.40784314,1.903689161,100635.2157,41,2.238194444
10/9/2017,22,29.6524,25.5176,79.048,1.65494208,100722.88,48,1.128125
11/9/2017,29,30.11976285,25.5201581,76.93280632,1.64309287,100763.7549,51,3.210416667
12/9/2017,29,30.56111111,25.33769841,74.61111111,1.241422984,100809.2063,49,3.553125
13/9/2017,29,29.64206349,24.61785714,75.06746032,2.034032,100723.9286,44,3.38125
14/9/2017,23,31.27351779,24.8486166,69.72332016,3.040932174,100420.3953,37,3.351041667
15/9/2017,21,28.77051282,25.03653846,80.99358974,2.045208,100290.8974,31,3.411297071
16/9/2017,15,26.11111,24.66526316,82.17716535,1.150041444,100235.8133,22,
17/9/2017,11,29.44444,24.49,82.8,1.231998778,100266.5972,40,
18/9/2017,18,28.88889,24.23501946,80.65482234,1.202196111,100552.3264,39,
19/9/2017,16,27.77778,24.5237157,73.17766497,1.579075667,100791.3889,47,
20/9/2017,25,26.66667,24.53858674,76.78515625,1.861269667,100794.2014,52,
21/9/2017,35,27.22222,24.85220884,72.41708543,1.105027,100789.8264,47,
22/9/2017,25,29.44444,24.287251,71.07446809,0.917673778,100908.9931,42,
23/9/2017,25,29.44444,24.19645669,70.2,0.825773538,100973.4028,39,
24/9/2017,22,29.44444,24.06789474,68.14285714,1.243115077,100936.25,32,
25/9/2017,14,30,23.76751269,79.22,0.937076556,100778.6458,29,
26/9/2017,13,28.33333,26.13147208,81.28819444,2.938822333,100672.3264,44,
27/9/2017,24,27.68,24.75664063,80.46527778,2.310020379,100623.3333,34,
28/9/2017,16,29.5,25.04522613,71.96527778,2.390267,100609.4097,43,
29/9/2017,22,30,24.3787234,70.63194444,3.744351377,100609.5833,47,
30/9/2017,30,28.33333,24.96842,67.20138889,3.651945739,100670.7292,50,
1/10/2017,30,27.22222,24.86785714,83.72916667,2.20306339,100786.2847,39,
2/10/2017,23,29.44444,25.736,76.37152778,2.4660809,100879.2014,39,
3/10/2017,22,29.44444,25.85533597,73.37177777,2.4112,100858.9583,37,
4/10/2017,19,29.83055556,23.60104167,70.98958333,2.338888444,100845,37,
5/10/2017,19,27.37083333,24.28333333,84.20486111,2.369777667,100915.3125,46,
6/10/2017,26,27.83819444,24.82604167,84.51736111,1.414695333,100911.6667,46,
7/10/2017,27,28.54965278,25.18506944,82.95138889,1.336773778,100897.8472,46,
8/10/2017,28,28.67847222,25.04305556,81.28819444,1.150041444,100860,42,
9/10/2017,22,28.08958333,24.29930556,80.46527778,1.231998778,100824.9653,46,
10/10/2017,27,30.13263889,24.39756944,71.96527778,1.202196111,100846.5625,35,
11/10/2017,21,30.47291667,24.31527778,70.63194444,1.579075667,100961.5972,52,
12/10/2017,34,30.56631944,23.67951389,67.20138889,1.861269667,101061.8056,57,
13/10/2017,44,27.81284722,24.72465278,83.72916667,1.105027,101079.8264,36,
14/10/2017,20,30.11770833,25.31006944,76.37152778,0.917673778,100959.2361,38,
15/10/2017,20,29.91118881,25.36503497,77.59440559,0.825773538,100972.7622,37,
16/10/2017,16,30.48706294,25.73741259,76.29370629,1.243115077,100934.0909,45,
17/10/2017,21,30.20173611,25.33333333,75.65625,0.937076556,100824.5139,45,
18/10/2017,25,30.34716312,25.16347518,74.64539007,1.21128817,100758.617,47,
19/10/2017,25,29.89652778,24.99583333,75.41319444,0.679252444,100820.8333,38,
20/10/2017,19,27.31041667,24.65486111,85.79861111,1.324200778,100895.1389,53,
21/10/2017,32,28.18148148,25.77962963,86.91666667,0.862207704,100708.5185,38,
22/10/2017,25,28.61048951,25.37307692,83.54195804,1.496802462,100771.1888,31,
23/10/2017,19,29.33194444,24.73645833,77.65625,2.206639111,100792.1528,29,
24/10/2017,20,27.09407666,24.73763066,87.35888502,1.54890793,101047.8397,42,
25/10/2017,27,28.14388186,24.44345992,81.13080169,1.484663224,101165.6118,44,
26/10/2017,35,28.89,24.09225092,73.54195804,2.69621,101092.8758,61,
27/10/2017,45,27.63,22.27673611,77.65625,4.023996356,101070.3415,50,
28/10/2017,37,29.8563,21.37188612,70.35888502,2.3174833,101058.3203,56,
29/10/2017,49,29.0004,20.6615625,68.13080169,2.308739786,100784.9225,58,
30/10/2017,46,29.70457516,19.74705882,55.26143791,4.099035399,101042.8758,55,
31/10/2017,42,28.12097561,19.91121951,61.47317073,2.320246634,101030.3415,59,
1/11/2017,43,27.34453125,20.7484375,67.4453125,2.70005175,101013.3203,57,
2/11/2017,43,28.94186047,21.18023256,63.47286822,2.324088186,100784.9225,55,
3/11/2017,40,29.24428044,19.69225092,57.51660517,2.484123749,100780.4428,65,
4/11/2017,51,28.57673611,17.27673611,50.97222222,2.69621,100807.7431,54,
5/11/2017,33,25.74733096,17.37188612,60.67615658,4.023996356,100865.8363,64,
6/11/2017,48,25.285,19.6615625,71.18125,2.3174833,100873.375,54,
7/11/2017,38,27.47328244,21.52519084,70.57251908,2.308739786,100823.0153,51,
8/11/2017,36,27.5995935,21.87154472,71.07317073,1.190834602,100883.4959,47,
9/11/2017,29,28.81295547,22.7097166,70.08502024,1.656762818,100793.1174,47,
10/11/2017,28,29.58433735,23.91807229,72.14056225,1.775233542,100775.1406,37,
11/11/2017,21,27.3648,23.7404,80.892,1.69159936,100832.56,41,
12/11/2017,26,28.798,23.5784,74.972,1.624185728,100694.4,51,
13/11/2017,33,28.16294643,24.67008929,81.80803571,1.601560714,100654.8661,56,
14/11/2017,39,28.99255814,24.88651163,79.13023256,1.201394009,100701.3953,61,
15/11/2017,38,29.46230769,24.29153846,74.74615385,1.453739692,100806.1923,43,
16/11/2017,24,28.42875,25.01625,82.075,1.693536533,100853.3333,60,
17/11/2017,32,29.47011952,25.53545817,79.89641434,0.966568159,100777.251,68,
18/11/2017,45,30.67113821,25.66422764,75.68699187,0.744339772,100656.0569,57,
19/11/2017,37,29.52706422,25.69816514,80.44036697,1.515219523,100672.4312,40,
20/11/2017,23,26.77363184,24.25323383,86.71641791,1.122048159,100783.3831,33,
21/11/2017,19,28.07129187,24.48660287,81.47368421,2.572512,100752.9187,46,
22/11/2017,27,28.86878307,24.36719577,77.71957672,1.539094857,100769.6296,29,
23/11/2017,17,29.04457143,23.18171429,71.04,2.726944,100809.0286,36,
24/11/2017,20,28.35377358,21.54622642,66.95283019,2.532523774,101011.934,54,
25/11/2017,29,27.5268,19.9804,63.852,2.158845568,101135.16,53,
26/11/2017,31,28.04618474,20.16746988,62.71485944,2.214553574,101107.6305,53,
27/11/2017,28,27.80685484,20.60201613,65.14516129,2.231955355,100935.8871,57,
28/11/2017,33,27.71196581,21.71495726,70.2008547,2.558826393,100895.2564,48,
29/11/2017,27,29.27487437,22.42060302,67.13567839,2.295853668,100882.6131,51,
30/11/2017,30,29.25625,22.92864583,69.11458333,1.580938333,100803.9063,49,
1/12/2017,30,29.21560976,22.12,65.93170732,1.802988644,100831.2195,53,
2/12/2017,31,28.96719577,21.60529101,64.88888889,1.39646781,100898.7831,43,
3/12/2017,26,29.32647059,21.72696078,64.15196078,1.269462118,100858.7255,47,
4/12/2017,27,29.83227092,22.112749,63.5059761,2.191386518,100805.9761,33,
5/12/2017,20,27.7,20.92663934,66.67213115,2.434352656,100905.082,49,
6/12/2017,33,28.38232932,21.27871486,65.66666667,2.046330088,100909.6787,54,
7/12/2017,35,29.39291667,21.63708333,63.60416667,2.075010667,100936.5417,53,
8/12/2017,38,30.05816327,22.4872449,64.45408163,1.965835592,101045.4592,39,
9/12/2017,25,27.86055556,19.77,61.63333333,2.914452444,101143.5556,61,
10/12/2017,50,28.4555,20.167,61.43,1.38984736,101146.4,79,
11/12/2017,69,28.62389937,22.16666667,68.50314465,0.797361912,101039.2453,50,
12/12/2017,38,28.645625,24.34375,78.2875,0.8588756,100966.5,49,
13/12/2017,32,28.92636816,25.21343284,80.89054726,1.642482786,100901.194,50,
14/12/2017,34,28.42529183,25.07392996,82.58754864,1.145953121,100905.7198,60,
15/12/2017,42,29.29375,24.73320313,77.50390625,0.71281925,100941.0547,52,
16/12/2017,38,29.40557621,21.90037175,64.81412639,2.041261086,101116.6171,30,
17/12/2017,15,26.17777778,17.46989247,58.89964158,3.563341419,101413.6559,49,
18/12/2017,33,23.31397849,13.44408602,54.24014337,2.563670251,101550.8961,60,
19/12/2017,42,21.37900763,9.892366412,48.5,2.196979786,101656.1069,68,
20/12/2017,51,21.2936803,8.470260223,44.50185874,1.915458379,101745.2416,70,
21/12/2017,53,21.97255639,9.877443609,46.43984962,2.12360806,101581.3158,70,
22/12/2017,58,23.70187266,14.19775281,55.40074906,2.670017558,101235.8427,73,
23/12/2017,62,27.36988848,17.26654275,54.72862454,1.364718394,100902.0818,70,
24/12/2017,59,28.59209622,19.77319588,59.70103093,1.20009501,100872.2337,48,
25/12/2017,30,26.25472973,17.12668919,57.73986486,1.650574378,100987.7027,67,
26/12/2017,60,23.08963211,17.15117057,70.18060201,1.56284586,101106.4883,47,
27/12/2017,45,19.91623616,18.96678967,94.3099631,1.742466244,101130.738,44,
28/12/2017,29,23.2477193,20.79263158,86.42105263,2.562715621,101140,39,
29/12/2017,24,25.02671756,21.5370229,81.65648855,3.237627481,101175.687,36,
30/12/2017,24,27.85519481,22.17305195,72.01623377,1.474941714,101073.2143,34,
31/12/2017,23,27.42960526,20.50657895,66.48355263,2.479013263,101055.1316,34,
1/1/2018,27,26.66644518,19.74086379,66.15946844,1.678404997,101000.7973,40,
2/1/2018,30,27.23484321,19.72787456,64.2195122,1.690185031,100861.115,54,
3/1/2018,40,27.70645161,20.67060932,66.1218638,1.026269247,100829.0323,59,4.058064516
4/1/2018,45,29.02380952,21.08901099,63.22344322,1.065035956,100776.8864,69,3.891519435
5/1/2018,51,30.05432099,21.49341564,61.11934156,0.801360593,100658.3539,60,4.466545455
6/1/2018,48,29.2076,22.5732,67.908,0.763901952,100654.4,27,4.00070922
7/1/2018,19,28.18392157,24.17254902,79.34117647,1.820767624,100818.902,28,3.469473684
8/1/2018,16,27.6358209,24.21492537,82.42537313,0.83903403,100888.209,36,4.518505338
9/1/2018,22,29.90663616,24.60778032,73.72997712,1.273399066,100968.7185,28,4.770212766
10/1/2018,17,27.21428571,24.45892857,84.92857143,1.022604,101025.3571,56,4.932862191
11/1/2018,35,24.58256881,19.45504587,73.4266055,1.480358606,101306.422,56,4.280147059
12/1/2018,37,23.61341991,16.26580087,63.62337662,1.323896381,101394.4589,61,3.967054264
13/1/2018,44,22.38709677,15.07096774,63.5,1.01232929,101386.828,60,3.39375
14/1/2018,45,24.14245283,16.53726415,63.53773585,0.853593358,101242.7358,71,2.754
15/1/2018,55,25.34651163,18.05674419,64.7255814,0.282778791,101025.3488,78,3.7196
16/1/2018,67,27.18651163,19.34325581,63.06976744,0.19295494,100864,92,3.696958175
17/1/2018,87,28.50904762,20.84904762,64.01428571,0.275887543,100780.8095,71,3.702380952
18/1/2018,59,29.30119522,20.49561753,59.85657371,0.456123283,100781.992,70,3.7984375
19/1/2018,59,29.7804,19.8004,56.74,0.575072256,100845.08,73,3.970517928
20/1/2018,51,29.4608,20.1312,57.624,0.612981248,100781.52,81,3.585375494
21/1/2018,72,29.55222672,21.36072874,61.94736842,0.185331563,100701.7004,75,2.889883268
22/1/2018,77,29.646875,23.003125,68.60267857,0.517887857,100648.125,71,3.754372624
23/1/2018,61,29.43448276,24.05689655,73.59051724,0.630480552,100633.4052,69,3.817578125
24/1/2018,61,27.93318182,24.38227273,81.35909091,0.7496048,100573.4545,48,3.809960159
25/1/2018,34,28.35648536,24.66108787,80.84518828,0.826930477,100585.1464,33,3.80503876
26/1/2018,22,28.70401606,24.64538153,79.2248996,0.922087325,100618.8353,32,3.956809339
27/1/2018,19,28.49760956,24.30278884,78.64940239,1.097118088,100715.2191,33,3.655905512
28/1/2018,19,28.71713147,24.28605578,77.68924303,0.975651442,100726.3745,33,3.005952381
29/1/2018,20,28.95421687,25.20240964,80.82730924,1.144350586,100809.6787,32,3.694901961
30/1/2018,21,28.68955823,25.29076305,82.18875502,1.499648643,100807.1888,32,3.855378486
31/1/2018,21,27.31044177,24.85261044,86.72289157,1.971823422,100930.5221,46,4.28467433
1/2/2018,35,27.5625498,23.11593625,77.35059761,3.206933163,101014.0239,59,3.783794466
2/2/2018,51,26.6088,20.5948,69.96,1.839659008,101105.64,64,4.025896414
3/2/2018,52,25.25856574,18.3749004,65.80079681,1.683791299,101276.0558,65,3.558130081
4/2/2018,59,25.36561265,16.86403162,59.83794466,0.914753391,101290.9881,66,2.913833992
5/2/2018,62,25.7124,16.7336,58.092,1.023542784,101424.56,58,3.611020408
6/2/2018,51,24.97452471,15.42927757,55.77946768,1.789859772,101323.7643,81,3.837109375
7/2/2018,86,25.70150376,17.23947368,60.2406015,1.333221173,101142.8195,75,3.8156
8/2/2018,76,26.68446215,21.63984064,74.94023904,1.45385957,101029.004,58,3.764528302
9/2/2018,48,27.23904382,22.45976096,76.10358566,1.7384691,100967.2908,56,3.915322581
10/2/2018,43,28.05511811,22.83110236,74.36220472,1.160544,101066.0236,58,3.564285714
11/2/2018,44,27.60357143,23.86349206,80.47222222,0.553832889,101125.754,67,2.840625
12/2/2018,55,28.65298805,21.16215139,66.21115538,2.51785039,101332.2311,61,3.707058824
13/2/2018,46,27.7784,18.45,57.496,1.44930368,101429.64,82,3.896356275
14/2/2018,72,28.9502008,19.36626506,57.30120482,0.46571155,101330.9639,68,4.164822134
15/2/2018,60,29.14268775,22.24545455,68.02766798,1.344123826,101147.9051,59,3.352918288
16/2/2018,48,29.21314741,24.67211155,77.46215139,0.844032892,100930.7171,57,3.248
17/2/2018,47,29.04642857,25.1765873,80.44444444,1.287191365,100778.6111,52,2.982258065
18/2/2018,41,28.75612648,24.59328063,78.72727273,1.48212313,100854.3478,48,2.71752988
19/2/2018,35,28.64007937,24.81547619,80.30952381,1.247099683,100873.5317,29,3.672156863
20/2/2018,17,28.79880952,24.35436508,77.5952381,1.47132927,100833.6111,36,3.87164751
21/2/2018,21,29.20354331,24.3003937,75.63779528,1.486496,100715.1575,42,3.747560976
22/2/2018,27,28.91111111,24.79325397,78.86111111,1.705493079,100745.7937,46,3.791954023
23/2/2018,33,27.5812,23.8872,80.72,1.608807552,100976.96,55,4.198015873
24/2/2018,41,27.91092437,24.28277311,81.47058824,0.659102252,101121.3025,55,3.522709163
25/2/2018,36,28.515625,24.053125,77.4453125,0.4728845,100961.4844,56,2.83452381
26/2/2018,44,28.85657371,23.75976096,74.87649402,0.950895044,100881.5538,51,3.765490196
27/2/2018,33,27.10318725,23.51792829,81.35458167,1.345216382,100923.1076,58,3.945454545
28/2/2018,42,28.67588933,23.53952569,74.73913043,1.031725913,100818.8538,44,4.083739837
1/3/2018,28,29.42178988,24.93968872,77.6536965,1.147170739,100715.4086,41,3.06031746
2/3/2018,27,29.6438247,25.03904382,76.99601594,1.465614406,100679.8406,32,3.86547619
3/3/2018,19,29.6808,25.1636,77.396,1.465933568,100616.8,30,3.481854839
4/3/2018,19,29.97628458,25.23754941,76.41501976,1.28705113,100708.1818,29,2.933744856
5/3/2018,18,30.18149606,25.58503937,77.31889764,1.430352,100708.4646,32,3.743921569
6/3/2018,20,30.37579365,25.58730159,76.3015873,1.67586781,100783.373,33,3.761023622
7/3/2018,22,30.24448819,25.64527559,77.19685039,1.971024,100793.4252,44,3.73503937
8/3/2018,30,30.0468254,25.43968254,76.88888889,1.612359746,100801.3492,43,3.625296443
9/3/2018,31,25.77782101,22.19494163,81.00389105,1.567771019,101012.2957,64,4.1024
10/3/2018,43,26.30992063,19.85277778,68.46031746,1.086378159,101120.754,72,3.409960159
11/3/2018,61,28.57777778,20.0281746,60.83730159,0.411560635,101048.373,85,2.833877551
12/3/2018,80,29.25411765,22.99686275,69.57647059,0.874620612,100982.7059,56,3.52983871
13/3/2018,43,29.6984252,24.5492126,74.98425197,1.436512,100899.3307,46,3.64229249
14/3/2018,30,29.5772549,24.95529412,76.78823529,2.078998965,100785.3725,47,3.674703557
15/3/2018,27,29.53864542,24.59721116,75.50199203,2.168054948,100794.8606,42,3.744444444
16/3/2018,26,29.5124,24.792,76.352,1.6808704,100835.16,30,3.768774704
17/3/2018,20,29.84782609,24.52727273,74.01581028,1.29517913,100842.6877,24,3.473015873
18/3/2018,16,29.90275591,24.93188976,75.52362205,1.584704,100916.9685,27,2.77875
19/3/2018,16,30.28765432,25.18106996,75.06584362,1.663246354,100822.3457,38,3.627160494
20/3/2018,25,30.67874016,25.57952756,75.12598425,1.318416,100715.9055,40,3.935019455
21/3/2018,26,30.07960784,25.48,76.89019608,2.277099043,100741.451,49,3.727380952
22/3/2018,34,28.38604651,24.2372093,78.87209302,1.494465116,100681.2403,57,3.8528
23/3/2018,45,29.45564202,23.53618677,71.88326848,0.838069541,100803.3074,61,3.92109375
24/3/2018,50,30.37181467,23.96988417,69.76833977,0.3203499,100933.5135,54,3.604761905
25/3/2018,37,29.99688716,24.88871595,74.50583658,0.830068047,101057.1206,53,2.928458498
26/3/2018,31,30.59411765,24.62039216,71.51764706,1.491535812,101005.6078,56,3.700787402
27/3/2018,43,28.47937743,24.70894942,80.49027237,1.83129849,100906.8093,47,4.01547619
28/3/2018,33,29.81789883,25.58287938,78.56031128,1.978108514,100772.4514,44,3.965354331
29/3/2018,28,29.79305019,25.51196911,78.29343629,2.113860571,100753.5135,48,3.946215139
30/3/2018,32,30.43294118,26.07568627,78.10196078,2.211007247,100733.7255,48,4.126720648
31/3/2018,33,29.88599222,25.71361868,78.77042802,1.724843829,100752.4903,56,3.697188755
1/4/2018,42,27.73100775,24.89922481,84.78294574,1.218617178,100819.1473,57,3.023770492
2/4/2018,41,28.42373541,24.96420233,82.10894942,1.581860607,100831.5953,58,3.838823529
3/4/2018,45,28.80161943,24.38178138,77.951417,1.228002591,100784.4534,44,3.795299145
4/4/2018,29,29.58171206,25.72529183,80.26459144,1.913574724,100655.214,52,3.879746835
5/4/2018,34,29.99186047,25.25775194,76.48062016,1.935787163,100627.0543,57,4.151879699
6/4/2018,43,29.90703125,24.36757812,73.21875,1.282620625,100666.2109,31,3.161209964
7/4/2018,19,25.38313725,21.67960784,80.37647059,2.949236831,101097.4118,46,3.606761566
8/4/2018,28,25.72895753,18.00656371,62.86872587,2.518440402,101253.3977,67,2.852857143
9/4/2018,45,28.78710938,19.6484375,59.20703125,1.8601055,101016.0938,56,3.775531915
10/4/2018,38,31.03026052,22.0509018,60.18637275,1.462600208,100827.976,45,3.399090909
11/4/2018,30,30.28484848,25.3137741,75.31129477,1.912419879,100762.8099,35,3.570212766
12/4/2018,21,30.83172414,25.5037931,74.27931034,2.347114152,100672.1034,29,2.587234043
13/4/2018,19,31.14888889,25.97333333,74.83703704,2.187019022,100708.2222,28,2.076842105
14/4/2018,20,31.1390625,26.2609375,76.3046875,2.201497375,100626.6406,28,1.909507042
15/4/2018,20,31.30275591,26.31889764,75.3976378,2.26776,100628.7795,34,2.076678445
16/4/2018,24,31.44094488,25.89133858,73.27165354,2.071696,100753.2677,28,1.901403509
17/4/2018,19,26.99761905,24.43730159,86.21031746,2.172224127,100998.2143,45,2.726760563
18/4/2018,31,28.52529644,23.66205534,76.11857708,1.382466783,100921.9763,33,3.120284698
19/4/2018,22,30.44666667,25.17411765,74.08235294,1.933667137,100729.0196,33,3.410915493
20/4/2018,20,30.64703557,26.07312253,77.12648221,1.987649391,100693.1225,33,3.765836299
21/4/2018,22,30.95889328,25.8743083,75.01976285,2.030409739,100677.9447,28,3.564130435
22/4/2018,17,31.18844622,25.55737052,72.97609562,2.549909036,100670.996,43,2.916254417
23/4/2018,27,31.92122302,25.70251799,70.88489209,2.221692317,100527.6259,36,3.726501767
24/4/2018,23,31.47617188,26.50625,75.5859375,2.29492175,100561.3672,46,3.882332155
25/4/2018,28,31.14514768,25.9350211,74.7257384,2.245008473,100585.443,41,3.860915493
26/4/2018,24,30.09766537,25.69338521,77.54085603,2.807480778,100681.5175,37,3.688501742
27/4/2018,24,28.55968992,23.88914729,76.69379845,2.094157147,100864.4961,30,4.318345324
28/4/2018,21,24.75607843,23.55019608,93.09019608,1.366364612,100979.8039,39,3.8886121
29/4/2018,25,27.0578125,24.03984375,84.16015625,1.403985,100856.6797,29,2.950357143
30/4/2018,19,26.22996109,24.6766537,91.26459144,1.752327222,100845.4086,19,4.172401434
1/5/2018,13,27.21220472,24.56653543,86.22047244,1.720048,100894.8819,26,3.202439024
2/5/2018,15,29.03888889,24.87261905,79.21428571,1.694317079,100881.7063,36,3.790106007
3/5/2018,21,28.94124514,24.79961089,78.78210117,1.688489214,100917.0428,39,3.855087719
4/5/2018,22,29.72529183,24.492607,74.26459144,1.835821074,100847.1984,29,4.007773852
5/5/2018,16,29.87790698,25.25426357,76.9379845,1.496717643,100934.0698,25,3.701060071
6/5/2018,16,30.04414063,26.03828125,79.70703125,1.740662,100886.4453,33,3.029642857
7/5/2018,18,29.7572549,25.86117647,80.31764706,1.950146259,100722.5882,38,3.942402827
8/5/2018,22,31.01490196,26.27882353,76.81568627,1.756078306,100588.549,34,3.884042553
9/5/2018,19,30.86417323,26.79330709,79.2992126,2.035968,100673.4252,32,3.858657244
10/5/2018,17,31.16141732,26.48740157,76.79527559,2.3892,100762.2441,38,3.814134276
11/5/2018,19,28.12539062,24.26796875,79.71875,1.157239875,100802.3047,45,3.961267606
12/5/2018,28,29.88473896,24.9686747,75.94779116,1.442736321,100755.6627,37,3.537102473
13/5/2018,23,30.4896,25.138,73.56,1.279070848,100748.12,37,2.90070922
14/5/2018,22,29.27951807,24.40240964,75.59839357,2.061231422,100763.0522,46,3.388489209
15/5/2018,28,29.56015936,25.29123506,78.20717131,1.673105084,100604.5418,28,3.987062937
16/5/2018,18,31.69718876,25.26947791,70.35341365,1.913654361,100534.0161,26,3.954545455
17/5/2018,16,31.6716,25.8784,72.372,2.559929856,100528.28,33,3.859717314
18/5/2018,20,30.2816,25.9484,77.972,1.956068224,100513.44,35,4.179259259
19/5/2018,21,29.97649402,24.95298805,75.20717131,1.374247267,100495.498,43,3.681690141
20/5/2018,23,31.1528,25.688,73.292,1.211299584,100497.68,41,2.988928571
21/5/2018,24,29.70967742,25.76895161,79.5766129,1.111831742,100548.5081,43,3.924460432
22/5/2018,25,27.84779412,25.09375,85.15808824,1.393384235,100693.4926,41,3.961029412
23/5/2018,25,29.02099237,24.84923664,78.97328244,1.936092702,100664.8855,29,3.639382239
24/5/2018,16,28.17630522,24.26987952,79.79116466,1.953690474,100698.2731,29,4.061403509
25/5/2018,15,29.31633466,25.12749004,78.75298805,2.194592382,100613.3466,29,4.313523132
26/5/2018,15,28.96965812,25.47905983,81.96153846,1.528150838,100681.4103,34,3.771428571
27/5/2018,19,29.43212851,25.02811245,78.4497992,1.880261012,100708.6747,42,2.8
28/5/2018,22,29.9856,25.4748,77.392,1.23740672,100705.28,32,3.9082397
29/5/2018,14,29.34899598,25.48674699,80.03614458,2.547589398,100724.498,28,3.112237762
30/5/2018,16,29.8384,25.8056,79.444,2.752693504,100686.96,41,4.172759857
31/5/2018,24,29.14664311,25.39823322,80.57597173,1.536996184,100750.0707,37,4.307168459
1/6/2018,18,29.87231834,24.81072664,74.67474048,1.708187792,100739.3426,37,4.202857143
2/6/2018,17,30.11145833,24.54618056,73.10416667,2.051572111,100632.2569,26,3.933571429
3/6/2018,14,30.678125,24.73819444,71.42013889,2.076252444,100448.2292,28,3.151957295
4/6/2018,14,30.7633218,24.40207612,69.4083045,1.585058436,100406.263,26,3.950541516
5/6/2018,15,30.56712803,24.64567474,70.98615917,1.568043073,100535.8131,32,4.123049645
6/6/2018,17,29.47421603,24.68222997,76.07665505,2.012614578,100638.5017,36,4.144128114
7/6/2018,16,29.52638889,24.540625,74.88541667,3.223499889,100563.0208,33,4.049084249
8/6/2018,15,28.76180556,24.00138889,75.68402778,3.479771778,100492.3611,26,4.212099644
9/6/2018,13,28.49513889,24.85034722,80.80555556,1.592735222,100463.8542,30,3.73705036
10/6/2018,12,29.20208333,25.73020833,82.08680556,1.382098667,100541.1458,33,3.159285714
11/6/2018,12,30.18506944,25.68506944,77.05208333,2.775373333,100569.5139,29,3.904982206
12/6/2018,11,30.58402778,25.21597222,73.42708333,2.554492111,100650.5903,31,3.981294964
13/6/2018,13,30.82367491,25.16325088,72.18021201,3.057564042,100551.1307,34,4.094964029
14/6/2018,14,30.54270833,25.07777778,73.06597222,3.071226889,100490.1389,36,3.843359375
15/6/2018,18,29.56145833,25.271875,78.35416667,2.544557889,100437.9514,38,4.451079137
16/6/2018,17,29.46701389,25.21631944,78.12152778,2.506838889,100307.6389,38,3.562411348
17/6/2018,20,29.89097222,23.51805556,69.14930556,5.006227111,100181.0764,40,2.947670251
18/6/2018,22,29.58395904,24.33208191,74.11262799,2.858919973,100157.0307,46,3.987912088
19/6/2018,24,30.28268551,24.87915194,73.44522968,2.138209696,100333.1802,32,3.95631769
20/6/2018,15,32.58395904,24.33208191,74.11262799,2.858919973,100157.0307,35,3.975272727
21/6/2018,15,28.28268551,24.87915194,73.44522968,2.138209696,100333.1802,48,4.058365759
22/6/2018,22,30.77118056,24.78506944,70.96180556,2.034497667,100653.9236,51,4.844919786
23/6/2018,22,30.76666667,24.409375,69.46875,2.425347222,100571.5972,41,3.710320285
24/6/2018,19,30.38222997,24.43379791,70.8815331,2.29158623,100546.5505,31,3.094074074
25/6/2018,15,29.71076389,23.65138889,70.27777778,2.498456889,100531.5972,34,3.931046931
26/6/2018,18,28.91654676,24.64064748,78.21582734,1.389522532,100593.5612,39,4.172527473
27/6/2018,19,27.59791667,25.24930556,87.18402778,0.825471778,100686.9444,37,4.174035088
28/6/2018,19,28.55555556,24.47326389,79.60069444,0.499349889,100706.2847,39,4.07
29/6/2018,21,29.40659722,24.29548611,74.52777778,0.823453889,100561.7708,29,4.202173913
30/6/2018,14,29.62847222,24.93263889,76.90972222,2.182579667,100502.8472,36,3.941489362
1/7/2018,16,29.50381944,24.98576389,77.88888889,2.005781556,100552.8125,34,3.252313167
2/7/2018,14,28.87569444,24.82361111,79.55902778,2.750382556,100566.9097,36,4.179928315
3/7/2018,15,29.32777778,24.14027778,73.94097222,2.816817667,100518.9236,34,4.040072202
4/7/2018,14,29.42430556,23.95659722,72.71180556,3.035215333,100498.7153,47,3.95125448
5/7/2018,16,29.79618056,23.94027778,71.08333333,3.437551333,100364.9306,42,4.024275362
6/7/2018,16,29.00069444,23.934375,74.71875,3.615125556,100321.9097,46,4.259498208
7/7/2018,20,29.5625,23.59826389,70.86111111,3.827314333,100365.6944,49,3.754512635
8/7/2018,23,30.16388889,23.95590278,69.75,3.434757333,100305.2431,47,3.060573477
9/7/2018,20,28.99965278,24.15902778,75.84375,2.506062778,100376.2847,54,4.036785714
10/7/2018,24,28.99826389,24.42847222,77.21875,3.385396667,100429.7917,39,3.994160584
11/7/2018,16,28.82222222,23.52256944,73.25,4.218474333,100388.6111,45,3.902898551
12/7/2018,17,29.08958333,23.63125,72.69791667,3.660605667,100296.7708,42,3.999285714
13/7/2018,16,29.47560976,23.89198606,72.22648084,4.076163679,100247.8397,60,4.312056738
14/7/2018,24,29.26006944,24.17743056,74.45138889,2.845999444,100290.9028,40,3.710839161
15/7/2018,19,29.33020833,24.19722222,74.40972222,3.563281333,100403.2639,49,3.036170213
16/7/2018,21,28.82881944,24.27708333,76.63541667,3.546051667,100384.3403,47,3.957303371
17/7/2018,23,27.48125,24.92152778,86.08333333,2.730514111,100150.3125,37,4.541218638
18/7/2018,16,28.66284722,24.10277778,76.67361111,4.508429444,100024.2361,31,3.965090909
19/7/2018,15,28.78993056,24.60173611,78.35069444,1.754166333,100237.1181,39,4.02078853
20/7/2018,17,29.81423611,25.77916667,79.23611111,1.624555778,100401.7708,44,4.244043321
21/7/2018,20,30.42578397,25.28397213,74.29616725,3.002021575,100486.7944,39,3.731448763
22/7/2018,19,29.47152778,24.96145833,77.10416667,2.897378,100490.6944,47,3.183272727
23/7/2018,23,29.65763889,25.02083333,76.54861111,2.801916333,100428.8889,56,4.098207885
24/7/2018,28,29.75902778,24.05416667,71.78819444,3.28295,100492.2569,49,4.029642857
25/7/2018,22,29.81493056,25.03923611,75.77430556,2.769630111,100516.1111,47,4.292222222
26/7/2018,21,29.67847222,24.90590278,75.77430556,2.435281444,100527.5694,46,4.738709677
27/7/2018,22,30.15226481,24.99407666,74.32404181,3.146258174,100461.4286,36,3.226978417
28/7/2018,18,29.97916667,25.06145833,75.21180556,2.705212889,100456.1111,38,2.639007092
29/7/2018,20,29.12777778,24.93229167,78.60763889,2.126699667,100425.4167,44,2.666903915
30/7/2018,20,27.88159722,24.521875,82.30555556,1.834571444,100509.375,45,3.145289855
31/7/2018,21,29.08611111,23.56736111,72.68402778,2.173887222,100630.1736,42,4.115438596
1/8/2018,21,29.39201389,23.59618056,71.36805556,3.205649333,100607.4306,46,4.16975089
2/8/2018,23,29.53125,23.00381944,68.26041667,3.950405556,100651.4583,43,4.0275
3/8/2018,21,29.44965278,23.25451389,69.58680556,3.646325222,100534.3403,37,4.332862191
4/8/2018,18,29.69895833,24.18402778,72.44444444,2.833736889,100444.8611,44,4.036071429
5/8/2018,17,29.065625,24.58333333,76.96180556,2.771027111,100472.5347,32,3.31
6/8/2018,18,28.06493056,24.67638889,82.15277778,1.516055444,100460.2778,41,4.301792115
7/8/2018,22,28.46215278,25.44722222,84.17361111,0.748481556,100349.7569,53,4.425539568
8/8/2018,30,28.89548611,24.05034722,75.94444444,3.201147889,100373.9931,42,4.141696113
9/8/2018,20,29.14513889,22.81041667,69.04861111,4.539629111,100414.6875,34,4.106382979
10/8/2018,19,29.06944444,23.32673611,71.35069444,2.769474889,100452.8819,34,4.308480565
11/8/2018,15,28.54270833,24.09097222,77.06944444,2.687672778,100422.2222,32,3.780645161
12/8/2018,14,28.99895833,23.68506944,73.42013889,3.367701333,100352.4653,33,2.788848921
13/8/2018,15,29.35923345,25.23832753,78.7456446,2.230838634,100398.4669,34,2.870212766
14/8/2018,16,29.39409722,24.95381944,77.37847222,3.200371778,100423.125,36,4.014642857
15/8/2018,16,28.53159722,24.971875,81.56944444,2.818680333,100573.0556,49,4.311956522
16/8/2018,18,29.00487805,24.30348432,76.27874564,2.778657338,100401.7422,38,3.941304348
17/8/2018,17,29.04878049,24.44634146,76.44947735,2.957940627,100054.2509,23,4.170036101
18/8/2018,11,28.66006944,24.90104167,80.57291667,1.203593111,100113.0208,30,4.044765343
19/8/2018,11,28.63958333,25.15104167,81.63194444,1.977996778,100363.75,32,3.102166065
20/8/2018,15,29.36111111,25.83298611,81.61111111,1.907525889,100562.2569,52,3.989323843
21/8/2018,26,29.51881533,25.69337979,80.38675958,2.001711164,100442.6132,46,4.05734767
22/8/2018,23,29.31354167,24.78645833,77.11805556,2.737188667,100352.0486,48,4.241342756
23/8/2018,25,29.23993056,24.94375,78.36111111,2.10947,100430.2778,36,4.223131673
24/8/2018,21,28.38680556,24.709375,81.16666667,1.796542,100540.3125,28,4.65480427
25/8/2018,16,27.18576389,24.84479167,87.45138889,1.387376222,100567.4306,30,4.101766784
26/8/2018,15,27.07465278,24.63368056,86.82638889,1.450706889,100475.1736,29,3.280434783
27/8/2018,16,26.47743056,24.27708333,88.26041667,1.769688556,100576.0417,43,4.571217712
28/8/2018,20,27.40416667,23.88020833,81.93055556,2.194066111,100713.7153,52,4.266666667
29/8/2018,25,28.66701389,23.928125,75.97916667,2.240943222,100628.2986,33,4.029285714
30/8/2018,14,28.65138889,23.86215278,75.60069444,2.412308556,100486.2153,33,4.100350877
31/8/2018,16,27.76423611,24.16631944,81.48263889,1.55067,100650.1042,43,4.46227758
1/9/2018,20,28.56666667,24.79027778,81.10763889,1.486408,100829.0625,40,4.022661871
2/9/2018,19,29.94444444,24.43368056,73.07986111,3.190903222,100634.7917,31,3.399644128
3/9/2018,16,28.65173611,24.43645833,78.93402778,2.637070333,100569.375,26,4.387455197
4/9/2018,15,27.53194444,24.04409722,82.21180556,1.619433444,100701.1111,38,4.405734767
5/9/2018,18,27.27430556,23.63993056,81.43055556,2.452976778,100736.8403,43,4.45483871
6/9/2018,23,28.71527778,23.55451389,75.16666667,3.172897444,100580.6597,49,4.313571429
7/9/2018,23,30.26527778,24.52083333,72.53472222,3.446709444,100460.7292,49,4.395759717
8/9/2018,28,28.94305556,24.25729167,76.04861111,1.348260222,100484.4792,53,3.802508961
9/9/2018,34,27.88506944,24.82430556,83.69097222,0.347853,100711.0764,56,3.245878136
10/9/2018,39,28.19027778,25.23784722,84.35763889,0.291507333,100921.2847,41,3.893454545
11/9/2018,21,29.54861111,24.80173611,76.73958333,2.038223,100810.9028,41,4.098586572
12/9/2018,21,28.66678322,24.91818182,80.65034965,1.256870154,100629.9301,42,4.330685921
13/9/2018,22,28.16527778,24.14131944,80.04513889,1.835192333,100524.3403,34,4.132616487
14/9/2018,18,26.74097222,24.23194444,86.60763889,2.941771556,100521.9444,36,4.478676471
15/9/2018,21,27.54216028,24.96062718,86.58536585,1.916041477,100419.2334,37,3.945487365
16/9/2018,20,27.52604167,25.13611111,87.31944444,1.128310333,100235.8333,37,3.113235294
17/9/2018,16,29.26111111,24.13680556,74.40625,2.476415333,100266.5972,26,3.878985507
18/9/2018,13,29.26006944,24.06527778,74.17708333,2.416033889,100552.3264,33,3.972857143
19/9/2018,16,27.80486111,24.39166667,82.01388889,1.652651,100791.3889,48,4.003345725
20/9/2018,25,28.51770833,24.75833333,80.89236111,1.672829889,100794.2014,56,3.985507246
21/9/2018,31,30.209375,25.13368056,75.04166667,1.706047444,100789.8264,43,4.083643123
22/9/2018,24,29.69791667,24.86979167,76.39583333,2.287354667,100908.9931,35,3.754212454
23/9/2018,20,28.28298611,24.72291667,82.13888889,1.727312889,100973.4028,46,3.30260223
24/9/2018,25,27.25972222,25.14861111,88.42708333,1.121014889,100936.25,48,3.997378277
25/9/2018,26,29.165625,25.33506944,80.84027778,1.768446778,100778.6458,38,4.08962963
26/9/2018,16,29.94895833,24.66770833,73.92013889,2.330196,100672.3264,38,4.073134328
27/9/2018,16,30.40625,25.49548611,75.72569444,2.425968111,100623.3333,44,4.029304029
28/9/2018,22,30.39756944,25.62013889,76.3125,1.691146111,100609.4097,49,4.336296296
29/9/2018,30,29.97708333,25.94236111,79.58680556,2.127475778,100609.5833,32,4.127037037
30/9/2018,18,29.13125,24.48472222,77.42013889,1.669880667,100670.7292,33,3.621933086
1/10/2018,19,28.22395833,24.95381944,83.08333333,1.843108667,100786.2847,42,4.131365314
2/10/2018,24,27.05798611,24.73090278,87.26736111,1.632161667,100879.2014,70,4.163043478
3/10/2018,38,29.25034722,24.61215278,77.38194444,1.572401111,100858.9583,58,3.969402985
4/10/2018,38,29.83055556,23.60104167,70.98958333,2.338888444,100845,27,4.065660377
5/10/2018,17,27.37083333,24.28333333,84.20486111,2.369777667,100915.3125,38,4.469372694
6/10/2018,22,27.83819444,24.82604167,84.51736111,1.414695333,100911.6667,42,3.897794118
7/10/2018,26,28.54965278,25.18506944,82.95138889,1.336773778,100897.8472,49,3.33962963
8/10/2018,30,28.67847222,25.04305556,81.28819444,1.150041444,100860,49,3.801872659
9/10/2018,30,28.08958333,24.29930556,80.46527778,1.231998778,100824.9653,51,3.946886447
10/10/2018,33,30.13263889,24.39756944,71.96527778,1.202196111,100846.5625,50,3.940520446
11/10/2018,30,30.47291667,24.31527778,70.63194444,1.579075667,100961.5972,35,3.831135531
12/10/2018,19,30.56631944,23.67951389,67.20138889,1.861269667,101061.8056,51,4.268864469
13/10/2018,33,27.81284722,24.72465278,83.72916667,1.105027,101079.8264,51,3.189259259
14/10/2018,33,30.11770833,25.31006944,76.37152778,0.917673778,100959.2361,43,2.817910448
15/10/2018,23,29.91118881,25.36503497,77.59440559,0.825773538,100972.7622,33,3.137454545
16/10/2018,17,30.48706294,25.73741259,76.29370629,1.243115077,100934.0909,40,3.873134328
17/10/2018,22,30.20173611,25.33333333,75.65625,0.937076556,100824.5139,48,3.917735849
18/10/2018,27,30.34716312,25.16347518,74.64539007,1.21128817,100758.617,60,3.952398524
19/10/2018,39,29.89652778,24.99583333,75.41319444,0.679252444,100820.8333,44,3.958888889
20/10/2018,29,27.31041667,24.65486111,85.79861111,1.324200778,100895.1389,24,3.912
21/10/2018,14,26.90173611,24.93229167,89.13888889,2.490695778,100976.9792,35,3.122264151
22/10/2018,18,28.84583333,25.29097222,81.84722222,1.425871333,100983.6111,39,3.536940299
23/10/2018,21,28.02986111,25.33125,85.56597222,0.918760333,100979.3056,44,3.143820225
24/10/2018,27,28.22638889,24.79895833,82.43402778,1.467315667,101025.0694,55,3.678700361
25/10/2018,33,28.77708333,25.334375,82.16666667,1.392343333,101049.7569,46,3.658455882
26/10/2018,26,29.634375,25.07222222,77.73611111,2.164573889,101095.3819,53,4.052898551
27/10/2018,29,30.12118056,24.28229167,72.28819444,1.709462333,101068.5069,36,3.564
28/10/2018,19,30.596875,23.73923611,67.47569444,1.042162,101032.2222,46,3.081851852
29/10/2018,26,31.10833333,24.03368056,66.79166667,0.576495333,100931.25,42,3.866420664
30/10/2018,25,30.507393,21.84357977,60.42023346,2.073256716,100911.4397,52,4.027037037
31/10/2018,29,29.19684211,17.32263158,49.54736842,1.6629888,101028.5789,55,4.040647482
1/11/2018,35,28.57712766,16.85319149,50.15957447,2.754051745,101013.4043,65,3.98597786
2/11/2018,40,28.9037037,17.2952381,50.2962963,1.561328593,101050.3704,73,4.202264151
3/11/2018,47,29.10777202,18.6388601,54.06735751,0.89709115,101113.5751,73,3.726523297
4/11/2018,46,29.97817259,20.85025381,59.03045685,0.668063838,101003.1472,67,3.012820513
5/11/2018,44,30.85833333,22.03444444,60.1,0.961881067,100874.0556,63,3.85093633
6/11/2018,39,30.63560209,22.08429319,61.08900524,0.681560461,100886.3351,55,3.970714286
7/11/2018,29,30.27809524,23.05285714,65.68571429,2.305236267,100915.1429,40,4.020938628
8/11/2018,20,29.96890244,23.5847561,68.79878049,2.94337678,100815.1829,37,4.204395604
9/11/2018,21,27.63719512,24.14512195,81.64634146,2.012770341,100832.7439,45,4.407664234
10/11/2018,24,27.9343949,24.63375796,82.82802548,1.544993019,100947.8344,46,3.570909091
11/11/2018,27,29.47257143,24.35085714,75.21714286,0.891014583,100938.5143,59,2.949442379
12/11/2018,38,30.16893939,23.98712121,70.88636364,0.363050667,100825.1515,67,4.111428571
13/11/2018,44,30.20851064,24.28439716,73.85499078,0.712702184,100729.5461,64,3.877573529
14/11/2018,40,30.28510638,25.18439716,74.85460993,1.712702184,100723.5461,68,3.947985348
15/11/2018,51,30.3929078,25.75673759,76.65602837,1.474122326,100838.2624,46,4.074632353
16/11/2018,28,30.29614035,26.08315789,78.50526316,2.059364267,100902.2456,45,4.072759857
17/11/2018,25,29.56478873,25.56373239,79.49647887,1.14703538,100915.9155,77,3.577490775
18/11/2018,37,29.13888889,24.815625,77.88194444,1.039212778,100996.4931,67,2.968978102
19/11/2018,40,29.59548611,24.65863,75.4891,1.20655,101042.1875,58,3.688129496
20/11/2018,35,29.59548611,24.65625,75.48958333,1.60655,101042.1875,56,3.86875
21/11/2018,37,30.89618056,24.38819444,69.9375,1.606084333,100971.1458,52,3.914705882
22/11/2018,36,30.98541667,24.75868056,70.5,1.537786556,100993.1944,50,4.00669145
23/11/2018,30,30.21770833,23.30069444,67.09027778,1.348881111,101126.4236,61,4.028089888
24/11/2018,30,30.01493056,21.96458333,62.5625,0.896718778,101084.5833,58,3.547426471
25/11/2018,35,30.16527778,21.08576389,59.25347222,0.948718222,101007.3264,58,3.041025641
26/11/2018,35,29.51875,19.84652778,56.55902778,1.297813,101007.0833,51,3.867158672
27/11/2018,31,27.73020833,20.12083333,63.8125,2.228991111,101176.0417,41,3.821245421
28/11/2018,25,26.55034722,20.88784722,71.27777778,2.443818667,101250.7986,54,3.897435897
29/11/2018,33,28.64826389,22.09513889,68.51041667,1.708996667,101261.5278,63,3.965467626
30/11/2018,41,29.44320557,22.96027875,68.66550523,1.258721338,101167.6307,68,4.309225092
1/12/2018,40,30.31388889,23.67465278,68.41319444,0.561283556,100981.0764,61,3.84029304
2/12/2018,37,31.03055556,23.79513889,66.30902778,0.519218333,100861.6319,54,3.437174721
3/12/2018,32,31.40173611,23.78472222,64.90625,0.824540444,100880.3819,70,4.048327138
4/12/2018,48,31.83541667,23.64236111,62.63888889,1.147868333,100895.8681,50,4.327137546
5/12/2018,31,31.65590278,23.90034722,64.07638889,1.336152889,100780.1042,51,3.102173913
6/12/2018,31,31.21840278,23.57777778,64.98263889,0.767573889,100751.8056,58,4.110989011
7/12/2018,35,31.31180556,23.66701389,64.23958333,1.159820444,100800.6944,41,4.226373626
8/12/2018,23,26.06909722,23.62604167,86.91666667,2.702418889,101032.1181,46,3.766788321
9/12/2018,28,27.43715278,23.98090278,82.03819444,1.818273111,101008.1597,57,2.553703704
10/12/2018,30,27.903125,22.71493056,73.77083333,1.631696,100975.2778,61,2.948717949
11/12/2018,33,29.29305556,23.22152778,70.15972222,1.716292111,100973.0556,45,3.956015038
12/12/2018,25,28.16027875,23.18675958,74.59581882,2.494233979,101107.7003,44,3.972693727
13/12/2018,24,27.55034722,20.625,66.24652778,2.085876222,101263.125,54,3.923357664
14/12/2018,28,27.240625,20.13923611,65.52083333,1.291448889,101288.9931,62,4.193454545
15/12/2018,32,27.51006944,20.03090278,63.95486111,1.862977111,101287.1181,53,3.732727273
16/12/2018,27,29.03333333,20.84479167,61.51388889,1.724829333,101277.5,44,3.011355311
17/12/2018,23,28.38576389,20.65763889,63.14583333,1.821377556,101271.1111,61,3.959191176
18/12/2018,25,28.42048611,20.596875,62.98611111,2.789343333,101215.1389,62,3.99047619
19/12/2018,38,29.35104167,20.978125,61.40625,1.923824222,101210.9375,90,4.538790036
20/12/2018,59,30.07361111,22.95381944,66.33333333,1.259162667,101088.6806,79,6.3
21/12/2018,50,30.33993056,23.63402778,68.25347222,1.288965333,100925.0694,70,5.807773852
22/12/2018,39,31.04027778,24.17604167,67.73263889,1.579696556,100891.0417,63,3.652592593
23/12/2018,37,30.76979167,22.921875,63.38888889,2.683171333,100879.6875,61,3.061567164
24/12/2018,33,30.10208333,21.78819444,61.78819444,2.320727444,100902.5694,71,3.758029197
25/12/2018,40,29.61770833,20.74930556,60.39930556,1.946331444,100852.5694,77,3.984249084
26/12/2018,47,29.10798611,19.67118056,57.86458333,2.180251333,100788.6806,77,3.835636364
27/12/2018,44,29.06180556,19.24340278,56.55208333,2.030927556,100721.875,74,3.673529412
28/12/2018,46,29.46840278,21.084375,61.11805556,2.056073556,100755.9028,39,3.48576779
29/12/2018,25,27.25798611,23.30902778,79.77777778,2.631482333,101066.0069,43,2.751301115
30/12/2018,24,26.21597222,22.10486111,78.66319444,2.506994111,101280.1736,42,2.082352941
31/12/2018,22,26.33993056,19.96840278,68.75,1.241622556,101417.9861,40,1.921561338
1/1/2019,22,26.04027778,18.01319444,61.63194444,0.995284889,101466.9444,49,1.883461538
2/1/2019,25,26.25555556,17.73541667,59.87152778,0.822988222,101403.1944,53,2.425547445
3/1/2019,28,25.36319444,17.83888889,63.19791667,1.226566,101414.7569,59,2.858064516
4/1/2019,31,26.28159722,19.13090278,64.88194444,0.873280222,101284.0972,60,3.291240876
5/1/2019,34,26.43194444,20.56666667,70.32638889,0.44704,101204.6181,77,3.38302583
6/1/2019,51,27.54166667,22.79930556,76.37152778,0.320378667,101201.5972,74,2.774368231
7/1/2019,58,28.609375,23.37777778,73.86111111,0.646190111,101085.3125,46,3.763468635
8/1/2019,54,28.609375,23.37777778,73.86111111,0.646190111,101085.3125,51,3.88267148
9/1/2019,50,27.95173611,24.496875,81.86805556,0.370049778,101140.1389,60,3.958029197
10/1/2019,47,28.82777778,24.06770833,76.57638889,0.564232778,101086.9792,83,3.90326087
11/1/2019,83,29.37986111,23.45972222,71.36805556,0.268224,101070.625,69,4.048717949
12/1/2019,62,30.39965278,23.259375,67.37847222,0.549021,101034.6181,78,3.43594306
13/1/2019,70,30.22395833,23.90763889,68.97222222,0.573725,100674.1319,78,2.962641509
14/1/2019,64,30.12395833,24.00763889,70.97222222,0.593725,100874.1319,66,3.653505535
15/1/2019,48,28.69513889,24.2625,77.47569444,0.320533889,100913.4375,59,3.853649635
