date,pressure,wind_speed,humidity,temperature,PM10,PM2.5
2017-11-01,101013.3203,2.70005175,67.4453125,27.34453125,57.0,43.0
2017-11-02,100784.9225,2.324088186,63.47286822,28.94186047,55.0,43.0
2017-11-03,100780.4428,2.484123749,57.51660517,29.24428044,65.0,40.0
2017-11-04,100807.7431,2.6962099999999998,50.97222222,28.57673611,54.0,51.0
2017-11-05,100865.8363,4.0239963560000005,60.67615658,25.74733096,64.0,33.0
2017-11-06,100873.375,2.3174832999999997,71.18125,25.285,54.0,48.0
2017-11-07,100823.0153,2.308739786,70.57251908,27.47328244,51.0,38.0
2017-11-08,100883.4959,1.190834602,71.07317073,27.5995935,47.0,36.0
2017-11-09,100793.1174,1.656762818,70.08502024,28.81295547,47.0,29.0
2017-11-10,100775.1406,1.7752335419999998,72.14056225,29.58433735,37.0,28.0
2017-11-11,100832.56,1.69159936,80.892,27.3648,41.0,21.0
2017-11-12,100694.4,1.624185728,74.972,28.798000000000002,51.0,26.0
2017-11-13,100654.8661,1.601560714,81.80803571,28.16294643,56.0,33.0
2017-11-14,100701.3953,1.2013940090000002,79.13023256,28.99255814,61.0,39.0
2017-11-15,100806.1923,1.4537396919999999,74.74615385,29.46230769,43.0,38.0
2017-11-16,100853.3333,1.693536533,82.075,28.42875,60.0,24.0
2017-11-17,100777.25099999999,0.966568159,79.89641434,29.47011952,68.0,32.0
2017-11-18,100656.0569,0.744339772,75.68699187,30.67113821,57.0,45.0
2017-11-19,100672.4312,1.515219523,80.44036697,29.52706422,40.0,37.0
2017-11-20,100783.3831,1.122048159,86.71641791,26.77363184,33.0,23.0
2017-11-21,100752.9187,2.5725119999999997,81.47368421,28.07129187,46.0,19.0
2017-11-22,100769.6296,1.5390948569999998,77.71957672,28.86878307,29.0,27.0
2017-11-23,100809.0286,2.726944,71.04,29.04457143,36.0,17.0
2017-11-24,101011.93400000001,2.532523774,66.95283019,28.35377358,54.0,20.0
2017-11-25,101135.16,2.1588455680000003,63.852,27.5268,53.0,29.0
2017-11-26,101107.6305,2.214553574,62.71485944,28.04618474,53.0,31.0
2017-11-27,100935.8871,2.231955355,65.14516129,27.80685484,57.0,28.0
2017-11-28,100895.2564,2.558826393,70.20085470000001,27.71196581,48.0,33.0
2017-11-29,100882.6131,2.295853668,67.13567839,29.27487437,51.0,27.0
2017-11-30,100803.9063,1.5809383330000002,69.11458333,29.25625,49.0,30.0
2017-12-01,100831.2195,1.802988644,65.93170732,29.21560976,53.0,30.0
2017-12-02,100898.7831,1.39646781,64.88888889,28.96719577,43.0,31.0
2017-12-03,100858.7255,1.2694621179999999,64.15196078,29.32647059,47.0,26.0
2017-12-04,100805.9761,2.1913865180000003,63.505976100000005,29.83227092,33.0,27.0
2017-12-05,100905.082,2.4343526559999997,66.67213115,27.7,49.0,20.0
2017-12-06,100909.6787,2.046330088,65.66666667,28.38232932,54.0,33.0
2017-12-07,100936.5417,2.075010667,63.60416667,29.39291667,53.0,35.0
2017-12-08,101045.4592,1.965835592,64.45408163,30.05816327,39.0,38.0
2017-12-09,101143.5556,2.9144524439999997,61.63333333,27.86055556,61.0,25.0
2017-12-10,101146.4,1.38984736,61.43,28.4555,79.0,50.0
2017-12-11,101039.2453,0.7973619120000001,68.50314465,28.62389937,50.0,69.0
2017-12-12,100966.5,0.8588756,78.2875,28.645625,49.0,38.0
2017-12-13,100901.194,1.642482786,80.89054726,28.92636816,50.0,32.0
2017-12-14,100905.7198,1.145953121,82.58754864,28.42529183,60.0,34.0
2017-12-15,100941.0547,0.71281925,77.50390625,29.29375,52.0,42.0
2017-12-16,101116.6171,2.041261086,64.81412639,29.40557621,30.0,38.0
2017-12-17,101413.6559,3.563341419,58.89964158,26.17777778,49.0,15.0
2017-12-18,101550.8961,2.563670251,54.24014337,23.31397849,60.0,33.0
2017-12-19,101656.1069,2.196979786,48.5,21.37900763,68.0,42.0
2017-12-20,101745.2416,1.9154583790000002,44.50185874,21.293680300000002,70.0,51.0
2017-12-21,101581.3158,2.12360806,46.43984962,21.97255639,70.0,53.0
2017-12-22,101235.8427,2.670017558,55.40074906,23.70187266,73.0,58.0
2017-12-23,100902.0818,1.364718394,54.72862454,27.36988848,70.0,62.0
2017-12-24,100872.2337,1.20009501,59.70103093,28.59209622,48.0,59.0
2017-12-25,100987.7027,1.6505743780000002,57.73986486,26.25472973,67.0,30.0
2017-12-26,101106.4883,1.56284586,70.18060201,23.08963211,47.0,60.0
2017-12-27,101130.73800000001,1.742466244,94.30996309999999,19.91623616,44.0,45.0
2017-12-28,101140.0,2.5627156209999997,86.42105263,23.2477193,39.0,29.0
2017-12-29,101175.68699999999,3.237627481,81.65648855,25.02671756,36.0,24.0
2017-12-30,101073.2143,1.474941714,72.01623377,27.85519481,34.0,24.0
2017-12-31,101055.1316,2.479013263,66.48355263,27.42960526,34.0,23.0
2018-01-01,101000.7973,1.678404997,66.15946844,26.66644518,40.0,27.0
2018-01-02,100861.115,1.690185031,64.2195122,27.23484321,54.0,30.0
2018-01-03,100829.0323,1.026269247,66.12186379999999,27.70645161,59.0,40.0
2018-01-04,100776.8864,1.065035956,63.22344322,29.02380952,69.0,45.0
2018-01-05,100658.3539,0.801360593,61.11934156,30.05432099,60.0,51.0
2018-01-06,100654.4,0.763901952,67.908,29.2076,27.0,48.0
2018-01-07,100818.90199999999,1.8207676240000001,79.34117647,28.18392157,28.0,19.0
2018-01-08,100888.209,0.83903403,82.42537313,27.6358209,36.0,16.0
2018-01-09,100968.7185,1.2733990659999999,73.72997712,29.90663616,28.0,22.0
2018-01-10,101025.3571,1.022604,84.92857143,27.21428571,56.0,17.0
2018-01-11,101306.42199999999,1.480358606,73.42660550000001,24.58256881,56.0,35.0
2018-01-12,101394.4589,1.323896381,63.62337662,23.61341991,61.0,37.0
2018-01-13,101386.82800000001,1.01232929,63.5,22.38709677,60.0,44.0
2018-01-14,101242.7358,0.853593358,63.53773585,24.14245283,71.0,45.0
2018-01-15,101025.3488,0.28277879100000003,64.7255814,25.34651163,78.0,55.0
2018-01-16,100864.0,0.19295494,63.06976744,27.18651163,92.0,67.0
2018-01-17,100780.8095,0.275887543,64.01428571,28.50904762,71.0,87.0
2018-01-18,100781.992,0.456123283,59.85657371,29.30119522,70.0,59.0
2018-01-19,100845.08,0.575072256,56.74,29.7804,73.0,59.0
2018-01-20,100781.52,0.612981248,57.623999999999995,29.4608,81.0,51.0
2018-01-21,100701.7004,0.185331563,61.94736842,29.55222672,75.0,72.0
2018-01-22,100648.125,0.5178878570000001,68.60267857,29.646875,71.0,77.0
2018-01-23,100633.4052,0.6304805520000001,73.59051724,29.43448276,69.0,61.0
2018-01-24,100573.4545,0.7496048000000001,81.35909091,27.93318182,48.0,61.0
2018-01-25,100585.1464,0.826930477,80.84518828,28.35648536,33.0,34.0
2018-01-26,100618.8353,0.922087325,79.22489959999999,28.70401606,32.0,22.0
2018-01-27,100715.2191,1.097118088,78.64940239,28.49760956,33.0,19.0
2018-01-28,100726.3745,0.975651442,77.68924303,28.71713147,33.0,19.0
2018-01-29,100809.6787,1.1443505859999998,80.82730924,28.95421687,32.0,20.0
2018-01-30,100807.1888,1.4996486430000002,82.18875502,28.68955823,32.0,21.0
2018-01-31,100930.5221,1.971823422,86.72289157,27.31044177,46.0,21.0
2018-02-01,101014.0239,3.206933163,77.35059761,27.562549800000003,59.0,35.0
2018-02-02,101105.64,1.8396590080000002,69.96,26.6088,64.0,51.0
2018-02-03,101276.0558,1.6837912990000001,65.80079681,25.25856574,65.0,52.0
2018-02-04,101290.9881,0.914753391,59.83794466,25.36561265,66.0,59.0
2018-02-05,101424.56,1.023542784,58.092,25.7124,58.0,62.0
2018-02-06,101323.7643,1.7898597719999998,55.77946768,24.97452471,81.0,51.0
2018-02-07,101142.8195,1.3332211729999999,60.240601500000004,25.70150376,75.0,86.0
2018-02-08,101029.004,1.45385957,74.94023904,26.68446215,58.0,76.0
2018-02-09,100967.2908,1.7384691000000003,76.10358566,27.23904382,56.0,48.0
2018-02-10,101066.0236,1.160544,74.36220472,28.05511811,58.0,43.0
2018-02-11,101125.754,0.5538328889999999,80.47222222,27.60357143,67.0,44.0
2018-02-12,101332.2311,2.51785039,66.21115538,28.65298805,61.0,55.0
2018-02-13,101429.64,1.44930368,57.496,27.7784,82.0,46.0
2018-02-14,101330.9639,0.46571155,57.30120482,28.950200800000005,68.0,72.0
2018-02-15,101147.9051,1.344123826,68.02766798,29.14268775,59.0,60.0
2018-02-16,100930.7171,0.844032892,77.46215139,29.21314741,57.0,48.0
2018-02-17,100778.6111,1.287191365,80.44444444,29.04642857,52.0,47.0
2018-02-18,100854.3478,1.48212313,78.72727273,28.75612648,48.0,41.0
2018-02-19,100873.5317,1.247099683,80.30952381,28.64007937,29.0,35.0
2018-02-20,100833.6111,1.47132927,77.59523809999999,28.79880952,36.0,17.0
2018-02-21,100715.1575,1.4864959999999998,75.63779528,29.20354331,42.0,21.0
2018-02-22,100745.7937,1.705493079,78.86111111,28.91111111,46.0,27.0
2018-02-23,100976.96,1.6088075519999998,80.72,27.5812,55.0,33.0
2018-02-24,101121.3025,0.659102252,81.47058824,27.91092437,55.0,41.0
2018-02-25,100961.4844,0.47288450000000004,77.4453125,28.515625,56.0,36.0
2018-02-26,100881.5538,0.950895044,74.87649402,28.85657371,51.0,44.0
2018-02-27,100923.1076,1.3452163819999998,81.35458167,27.10318725,58.0,33.0
2018-02-28,100818.8538,1.031725913,74.73913043,28.67588933,44.0,42.0
2018-03-01,100715.4086,1.147170739,77.6536965,29.42178988,41.0,28.0
2018-03-02,100679.8406,1.465614406,76.99601594,29.643824699999996,32.0,27.0
2018-03-03,100616.8,1.465933568,77.396,29.6808,30.0,19.0
2018-03-04,100708.1818,1.28705113,76.41501976,29.97628458,29.0,19.0
2018-03-05,100708.4646,1.430352,77.31889764,30.18149606,32.0,18.0
2018-03-06,100783.373,1.67586781,76.30158730000001,30.37579365,33.0,20.0
2018-03-07,100793.4252,1.971024,77.19685039,30.24448819,44.0,22.0
2018-03-08,100801.3492,1.6123597459999999,76.88888889,30.046825399999996,43.0,30.0
2018-03-09,101012.2957,1.567771019,81.00389105,25.77782101,64.0,31.0
2018-03-10,101120.754,1.0863781590000001,68.46031746,26.30992063,72.0,43.0
2018-03-11,101048.373,0.411560635,60.83730159,28.57777778,85.0,61.0
2018-03-12,100982.7059,0.8746206120000001,69.57647059,29.25411765,56.0,80.0
2018-03-13,100899.3307,1.436512,74.98425197,29.6984252,46.0,43.0
2018-03-14,100785.3725,2.078998965,76.78823529,29.5772549,47.0,30.0
2018-03-15,100794.8606,2.168054948,75.50199203,29.53864542,42.0,27.0
2018-03-16,100835.16,1.6808703999999999,76.352,29.5124,30.0,26.0
2018-03-17,100842.6877,1.29517913,74.01581028,29.84782609,24.0,20.0
2018-03-18,100916.9685,1.5847040000000001,75.52362205,29.90275591,27.0,16.0
2018-03-19,100822.3457,1.663246354,75.06584362,30.28765432,38.0,16.0
2018-03-20,100715.9055,1.318416,75.12598425,30.67874016,40.0,25.0
2018-03-21,100741.451,2.277099043,76.89019608,30.07960784,49.0,26.0
2018-03-22,100681.2403,1.494465116,78.87209302,28.38604651,57.0,34.0
2018-03-23,100803.3074,0.838069541,71.88326848,29.45564202,61.0,45.0
2018-03-24,100933.5135,0.3203499,69.76833977,30.37181467,54.0,50.0
2018-03-25,101057.1206,0.830068047,74.50583658,29.99688716,53.0,37.0
2018-03-26,101005.6078,1.491535812,71.51764706,30.59411765,56.0,31.0
2018-03-27,100906.8093,1.83129849,80.49027237,28.47937743,47.0,43.0
2018-03-28,100772.4514,1.978108514,78.56031128,29.81789883,44.0,33.0
2018-03-29,100753.5135,2.113860571,78.29343629,29.79305019,48.0,28.0
2018-03-30,100733.7255,2.211007247,78.10196078,30.43294118,48.0,32.0
2018-03-31,100752.4903,1.724843829,78.77042802,29.88599222,56.0,33.0
2018-04-01,100819.1473,1.218617178,84.78294574,27.73100775,57.0,42.0
2018-04-02,100831.5953,1.5818606069999999,82.10894942,28.42373541,58.0,41.0
2018-04-03,100784.4534,1.2280025909999999,77.951417,28.80161943,44.0,45.0
2018-04-04,100655.214,1.913574724,80.26459144,29.58171206,52.0,29.0
2018-04-05,100627.0543,1.935787163,76.48062016,29.99186047,57.0,34.0
2018-04-06,100666.2109,1.282620625,73.21875,29.90703125,31.0,43.0
2018-04-07,101097.4118,2.9492368310000003,80.37647059,25.38313725,46.0,19.0
2018-04-08,101253.3977,2.518440402,62.86872587,25.72895753,67.0,28.0
2018-04-09,101016.0938,1.8601055,59.20703125,28.78710938,56.0,45.0
2018-04-10,100827.976,1.462600208,60.18637275,31.03026052,45.0,37.5
2018-04-11,100762.8099,1.912419879,75.31129477,30.28484848,35.0,30.0
2018-04-12,100672.1034,2.347114152,74.27931034,30.83172414,29.0,21.0
2018-04-13,100708.2222,2.187019022,74.83703704,31.14888889,28.0,19.0
2018-04-14,100626.6406,2.201497375,76.3046875,31.1390625,28.0,20.0
2018-04-15,100628.7795,2.26776,75.3976378,31.30275591,34.0,20.0
2018-04-16,100753.2677,2.0716959999999998,73.27165354,31.44094488,28.0,24.0
2018-04-17,100998.2143,2.172224127,86.21031746,26.99761905,45.0,19.0
2018-04-18,100921.9763,1.3824667830000001,76.11857708,28.52529644,33.0,31.0
2018-04-19,100729.0196,1.9336671369999998,74.08235294,30.44666667,33.0,22.0
2018-04-20,100693.1225,1.987649391,77.12648221,30.64703557,33.0,20.0
2018-04-21,100677.9447,2.030409739,75.01976285,30.95889328,28.0,22.0
2018-04-22,100670.996,2.549909036,72.97609562,31.18844622,43.0,17.0
2018-04-23,100527.6259,2.221692317,70.88489209,31.92122302,36.0,27.0
2018-04-24,100561.3672,2.29492175,75.5859375,31.47617188,46.0,23.0
2018-04-25,100585.44300000001,2.245008473,74.72573840000001,31.14514768,41.0,28.0
2018-04-26,100681.5175,2.807480778,77.54085603,30.09766537,37.0,24.0
2018-04-27,100864.4961,2.0941571469999998,76.69379845,28.55968992,30.0,24.0
2018-04-28,100979.8039,1.366364612,93.09019608,24.75607843,39.0,21.0
2018-04-29,100856.6797,1.403985,84.16015625,27.0578125,29.0,25.0
2018-04-30,100845.4086,1.752327222,91.26459144,26.22996109,19.0,19.0
2018-05-01,100894.8819,1.720048,86.22047244,27.21220472,26.0,13.0
2018-05-02,100881.7063,1.6943170790000002,79.21428571,29.03888889,36.0,15.0
2018-05-03,100917.0428,1.688489214,78.78210117,28.94124514,39.0,21.0
2018-05-04,100847.1984,1.835821074,74.26459144,29.72529183,29.0,22.0
2018-05-05,100934.0698,1.4967176430000002,76.9379845,29.87790698,25.0,16.0
2018-05-06,100886.4453,1.740662,79.70703125,30.04414063,33.0,16.0
2018-05-07,100722.5882,1.950146259,80.31764706,29.7572549,38.0,18.0
2018-05-08,100588.549,1.756078306,76.81568627,31.01490196,34.0,22.0
2018-05-09,100673.4252,2.035968,79.29921259999999,30.86417323,32.0,19.0
2018-05-10,100762.2441,2.3892,76.79527559,31.16141732,38.0,17.0
2018-05-11,100802.3047,1.157239875,79.71875,28.12539062,45.0,19.0
2018-05-12,100755.6627,1.442736321,75.94779116,29.88473896,37.0,28.0
2018-05-13,100748.12,1.279070848,73.56,30.4896,37.0,23.0
2018-05-14,100763.0522,2.061231422,75.59839357,29.27951807,46.0,22.0
2018-05-15,100604.5418,1.6731050840000001,78.20717131,29.56015936,28.0,28.0
2018-05-16,100534.0161,1.9136543609999999,70.35341365,31.69718876,26.0,18.0
2018-05-17,100528.28,2.559929856,72.372,31.6716,33.0,16.0
2018-05-18,100513.44,1.956068224,77.972,30.2816,35.0,20.0
2018-05-19,100495.498,1.3742472669999999,75.20717131,29.97649402,43.0,21.33333333
2018-05-20,100497.68,1.211299584,73.292,31.1528,41.0,22.66666667
2018-05-21,100548.5081,1.1118317420000001,79.5766129,29.70967742,43.0,24.0
2018-05-22,100693.4926,1.393384235,85.15808824,27.84779412,41.0,25.0
2018-05-23,100664.8855,1.9360927019999998,78.97328244,29.02099237,29.0,25.0
2018-05-24,100698.2731,1.953690474,79.79116466,28.17630522,29.0,16.0
2018-05-25,100613.3466,2.1945923819999997,78.75298805,29.31633466,29.0,15.0
2018-05-26,100681.4103,1.5281508380000002,81.96153846,28.96965812,34.0,15.0
2018-05-27,100708.6747,1.8802610119999998,78.44979920000002,29.43212851,42.0,19.0
2018-05-28,100705.28,1.23740672,77.392,29.9856,32.0,22.0
2018-05-29,100724.498,2.547589398,80.03614458,29.34899598,28.0,14.0
2018-05-30,100686.96,2.752693504,79.444,29.8384,41.0,16.0
2018-05-31,100750.0707,1.5369961840000002,80.57597173,29.14664311,37.0,24.0
2018-06-01,100739.3426,1.708187792,74.67474048,29.87231834,37.0,18.0
2018-06-02,100632.2569,2.051572111,73.10416667,30.11145833,26.0,17.0
2018-06-03,100448.2292,2.076252444,71.42013889,30.678125,28.0,14.0
2018-06-04,100406.263,1.585058436,69.4083045,30.7633218,26.0,14.0
2018-06-05,100535.8131,1.5680430730000001,70.98615917,30.56712803,32.0,15.0
2018-06-06,100638.5017,2.012614578,76.07665505,29.47421603,36.0,17.0
2018-06-07,100563.0208,3.2234998889999997,74.88541667,29.52638889,33.0,16.0
2018-06-08,100492.3611,3.479771778,75.68402778,28.76180556,26.0,15.0
2018-06-09,100463.8542,1.592735222,80.80555556,28.49513889,30.0,13.0
2018-06-10,100541.1458,1.382098667,82.08680556,29.20208333,33.0,12.0
2018-06-11,100569.5139,2.775373333,77.05208333,30.18506944,29.0,12.0
2018-06-12,100650.5903,2.554492111,73.42708333,30.58402778,31.0,11.0
2018-06-13,100551.1307,3.057564042,72.18021201,30.82367491,34.0,13.0
2018-06-14,100490.1389,3.0712268889999996,73.06597222,30.54270833,36.0,14.0
2018-06-15,100437.9514,2.544557889,78.35416667,29.56145833,38.0,18.0
2018-06-16,100307.6389,2.506838889,78.12152778,29.46701389,38.0,17.0
2018-06-17,100181.0764,5.006227111,69.14930556,29.89097222,40.0,20.0
2018-06-18,100157.0307,2.8589199730000003,74.11262799,29.58395904,46.0,22.0
2018-06-19,100333.1802,2.138209696,73.44522968,30.28268551,32.0,24.0
2018-06-20,100440.0947,2.10363902,72.61742164,30.44551719,35.0,15.0
2018-06-21,100547.0091,2.069068343,71.7896136,30.60834887,48.0,15.0
2018-06-22,100653.9236,2.0344976669999997,70.96180556,30.77118056,51.0,22.0
2018-06-23,100571.5972,2.425347222,69.46875,30.76666667,41.0,22.0
2018-06-24,100546.5505,2.29158623,70.88153309999998,30.38222997,31.0,19.0
2018-06-25,100531.5972,2.498456889,70.27777778,29.71076389,34.0,15.0
2018-06-26,100593.5612,1.389522532,78.21582734,28.91654676,39.0,18.0
2018-06-27,100686.9444,0.8254717779999999,87.18402778,27.59791667,37.0,19.0
2018-06-28,100706.2847,0.499349889,79.60069444,28.55555556,39.0,19.0
2018-06-29,100561.7708,0.823453889,74.52777778,29.40659722,29.0,21.0
2018-06-30,100502.8472,2.1825796669999997,76.90972222,29.62847222,36.0,14.0
2018-07-01,100552.8125,2.005781556,77.88888889,29.50381944,34.0,16.0
2018-07-02,100566.9097,2.7503825560000004,79.55902778,28.87569444,36.0,14.0
2018-07-03,100518.9236,2.816817667,73.94097222,29.32777778,34.0,15.0
2018-07-04,100498.7153,3.035215333,72.71180556,29.42430556,47.0,14.0
2018-07-05,100364.9306,3.437551333,71.08333333,29.79618056,42.0,16.0
2018-07-06,100321.9097,3.615125556,74.71875,29.00069444,46.0,16.0
2018-07-07,100365.6944,3.827314333,70.86111111,29.5625,49.0,20.0
2018-07-08,100305.2431,3.4347573330000003,69.75,30.16388889,47.0,23.0
2018-07-09,100376.2847,2.506062778,75.84375,28.99965278,54.0,20.0
2018-07-10,100429.7917,3.3853966669999997,77.21875,28.99826389,39.0,24.0
2018-07-11,100388.6111,4.2184743330000005,73.25,28.82222222,45.0,16.0
2018-07-12,100296.7708,3.660605667,72.69791667,29.08958333,42.0,17.0
2018-07-13,100247.8397,4.0761636789999995,72.22648084,29.47560976,60.0,16.0
2018-07-14,100290.9028,2.845999444,74.45138889,29.26006944,40.0,24.0
2018-07-15,100403.2639,3.563281333,74.40972222,29.33020833,49.0,19.0
2018-07-16,100384.3403,3.546051667,76.63541667,28.82881944,47.0,21.0
2018-07-17,100150.3125,2.730514111,86.08333333,27.48125,37.0,23.0
2018-07-18,100024.2361,4.508429444,76.67361111,28.66284722,31.0,16.0
2018-07-19,100237.1181,1.7541663330000001,78.35069444,28.78993056,39.0,15.0
2018-07-20,100401.7708,1.6245557780000002,79.23611111,29.81423611,44.0,17.0
2018-07-21,100486.7944,3.002021575,74.29616725,30.42578397,39.0,20.0
2018-07-22,100490.6944,2.897378,77.10416667,29.47152778,47.0,19.0
2018-07-23,100428.8889,2.8019163330000003,76.54861111,29.65763889,56.0,23.0
2018-07-24,100492.2569,3.28295,71.78819444,29.75902778,49.0,28.0
2018-07-25,100516.1111,2.769630111,75.77430556,29.81493056,47.0,22.0
2018-07-26,100527.5694,2.435281444,75.77430556,29.67847222,46.0,21.0
2018-07-27,100461.4286,3.1462581739999997,74.32404181,30.15226481,36.0,22.0
2018-07-28,100456.1111,2.705212889,75.21180556,29.97916667,38.0,18.0
2018-07-29,100425.4167,2.126699667,78.60763889,29.12777778,44.0,20.0
2018-07-30,100509.375,1.834571444,82.30555556,27.88159722,45.0,20.0
2018-07-31,100630.1736,2.173887222,72.68402778,29.08611111,42.0,21.0
2018-08-01,100607.4306,3.205649333,71.36805556,29.39201389,46.0,21.0
2018-08-02,100651.4583,3.950405556,68.26041667,29.53125,43.0,23.0
2018-08-03,100534.3403,3.6463252219999998,69.58680556,29.44965278,37.0,21.0
2018-08-04,100444.8611,2.833736889,72.44444444,29.69895833,44.0,18.0
2018-08-05,100472.5347,2.7710271110000004,76.96180556,29.065625,32.0,17.0
2018-08-06,100460.2778,1.516055444,82.15277778,28.06493056,41.0,18.0
2018-08-07,100349.7569,0.748481556,84.17361111,28.46215278,53.0,22.0
2018-08-08,100373.9931,3.2011478889999996,75.94444444,28.89548611,42.0,30.0
2018-08-09,100414.6875,4.539629111,69.04861111,29.14513889,34.0,20.0
2018-08-10,100452.8819,2.7694748889999996,71.35069444,29.06944444,34.0,19.0
2018-08-11,100422.2222,2.687672778,77.06944444,28.54270833,32.0,15.0
2018-08-12,100352.4653,3.3677013330000003,73.42013889,28.99895833,33.0,14.0
2018-08-13,100398.4669,2.230838634,78.7456446,29.35923345,34.0,15.0
2018-08-14,100423.125,3.200371778,77.37847222,29.39409722,36.0,16.0
2018-08-15,100573.0556,2.818680333,81.56944444,28.53159722,49.0,16.0
2018-08-16,100401.7422,2.778657338,76.27874564,29.00487805,38.0,18.0
2018-08-17,100054.2509,2.9579406269999997,76.44947735,29.04878049,23.0,17.0
2018-08-18,100113.0208,1.203593111,80.57291667,28.66006944,30.0,11.0
2018-08-19,100363.75,1.977996778,81.63194444,28.63958333,32.0,11.0
2018-08-20,100562.2569,1.907525889,81.61111111,29.36111111,52.0,15.0
2018-08-21,100442.6132,2.001711164,80.38675958,29.51881533,46.0,26.0
2018-08-22,100352.0486,2.737188667,77.11805556,29.31354167,48.0,23.0
2018-08-23,100430.2778,2.10947,78.36111111,29.23993056,36.0,25.0
2018-08-24,100540.3125,1.7965419999999999,81.16666667,28.38680556,28.0,21.0
2018-08-25,100567.4306,1.3873762219999999,87.45138889,27.18576389,30.0,16.0
2018-08-26,100475.1736,1.450706889,86.82638889,27.07465278,29.0,15.0
2018-08-27,100576.0417,1.769688556,88.26041667,26.47743056,43.0,16.0
2018-08-28,100713.7153,2.194066111,81.93055556,27.40416667,52.0,20.0
2018-08-29,100628.2986,2.240943222,75.97916667,28.66701389,33.0,25.0
2018-08-30,100486.2153,2.412308556,75.60069444,28.65138889,33.0,14.0
2018-08-31,100650.1042,1.55067,81.48263889,27.76423611,43.0,16.0
2018-09-01,100829.0625,1.486408,81.10763889,28.56666667,40.0,20.0
2018-09-02,100634.7917,3.1909032219999998,73.07986111,29.94444444,31.0,19.0
2018-09-03,100569.375,2.637070333,78.93402778,28.65173611,26.0,16.0
2018-09-04,100701.1111,1.619433444,82.21180556,27.53194444,38.0,15.0
2018-09-05,100736.8403,2.452976778,81.43055556,27.27430556,43.0,18.0
2018-09-06,100580.6597,3.1728974439999997,75.16666667,28.71527778,49.0,23.0
2018-09-07,100460.7292,3.4467094439999997,72.53472222,30.26527778,49.0,23.0
2018-09-08,100484.4792,1.348260222,76.04861111,28.94305556,53.0,28.0
2018-09-09,100711.0764,0.347853,83.69097222,27.88506944,56.0,34.0
2018-09-10,100921.2847,0.29150733300000004,84.35763889,28.19027778,41.0,39.0
2018-09-11,100810.9028,2.038223,76.73958333,29.54861111,41.0,21.0
2018-09-12,100629.9301,1.256870154,80.65034965,28.66678322,42.0,21.0
2018-09-13,100524.3403,1.8351923330000002,80.04513889,28.16527778,34.0,22.0
2018-09-14,100521.9444,2.9417715560000004,86.60763889,26.74097222,36.0,18.0
2018-09-15,100419.2334,1.9160414769999998,86.58536585,27.54216028,37.0,21.0
2018-09-16,100235.8333,1.128310333,87.31944444,27.52604167,37.0,20.0
2018-09-17,100266.5972,2.4764153330000003,74.40625,29.26111111,26.0,16.0
2018-09-18,100552.3264,2.416033889,74.17708333,29.26006944,33.0,13.0
2018-09-19,100791.3889,1.6526509999999999,82.01388889,27.80486111,48.0,16.0
2018-09-20,100794.2014,1.672829889,80.89236111,28.51770833,56.0,25.0
2018-09-21,100789.8264,1.706047444,75.04166667,30.209375,43.0,31.0
2018-09-22,100908.9931,2.287354667,76.39583333,29.69791667,35.0,24.0
2018-09-23,100973.4028,1.727312889,82.13888889,28.28298611,46.0,20.0
2018-09-24,100936.25,1.121014889,88.42708333,27.25972222,48.0,25.0
2018-09-25,100778.6458,1.7684467780000002,80.84027778,29.165625,38.0,26.0
2018-09-26,100672.3264,2.330196,73.92013889,29.94895833,38.0,16.0
2018-09-27,100623.3333,2.425968111,75.72569444,30.40625,44.0,16.0
2018-09-28,100609.4097,1.691146111,76.3125,30.39756944,49.0,22.0
2018-09-29,100609.5833,2.127475778,79.58680556,29.97708333,32.0,30.0
2018-09-30,100670.7292,1.669880667,77.42013889,29.13125,33.0,18.0
2018-10-01,100786.2847,1.8431086669999999,83.08333333,28.22395833,42.0,19.0
2018-10-02,100879.2014,1.6321616669999999,87.26736111,27.05798611,70.0,24.0
2018-10-03,100858.9583,1.572401111,77.38194444,29.25034722,58.0,38.0
2018-10-04,100845.0,2.338888444,70.98958333,29.83055556,27.0,38.0
2018-10-05,100915.3125,2.3697776669999997,84.20486111,27.37083333,38.0,17.0
2018-10-06,100911.6667,1.414695333,84.51736111,27.83819444,42.0,22.0
2018-10-07,100897.8472,1.336773778,82.95138889,28.54965278,49.0,26.0
2018-10-08,100860.0,1.150041444,81.28819444,28.67847222,49.0,30.0
2018-10-09,100824.9653,1.231998778,80.46527778,28.08958333,51.0,30.0
2018-10-10,100846.5625,1.202196111,71.96527778,30.13263889,50.0,33.0
2018-10-11,100961.5972,1.579075667,70.63194444,30.47291667,35.0,30.0
2018-10-12,101061.8056,1.861269667,67.20138889,30.56631944,51.0,19.0
2018-10-13,101079.8264,1.105027,83.72916667,27.81284722,51.0,33.0
2018-10-14,100959.2361,0.9176737779999999,76.37152778,30.11770833,43.0,33.0
2018-10-15,100972.7622,0.825773538,77.59440559,29.91118881,33.0,23.0
2018-10-16,100934.0909,1.2431150770000001,76.29370629,30.48706294,40.0,17.0
2018-10-17,100824.5139,0.937076556,75.65625,30.20173611,48.0,22.0
2018-10-18,100758.617,1.21128817,74.64539007,30.34716312,60.0,27.0
2018-10-19,100820.8333,0.6792524440000001,75.41319444,29.89652778,44.0,39.0
2018-10-20,100895.1389,1.324200778,85.79861111,27.31041667,24.0,29.0
2018-10-21,100976.9792,2.490695778,89.13888889,26.90173611,35.0,14.0
2018-10-22,100983.6111,1.4258713330000001,81.84722222,28.84583333,39.0,18.0
2018-10-23,100979.3056,0.9187603329999999,85.56597222,28.02986111,44.0,21.0
2018-10-24,101025.0694,1.4673156669999998,82.43402778,28.22638889,55.0,27.0
2018-10-25,101049.7569,1.3923433330000001,82.16666667,28.77708333,46.0,33.0
2018-10-26,101095.3819,2.164573889,77.73611111,29.634375,53.0,26.0
2018-10-27,101068.5069,1.709462333,72.28819444,30.12118056,36.0,29.0
2018-10-28,101032.2222,1.042162,67.47569444,30.596875,46.0,19.0
2018-10-29,100931.25,0.576495333,66.79166667,31.10833333,42.0,26.0
2018-10-30,100911.4397,2.073256716,60.42023346,30.507393,52.0,25.0
2018-10-31,101028.5789,1.6629888,49.54736842,29.19684211,55.0,29.0
2018-11-01,101013.4043,2.754051745,50.15957447,28.57712766,65.0,35.0
2018-11-02,101050.3704,1.561328593,50.2962963,28.9037037,73.0,40.0
2018-11-03,101113.5751,0.89709115,54.06735751,29.10777202,73.0,47.0
2018-11-04,101003.1472,0.668063838,59.03045685,29.97817259,67.0,46.0
2018-11-05,100874.0556,0.961881067,60.1,30.85833333,63.0,44.0
2018-11-06,100886.3351,0.6815604609999999,61.08900524,30.63560209,55.0,39.0
2018-11-07,100915.1429,2.3052362669999997,65.68571429,30.27809524,40.0,29.0
2018-11-08,100815.1829,2.94337678,68.79878049,29.96890244,37.0,20.0
2018-11-09,100832.7439,2.012770341,81.64634146,27.63719512,45.0,21.0
2018-11-10,100947.8344,1.544993019,82.82802548,27.934394899999997,46.0,24.0
2018-11-11,100938.5143,0.8910145829999999,75.21714286,29.47257143,59.0,27.0
2018-11-12,100825.1515,0.36305066700000005,70.88636364,30.16893939,67.0,38.0
2018-11-13,100774.3488,1.037876426,72.87048678,30.22702289,64.0,44.0
2018-11-14,100723.5461,1.712702184,74.85460993,30.28510638,68.0,40.0
2018-11-15,100838.2624,1.474122326,76.65602837,30.3929078,46.0,51.0
2018-11-16,100902.2456,2.059364267,78.50526316,30.29614035,45.0,28.0
2018-11-17,100915.9155,1.14703538,79.49647887,29.56478873,77.0,25.0
2018-11-18,100996.4931,1.039212778,77.88194444,29.13888889,67.0,37.0
2018-11-19,101019.3403,1.322881389,76.68576389,29.3671875,58.0,40.0
2018-11-20,101042.1875,1.60655,75.48958333,29.59548611,56.0,35.0
2018-11-21,100971.1458,1.606084333,69.9375,30.89618056,52.0,37.0
2018-11-22,100993.1944,1.537786556,70.5,30.98541667,50.0,36.0
2018-11-23,101126.4236,1.3488811109999999,67.09027778,30.21770833,61.0,30.0
2018-11-24,101084.5833,0.896718778,62.5625,30.01493056,58.0,30.0
2018-11-25,101007.3264,0.948718222,59.25347222,30.16527778,58.0,35.0
2018-11-26,101007.0833,1.2978129999999999,56.55902778,29.51875,51.0,35.0
2018-11-27,101176.0417,2.228991111,63.8125,27.73020833,41.0,31.0
2018-11-28,101250.7986,2.443818667,71.27777778,26.55034722,54.0,25.0
2018-11-29,101261.5278,1.7089966669999999,68.51041667,28.64826389,63.0,33.0
2018-11-30,101167.6307,1.258721338,68.66550523,29.44320557,68.0,41.0
2018-12-01,100981.0764,0.561283556,68.41319444,30.31388889,61.0,40.0
2018-12-02,100861.6319,0.519218333,66.30902778,31.03055556,54.0,37.0
2018-12-03,100880.3819,0.824540444,64.90625,31.40173611,70.0,32.0
2018-12-04,100895.8681,1.147868333,62.63888889,31.83541667,50.0,48.0
2018-12-05,100780.1042,1.336152889,64.07638889,31.65590278,51.0,31.0
2018-12-06,100751.8056,0.767573889,64.98263889,31.21840278,58.0,31.0
2018-12-07,100800.6944,1.159820444,64.23958333,31.31180556,41.0,35.0
2018-12-08,101032.1181,2.7024188889999996,86.91666667,26.06909722,46.0,23.0
2018-12-09,101008.1597,1.8182731109999999,82.03819444,27.43715278,57.0,28.0
2018-12-10,100975.2778,1.6316959999999998,73.77083333,27.903125,61.0,30.0
2018-12-11,100973.0556,1.716292111,70.15972222,29.29305556,45.0,33.0
2018-12-12,101107.7003,2.494233979,74.59581882,28.16027875,44.0,25.0
2018-12-13,101263.125,2.085876222,66.24652778,27.55034722,54.0,24.0
2018-12-14,101288.9931,1.291448889,65.52083333,27.240625,62.0,28.0
2018-12-15,101287.1181,1.862977111,63.95486111,27.51006944,53.0,32.0
2018-12-16,101277.5,1.7248293330000002,61.51388889,29.03333333,44.0,27.0
2018-12-17,101271.1111,1.8213775559999998,63.14583333,28.38576389,61.0,23.0
2018-12-18,101215.1389,2.789343333,62.98611111,28.42048611,62.0,25.0
2018-12-19,101210.9375,1.923824222,61.40625,29.35104167,90.0,38.0
2018-12-20,101088.6806,1.259162667,66.33333333,30.07361111,79.0,59.0
2018-12-21,100925.0694,1.288965333,68.25347222,30.33993056,70.0,50.0
2018-12-22,100891.0417,1.579696556,67.73263889,31.04027778,63.0,39.0
2018-12-23,100879.6875,2.683171333,63.38888889,30.76979167,61.0,37.0
2018-12-24,100902.5694,2.320727444,61.78819444,30.10208333,71.0,33.0
2018-12-25,100852.5694,1.9463314440000001,60.39930556,29.61770833,77.0,40.0
2018-12-26,100788.6806,2.180251333,57.86458333,29.10798611,77.0,47.0
2018-12-27,100721.875,2.030927556,56.55208333,29.06180556,74.0,44.0
2018-12-28,100755.9028,2.056073556,61.11805556,29.46840278,39.0,46.0
2018-12-29,101066.0069,2.631482333,79.77777778,27.25798611,43.0,25.0
2018-12-30,101280.1736,2.506994111,78.66319444,26.21597222,41.5,24.0
2018-12-31,101417.9861,1.241622556,68.75,26.33993056,40.0,22.0
2019-01-01,101466.9444,0.995284889,61.63194444,26.04027778,49.0,22.0
2019-01-02,101403.1944,0.822988222,59.87152778,26.25555556,53.0,25.0
2019-01-03,101414.7569,1.226566,63.19791667,25.36319444,59.0,28.0
2019-01-04,101284.0972,0.873280222,64.88194444,26.28159722,60.0,31.0
2019-01-05,101204.6181,0.44703999999999994,70.32638889,26.43194444,77.0,34.0
2019-01-06,101201.5972,0.320378667,76.37152778,27.54166667,74.0,51.0
2019-01-07,101085.3125,0.646190111,73.86111111,28.609375,46.0,58.0
2019-01-08,101112.7257,0.5081199439999999,77.86458333,28.28055556,51.0,54.33333333
2019-01-09,101140.1389,0.370049778,81.86805556,27.95173611,60.0,50.66666667
2019-01-10,101086.9792,0.5642327779999999,76.57638889,28.82777778,83.0,47.0
2019-01-11,101070.625,0.26822399999999996,71.36805556,29.37986111,69.0,83.0
2019-01-12,101034.6181,0.549021,67.37847222,30.39965278,78.0,62.0
2019-01-13,100954.375,0.5713729999999999,69.17534722,30.26180556,78.0,70.0
2019-01-14,100874.1319,0.593725,70.97222222,30.12395833,66.0,64.0
2019-01-15,100913.4375,0.32053388899999996,77.47569444,28.69513889,59.0,48.0
2019-01-16,101185.3332,0.7,67.0,29.78016,67.0,39.0
2019-01-17,101219.1971,1.5,61.0,29.7246,58.0,51.0
2019-01-18,101354.6527,1.9,64.0,27.39108,70.0,38.0
2019-01-19,101320.7888,1.0,63.0,28.16892,62.0,57.0
2019-01-20,101253.061,0.2,58.0,30.057959999999998,74.0,62.0
2019-01-21,101320.7888,0.6,66.0,30.057959999999998,65.0,72.0
2019-01-22,101456.2444,1.9,63.0,29.169,64.0,52.0
2019-01-23,101456.2444,0.9,55.0,28.83564,60.0,47.0
2019-01-24,101456.2444,1.3,45.0,29.224559999999997,79.0,46.0
2019-01-25,101523.9722,0.8,50.0,29.057879999999997,73.0,74.0
2019-01-26,101591.7,1.0,51.0,28.446720000000003,62.0,60.0
2019-01-27,101659.4278,1.8,50.0,27.668879999999998,73.0,47.0
2019-01-28,101523.9722,0.6,48.0,28.39116,82.0,60.0
2019-01-29,101388.5166,0.2,50.0,28.946759999999998,94.0,71.0
2019-01-30,101422.3805,0.3,57.0,29.28012,79.0,92.0
2019-01-31,101388.5166,0.6,69.0,29.835720000000002,61.0,66.0
2019-02-01,101422.3805,1.2,72.0,29.391240000000003,57.0,44.0
2019-02-02,101320.7888,1.2,77.0,28.8912,44.0,40.0
2019-02-03,101388.5166,1.8,73.0,29.169,50.0,29.0
2019-02-04,101422.3805,1.5,76.0,29.94684,48.0,31.0
2019-02-05,101320.7888,2.2,79.0,29.78016,38.0,30.0
2019-02-06,101219.1971,2.2,81.0,29.057879999999997,41.0,24.0
2019-02-07,101354.6527,1.9,77.0,29.4468,43.0,27.0
2019-02-08,101286.9249,1.3,78.0,29.61348,36.0,25.0
2019-02-09,101253.061,1.9,80.0,29.669040000000003,40.0,20.0
2019-02-10,101388.5166,2.5,81.0,29.7246,41.0,25.0
2019-02-11,101523.9722,2.6,79.0,29.391240000000003,50.0,27.0
2019-02-12,101727.1556,0.7,71.0,30.0024,72.0,36.0
2019-02-13,101591.7,1.6,72.0,30.169079999999997,50.0,62.0
2019-02-14,101422.3805,1.9,77.0,29.33568,50.0,31.0
2019-02-15,101422.3805,2.3,76.0,29.169,43.0,29.0
2019-02-16,101456.2444,2.2,75.0,29.11344,36.0,25.0
2019-02-17,101354.6527,2.6,76.0,28.557840000000002,31.0,20.0
2019-02-18,101286.9249,2.1,75.0,28.8912,26.0,20.0
2019-02-19,101354.6527,1.1,73.0,29.224559999999997,26.0,16.0
2019-02-20,101490.1083,1.0,71.0,29.669040000000003,34.0,19.0
2019-02-21,101490.1083,1.0,76.0,29.557920000000003,31.0,24.0
2019-02-22,101253.061,1.2,72.0,29.835720000000002,37.0,18.0
2019-02-23,101117.6054,1.8,74.0,30.2802,38.0,23.0
2019-02-24,101083.7415,1.6,78.0,29.94684,38.0,22.0
2019-02-25,101151.4693,1.8,78.0,29.89128,38.0,24.0
2019-02-26,101185.3332,1.7,74.0,29.4468,50.0,26.0
2019-02-27,101049.8776,1.1,73.0,29.502359999999996,52.0,30.0
2019-02-28,101016.0137,1.5,75.0,29.61348,50.0,34.0
2019-03-01,101117.6054,1.7,76.0,29.7246,52.0,31.0
2019-03-02,101016.0137,1.6,76.0,29.94684,47.0,32.0
2019-03-03,100914.42199999999,1.8,76.0,30.22464,40.0,30.0
2019-03-04,100982.1498,2.1,76.0,30.0024,46.0,25.0
2019-03-05,101083.7415,1.5,73.0,29.669040000000003,46.0,32.0
2019-03-06,101185.3332,1.3,68.0,29.94684,29.0,32.0
2019-03-07,101185.3332,1.0,72.0,30.0024,33.0,21.0
2019-03-08,101185.3332,1.0,75.0,29.835720000000002,31.0,23.0
2019-03-09,101219.1971,1.3,75.0,29.4468,31.0,22.0
2019-03-10,101253.061,1.2,76.0,29.61348,39.0,20.0
2019-03-11,101253.061,1.4,76.0,29.89128,51.0,27.0
2019-03-12,101185.3332,1.5,63.0,31.058040000000002,42.0,48.0
2019-03-13,101253.061,2.5,75.0,30.39132,34.0,28.0
2019-03-14,101354.6527,3.1,77.0,30.057959999999998,31.0,25.0
2019-03-15,101388.5166,2.8,71.0,30.44688,47.0,23.0
2019-03-16,101422.3805,2.9,85.0,27.61332,47.0,37.0
2019-03-17,101354.6527,1.8,78.0,29.78016,51.0,35.0
2019-03-18,101185.3332,2.4,76.0,30.44688,45.0,37.0
2019-03-19,101151.4693,2.4,74.0,30.502440000000004,41.0,32.0
2019-03-20,101117.6054,2.3,77.0,30.2802,36.0,29.0
2019-03-21,101083.7415,2.5,77.0,30.613559999999996,47.0,29.0
2019-03-22,101016.0137,2.7,76.0,31.058040000000002,53.0,34.0
2019-03-23,100982.1498,2.1,76.0,31.058040000000002,44.0,37.0
2019-03-24,100982.1498,3.0,76.0,30.780240000000003,34.0,31.0
2019-03-25,101185.3332,2.7,83.0,28.50228,38.0,26.0
2019-03-26,101253.061,1.3,77.0,29.94684,36.0,24.0
2019-03-27,101320.7888,2.0,78.0,30.057959999999998,41.0,22.0
2019-03-28,101151.4693,2.1,74.0,30.89136,40.0,24.0
2019-03-29,100982.1498,2.5,76.0,30.780240000000003,38.0,25.0
2019-03-30,100982.1498,1.8,79.0,30.946920000000002,39.0,23.0
2019-03-31,101049.8776,2.8,76.0,30.780240000000003,38.0,24.0
2019-04-01,101219.1971,2.2,73.0,30.44688,39.0,24.0
2019-04-02,101185.3332,1.9,75.0,30.11352,36.0,26.0
2019-04-03,101253.061,2.1,77.0,29.669040000000003,37.0,25.0
2019-04-04,101253.061,2.0,67.0,30.66912,27.0,25.0
2019-04-05,101151.4693,2.4,71.0,31.00248,35.0,19.0
2019-04-06,101117.6054,1.8,76.0,30.8358,28.0,23.0
2019-04-07,101185.3332,1.9,77.0,30.558000000000003,35.0,19.0
2019-04-08,101083.7415,1.5,75.0,30.057959999999998,27.0,24.0
2019-04-09,100982.1498,1.9,75.0,31.446959999999997,31.0,19.0
2019-04-10,101016.0137,2.4,75.0,31.613640000000004,32.0,20.0
2019-04-11,100880.5581,2.4,76.0,31.50252,32.0,20.0
2019-04-12,100846.6942,1.8,76.0,31.613640000000004,28.0,21.0
2019-04-13,100914.42199999999,9.8,84.0,29.78016,24.0,19.0
2019-04-14,100914.42199999999,9.2,67.5,32.44704,20.0,16.0
2019-04-15,100914.42199999999,10.0,69.6,32.44704,21.0,14.0
2019-04-16,100914.42199999999,8.3,69.0,32.66928,29.0,16.0
2019-04-17,100914.42199999999,9.0,65.0,33.16932,32.0,16.0
2019-04-18,100914.42199999999,9.7,70.5,33.11376,33.0,21.0
2019-04-19,100575.78300000001,9.4,66.8,33.16932,48.0,22.0
2019-04-20,100575.78300000001,8.6,59.9,33.78048,55.0,31.0
2019-04-21,100575.78300000001,8.8,63.5,33.44712,34.0,33.0
2019-04-22,100575.78300000001,10.1,67.0,33.22488,39.0,23.0
2019-04-23,100914.42199999999,7.2,71.7,31.00248,37.0,24.0
2019-04-24,100914.42199999999,4.7,63.7,33.280440000000006,39.0,21.0
2019-04-25,100575.78300000001,7.8,72.2,31.83588,46.0,25.0
2019-04-26,100575.78300000001,5.6,71.6,30.72468,49.0,30.0
2019-04-27,100914.42199999999,7.4,72.8,30.8358,26.0,27.0
2019-04-28,100914.42199999999,9.3,65.3,32.61372,24.0,16.0
2019-04-29,100914.42199999999,2.2,72.0,32.44704,27.0,16.0
2019-04-30,100914.42199999999,2.4,71.0,32.5026,28.0,18.0
2019-05-01,100914.42199999999,3.3,65.0,32.83596,25.0,14.0
2019-05-02,100914.42199999999,3.9,64.0,33.39156,28.0,14.0
2019-05-03,100914.42199999999,2.0,68.0,33.50268,25.0,17.0
2019-05-04,100914.42199999999,2.3,72.0,32.33592,31.0,18.0
2019-05-05,100914.42199999999,8.0,65.8,32.11368,47.0,22.0
2019-05-06,100575.78300000001,10.8,60.3,33.11376,60.0,33.0
2019-05-07,100575.78300000001,10.4,59.7,32.61372,61.0,35.0
2019-05-08,100237.144,10.0,60.4,32.44704,61.0,34.0
2019-05-09,100575.78300000001,10.1,61.8,32.11368,55.0,38.0
2019-05-10,100575.78300000001,8.7,64.0,31.33584,54.0,34.0
2019-05-11,100914.42199999999,5.8,68.8,31.280279999999998,55.0,33.0
2019-05-12,100575.78300000001,7.5,70.9,30.335759999999997,39.0,33.0
2019-05-13,100575.78300000001,4.0,81.8,27.946679999999997,43.0,27.0
2019-05-14,100575.78300000001,6.2,81.8,28.280040000000003,55.0,31.0
2019-05-15,100914.42199999999,5.3,73.0,30.335759999999997,51.0,35.0
2019-05-16,100914.42199999999,7.1,72.5,30.335759999999997,49.0,31.0
2019-05-17,100575.78300000001,9.0,64.5,31.613640000000004,58.0,29.0
2019-05-18,100575.78300000001,8.5,63.7,32.11368,53.0,33.0
2019-05-19,100575.78300000001,8.9,59.8,33.16932,42.0,29.0
2019-05-20,100575.78300000001,8.2,68.8,32.5026,43.0,27.0
2019-05-21,100778.9664,1.8,70.0,31.50252,38.0,27.0
2019-05-22,100880.5581,1.0,76.0,29.7246,34.0,23.0
2019-05-23,100914.42199999999,1.5,76.0,29.61348,35.0,24.0
2019-05-24,100880.5581,2.7,69.0,30.89136,40.0,24.0
2019-05-25,100677.3747,2.6,71.0,31.3914,32.0,26.0
2019-05-26,100677.3747,3.0,69.0,31.22472,38.0,21.0
2019-05-27,100609.6469,2.7,73.0,30.39132,41.0,18.0
2019-05-28,100677.3747,1.5,79.0,29.835720000000002,23.0,19.0
2019-05-29,100711.2386,1.7,77.0,30.39132,24.0,15.0
2019-05-30,100812.8303,2.1,89.0,27.72444,30.0,16.0
2019-05-31,100745.1025,1.3,77.0,30.613559999999996,28.0,21.0
2019-06-01,100812.8303,0.9,72.0,31.3914,26.0,20.0
2019-06-02,100914.42199999999,5.7,73.8,30.72468,33.0,15.0
2019-06-03,100914.42199999999,3.8,73.0,30.66912,30.0,22.0
2019-06-04,100778.9664,1.0,65.0,33.78048,45.0,21.0
2019-06-05,100778.9664,2.3,78.0,31.00248,36.0,20.0
2019-06-06,100914.42199999999,1.0,81.0,29.057879999999997,36.0,24.0
2019-06-07,100880.5581,0.7,87.0,28.002240000000004,37.0,25.0
2019-06-08,100812.8303,0.5,79.0,29.61348,28.0,18.0
2019-06-09,100677.3747,1.7,78.0,29.4468,25.0,16.0
2019-06-10,100609.6469,2.2,73.0,30.613559999999996,25.0,14.0
2019-06-11,100778.9664,0.7,80.0,29.169,23.0,17.0
2019-06-12,100745.1025,1.3,75.0,30.780240000000003,23.0,13.0
2019-06-13,100677.3747,1.7,74.0,31.058040000000002,24.0,14.0
2019-06-14,100745.1025,1.9,74.0,31.446959999999997,27.0,13.0
2019-06-15,100711.2386,1.5,76.0,30.169079999999997,30.0,15.0
2019-06-16,100711.2386,2.0,75.0,30.0024,31.0,17.0
2019-06-17,100643.5108,1.2,73.0,30.335759999999997,21.0,13.0
2019-06-18,100745.1025,1.1,75.0,30.0024,20.0,12.0
2019-06-19,100778.9664,1.4,74.0,30.946920000000002,34.0,13.0
2019-06-20,100745.1025,1.4,68.0,32.05812,37.0,18.0
2019-06-21,100541.9191,2.8,69.0,32.39148,32.0,21.0
2019-06-22,100541.9191,1.3,76.0,31.00248,29.0,19.0
2019-06-23,100778.9664,1.1,80.0,29.835720000000002,25.0,20.0
2019-06-24,100812.8303,0.7,83.0,29.00232,26.0,16.0
2019-06-25,100778.9664,0.7,77.0,29.94684,24.0,18.0
2019-06-26,100643.5108,1.0,76.0,28.724520000000002,27.0,14.0
2019-06-27,100643.5108,2.8,77.0,29.33568,31.0,20.0
2019-06-28,100609.6469,2.0,75.0,29.557920000000003,25.0,18.0
2019-06-29,100711.2386,1.1,83.0,28.3356,21.0,13.0
2019-06-30,100575.78300000001,6.3,82.6,28.39116,32.0,14.0
2019-07-01,100711.2386,0.4,81.0,28.780079999999998,43.0,19.0
2019-07-02,100643.5108,0.4,75.0,29.89128,43.0,26.0
2019-07-03,100711.2386,0.6,88.0,26.6688,63.0,20.0
2019-07-04,100643.5108,1.7,82.0,27.78,33.0,21.0
2019-07-05,100812.8303,1.3,87.0,26.27988,43.0,17.0
2019-07-06,100812.8303,1.1,82.0,28.446720000000003,37.0,22.0
2019-07-07,100846.6942,1.3,73.0,29.502359999999996,35.0,24.0
2019-07-08,100846.6942,2.3,74.0,30.44688,35.0,18.0
2019-07-09,100914.42199999999,1.3,78.0,29.28012,43.0,20.0
2019-07-10,100914.42199999999,0.1,74.0,29.835720000000002,59.0,23.0
2019-07-11,101049.8776,0.2,66.0,31.6692,39.0,19.0
2019-07-12,101016.0137,0.4,68.0,30.946920000000002,34.0,20.0
2019-07-13,100948.2859,3.4,72.0,30.2802,26.0,20.0
2019-07-14,100778.9664,4.5,66.0,30.780240000000003,24.0,17.0
2019-07-15,100575.78300000001,3.8,69.0,30.11352,22.0,17.0
2019-07-16,100541.9191,0.3,72.0,30.44688,24.0,18.0
2019-07-17,100440.3274,0.4,71.0,30.502440000000004,22.0,17.0
2019-07-18,100406.4635,0.3,71.0,30.8358,24.0,15.0
2019-07-19,100643.5108,0.6,72.0,30.558000000000003,27.0,16.0
2019-07-20,100609.6469,0.2,78.0,30.2802,17.0,17.0
2019-07-21,100745.1025,0.4,74.0,30.22464,27.0,10.0
2019-07-22,100778.9664,0.2,71.0,31.058040000000002,28.0,14.0
2019-07-23,100711.2386,0.3,76.0,30.22464,39.0,18.0
2019-07-24,100846.6942,0.3,76.0,29.557920000000003,27.0,23.0
2019-07-25,100948.2859,0.5,77.0,28.780079999999998,34.0,17.0
2019-07-26,100982.1498,0.2,71.0,29.7246,28.0,21.0
2019-07-27,100880.5581,0.7,67.0,30.22464,33.0,17.0
2019-07-28,100812.8303,0.4,69.0,31.058040000000002,20.0,17.0
2019-07-29,100846.6942,1.9,65.0,30.66912,25.0,13.0
2019-07-30,100745.1025,3.6,64.0,30.502440000000004,27.0,15.0
2019-07-31,100677.3747,3.4,68.0,29.4468,25.0,17.0
2019-08-01,100711.2386,3.1,84.0,28.946759999999998,24.0,16.0
2019-08-02,100745.1025,5.1,83.0,29.28012,23.0,15.0
2019-08-03,100711.2386,5.8,81.0,29.33568,18.0,14.0
2019-08-04,100541.9191,3.8,89.0,27.946679999999997,22.0,12.0
2019-08-05,100474.1913,1.3,93.0,28.16892,24.0,14.0
2019-08-06,100575.78300000001,4.1,91.0,28.39116,25.0,16.0
2019-08-07,100440.3274,1.3,88.0,28.6134,23.0,16.0
2019-08-08,100203.2801,0.0,85.0,28.3356,25.0,15.0
2019-08-09,100237.144,9.5,78.4,28.8912,18.0,19.0
2019-08-10,100237.144,10.1,75.4,29.169,18.0,11.0
2019-08-11,100237.144,9.6,76.0,29.4468,18.0,12.0
2019-08-12,100575.78300000001,8.3,75.1,29.7246,24.0,12.0
2019-08-13,100948.2859,0.1,85.0,29.78016,33.0,15.0
2019-08-14,100914.42199999999,0.1,86.0,30.0024,32.0,21.0
2019-08-15,100846.6942,0.5,85.0,30.39132,32.0,18.0
2019-08-16,100609.6469,0.3,87.0,30.502440000000004,22.0,20.0
2019-08-17,100846.6942,0.2,80.0,30.0024,20.0,14.0
2019-08-18,101016.0137,0.1,83.0,30.169079999999997,27.0,14.0
2019-08-19,100880.5581,0.2,82.0,30.8358,26.0,16.0
2019-08-20,100711.2386,0.4,94.0,28.724520000000002,23.0,17.0
2019-08-21,100711.2386,0.1,89.0,29.669040000000003,25.0,14.0
2019-08-22,100812.8303,0.1,94.0,29.057879999999997,25.0,15.0
2019-08-23,100880.5581,0.0,93.0,29.4468,24.0,18.0
2019-08-24,100846.6942,0.1,90.0,29.11344,20.0,17.0
2019-08-25,100745.1025,0.5,88.0,29.224559999999997,18.0,13.0
2019-08-26,100812.8303,3.1,94.0,27.27996,24.0,13.0
2019-08-27,100711.2386,1.9,86.0,29.00232,22.0,16.0
2019-08-28,100711.2386,1.7,87.0,29.11344,21.0,14.0
2019-08-29,100541.9191,3.4,86.0,28.83564,25.0,14.0
2019-08-30,100237.144,1.0,86.0,27.78,21.0,15.0
2019-08-31,100575.78300000001,1.2,90.0,28.39116,18.0,10.0
2019-09-01,100745.1025,1.1,83.0,28.0578,25.0,12.0
2019-09-02,100778.9664,3.8,75.0,28.557840000000002,23.0,16.0
2019-09-03,100711.2386,1.5,86.0,26.891040000000004,26.0,16.0
2019-09-04,100745.1025,0.9,84.0,27.5022,27.0,18.0
2019-09-05,100745.1025,0.6,79.0,27.55776,28.0,18.0
2019-09-06,100812.8303,1.4,75.0,29.502359999999996,31.0,23.0
2019-09-07,100914.42199999999,2.3,71.0,29.669040000000003,26.0,22.0
2019-09-08,100982.1498,2.0,78.0,28.3356,29.0,18.0
2019-09-09,100914.42199999999,1.3,80.0,28.446720000000003,26.0,18.0
2019-09-10,101049.8776,1.9,78.0,28.724520000000002,30.0,18.0
2019-09-11,101286.9249,0.8,73.0,29.28012,29.0,22.0
2019-09-12,101219.1971,1.2,69.0,29.94684,20.0,20.0
2019-09-13,100982.1498,2.0,70.0,30.0024,24.0,13.0
2019-09-14,100778.9664,0.6,82.0,27.89112,31.0,17.0
2019-09-15,100745.1025,0.4,81.0,29.224559999999997,28.0,19.0
2019-09-16,100745.1025,1.7,86.0,27.446640000000002,35.0,21.0
2019-09-17,100812.8303,1.3,81.0,29.4468,31.0,26.0
2019-09-18,100948.2859,1.2,76.0,29.224559999999997,33.0,22.0
2019-09-19,101049.8776,1.7,85.0,27.72444,33.0,23.0
2019-09-20,100914.42199999999,1.2,88.0,27.446640000000002,26.0,29.0
2019-09-21,100846.6942,1.1,94.0,26.00208,33.0,19.0
2019-09-22,100914.42199999999,3.3,88.7,26.61324,25.0,24.0
2019-09-23,101253.061,6.6,93.7,25.66872,41.0,18.0
2019-09-24,101253.061,4.5,79.3,28.557840000000002,59.0,26.0
2019-09-25,101253.061,5.4,71.5,29.502359999999996,59.0,39.0
2019-09-26,101253.061,5.3,67.4,30.2802,49.0,40.0
2019-09-27,101253.061,4.3,73.0,29.89128,62.0,33.0
2019-09-28,101253.061,5.2,67.2,30.22464,66.0,46.0
2019-09-29,101253.061,5.1,63.0,30.72468,77.0,50.0
2019-09-30,101253.061,4.5,72.8,30.11352,48.0,69.0
2019-10-01,100914.42199999999,6.7,82.7,28.946759999999998,37.0,34.0
2019-10-02,100914.42199999999,5.5,78.2,29.502359999999996,36.0,24.0
2019-10-03,100914.42199999999,5.6,80.0,29.28012,45.0,25.0
2019-10-04,100914.42199999999,4.1,81.6,27.78,45.0,28.0
2019-10-05,100914.42199999999,3.7,88.0,27.002159999999996,33.0,30.0
2019-10-06,100914.42199999999,3.8,84.7,27.27996,29.0,25.0
2019-10-07,100914.42199999999,4.7,82.6,27.55776,34.0,22.0
2019-10-08,100914.42199999999,4.8,79.9,28.113359999999997,26.0,23.0
2019-10-09,100914.42199999999,4.8,79.1,28.50228,34.0,26.0
2019-10-10,100914.42199999999,4.9,77.6,29.11344,41.0,36.0
2019-10-11,100914.42199999999,4.8,72.0,29.89128,37.0,33.0
2019-10-12,100914.42199999999,5.5,75.8,29.33568,23.0,28.0
2019-10-13,100914.42199999999,4.9,75.2,29.669040000000003,19.0,24.0
2019-10-14,101253.061,5.3,77.3,29.00232,31.0,18.0
2019-10-15,101253.061,5.3,76.3,29.057879999999997,42.0,22.0
2019-10-16,101253.061,5.6,74.0,29.669040000000003,46.0,19.0
2019-10-17,101185.3332,4.0,74.0,29.94684,44.0,21.0
2019-10-18,101117.6054,0.0,60.0,32.33592,46.0,21.0
2019-10-19,101286.9249,0.0,65.0,30.89136,46.0,24.0
2019-10-20,101320.7888,0.0,66.0,31.00248,50.0,23.0
2019-10-21,101049.8776,0.0,64.0,31.50252,69.0,30.0
2019-10-22,100880.5581,0.0,72.0,30.946920000000002,46.0,54.0
2019-10-23,100948.2859,0.0,73.0,31.169159999999998,36.0,27.0
2019-10-24,101016.0137,0.0,75.0,31.280279999999998,42.0,24.0
2019-10-25,101117.6054,0.0,72.0,31.724759999999996,44.0,26.0
2019-10-26,101117.6054,0.0,68.0,32.05812,32.0,28.0
2019-10-27,101049.8776,7.0,71.0,30.89136,34.0,19.0
2019-10-28,101083.7415,1.0,73.0,30.66912,37.0,23.0
2019-10-29,101083.7415,5.0,76.0,29.78016,40.0,24.0
2019-10-30,101049.8776,2.0,65.0,30.169079999999997,48.0,22.0
2019-10-31,100948.2859,1.0,56.0,29.4468,30.0,27.0
2019-11-01,100948.2859,1.0,75.0,25.94652,36.0,17.0
2019-11-02,101049.8776,1.0,85.0,26.05764,39.0,25.0
2019-11-03,101253.061,2.0,82.0,28.002240000000004,41.0,30.0
2019-11-04,101185.3332,2.0,81.0,27.668879999999998,58.0,32.0
2019-11-05,101083.7415,1.0,69.0,29.7246,59.0,45.0
2019-11-06,100914.42199999999,0.0,66.0,30.169079999999997,61.0,44.0
2019-11-07,101083.7415,0.0,67.0,30.502440000000004,61.0,41.0
2019-11-08,101320.7888,4.0,61.0,29.502359999999996,60.0,40.0
2019-11-09,101388.5166,2.0,60.0,28.557840000000002,61.0,42.0
2019-11-10,101286.9249,1.0,60.0,28.16892,69.0,44.0
2019-11-11,101016.0137,3.0,53.0,29.224559999999997,62.0,54.0
2019-11-12,101049.8776,0.0,55.0,30.39132,54.0,48.0
2019-11-13,101219.1971,2.0,70.0,29.169,41.0,37.0
2019-11-14,101286.9249,0.0,73.0,28.780079999999998,46.0,24.0
2019-11-15,101253.061,0.0,63.0,29.33568,54.0,29.0
2019-11-16,101185.3332,0.0,63.0,29.89128,56.0,37.0
2019-11-17,101151.4693,0.0,65.0,30.169079999999997,55.0,37.0
2019-11-18,101185.3332,0.0,74.0,29.7246,51.0,36.0
2019-11-19,101185.3332,1.0,63.0,30.558000000000003,40.0,33.0
2019-11-20,101253.061,5.0,61.0,29.224559999999997,41.0,22.0
2019-11-21,101320.7888,0.0,60.0,29.11344,44.0,25.0
2019-11-22,101354.6527,2.0,53.0,30.39132,51.0,27.0
2019-11-23,101320.7888,1.0,58.0,29.7246,49.0,31.0
2019-11-24,101253.061,0.0,53.0,29.89128,55.0,34.0
2019-11-25,101320.7888,2.0,55.0,30.39132,46.0,33.0
2019-11-26,101320.7888,0.0,53.0,30.22464,47.0,27.0
2019-11-27,101219.1971,1.0,61.0,30.89136,38.0,25.0
2019-11-28,101253.061,6.0,61.0,30.89136,35.0,18.0
2019-11-29,101320.7888,1.0,61.0,29.557920000000003,36.0,21.0
2019-11-30,101286.9249,2.0,62.0,30.2802,39.0,22.0
2019-12-01,101219.1971,2.0,63.0,30.780240000000003,36.0,22.0
2019-12-02,101286.9249,3.0,60.0,29.61348,44.0,17.0
2019-12-03,101490.1083,3.0,62.0,25.5576,51.0,27.0
2019-12-04,101693.2917,1.0,55.0,25.5576,51.0,32.0
2019-12-05,101794.8834,1.0,53.0,24.001920000000002,60.0,33.0
2019-12-06,101862.6112,2.0,52.0,24.057479999999998,58.0,37.0
2019-12-07,101794.8834,1.0,50.0,23.224079999999997,68.0,32.0
2019-12-08,101862.6112,1.0,53.0,23.50188,64.0,45.0
2019-12-09,101693.2917,0.0,57.0,24.22416,68.0,46.0
2019-12-10,101490.1083,0.0,56.0,25.16868,74.0,53.0
2019-12-11,101388.5166,0.0,53.0,26.27988,67.0,52.0
2019-12-12,101456.2444,1.0,53.0,27.168840000000003,68.0,46.0
2019-12-13,101523.9722,1.0,55.0,27.668879999999998,63.0,46.0
2019-12-14,101388.5166,0.0,68.0,25.057560000000002,67.0,44.0
2019-12-15,101253.061,5.0,57.5,28.002240000000004,61.0,46.0
2019-12-16,101253.061,6.2,61.5,28.50228,59.0,40.0
2019-12-17,101253.061,5.5,60.1,29.557920000000003,60.0,39.0
2019-12-18,101253.061,5.6,61.4,29.33568,59.0,37.0
2019-12-19,101253.061,4.2,63.8,29.4468,57.0,40.0
2019-12-20,100914.42199999999,4.5,68.8,29.169,57.0,40.0
2019-12-21,101253.061,3.4,67.8,29.557920000000003,50.0,39.0
2019-12-22,101253.061,4.1,69.3,29.224559999999997,50.0,32.0
2019-12-23,101253.061,3.5,69.2,29.057879999999997,52.0,31.0
2019-12-24,101253.061,4.1,71.0,29.00232,54.0,34.0
2019-12-25,101253.061,3.6,74.5,28.780079999999998,51.0,35.0
2019-12-26,101253.061,3.3,73.5,29.00232,57.0,30.0
2019-12-27,101253.061,4.9,69.2,28.8912,57.0,37.0
2019-12-28,101253.061,6.5,63.2,28.22448,59.0,36.0
2019-12-29,101253.061,4.8,58.6,28.39116,47.5,43.0
2019-12-30,101253.061,5.0,54.6,28.83564,36.0,39.0
2019-12-31,101253.061,5.3,60.7,28.6134,46.0,36.0
2020-01-01,101433.66846666667,4.866666666666666,59.800000000000004,29.13196,52.0,22.0
2020-01-02,101614.27593333334,4.433333333333334,58.9,29.650519999999997,56.0,27.0
2020-01-03,101794.8834,4.0,58.0,30.169079999999997,61.0,29.0
2020-01-04,101591.7,1.0,59.0,29.835720000000002,66.0,39.0
2020-01-05,101354.6527,2.0,60.0,29.89128,69.0,44.0
2020-01-06,101354.6527,4.0,58.0,29.835720000000002,71.0,50.0
2020-01-07,101422.3805,1.0,58.0,30.057959999999998,70.0,52.0
2020-01-08,101286.9249,1.0,61.0,30.39132,93.0,55.0
2020-01-09,101253.061,2.0,64.0,30.335759999999997,64.0,56.0
2020-01-10,101185.3332,1.0,66.0,30.780240000000003,56.0,82.0
2020-01-11,101049.8776,3.0,67.0,30.613559999999996,56.0,49.0
2020-01-12,101049.8776,1.0,81.0,29.11344,56.0,39.0
2020-01-13,101083.7415,1.0,81.0,29.28012,61.0,42.0
2020-01-14,101083.7415,1.0,80.0,28.724520000000002,67.0,37.0
2020-01-15,101253.061,1.0,80.0,28.50228,70.0,39.0
2020-01-16,101253.061,0.0,78.0,28.8912,74.0,42.0
2020-01-17,101253.061,0.0,78.0,29.00232,72.0,50.0
2020-01-18,101354.6527,0.0,78.0,29.224559999999997,76.0,59.0
2020-01-19,101523.9722,3.0,75.0,30.11352,67.0,58.0
2020-01-20,101490.1083,0.0,77.0,29.669040000000003,63.0,65.0
2020-01-21,101320.7888,3.0,78.0,29.557920000000003,58.0,51.0
2020-01-22,101253.061,2.0,78.0,29.502359999999996,48.0,43.0
2020-01-23,101083.7415,3.0,79.0,28.724520000000002,39.0,38.0
2020-01-24,101117.6054,1.0,70.0,29.28012,33.0,27.0
2020-01-25,101016.0137,2.0,56.0,30.0024,40.0,21.0
2020-01-26,101117.6054,3.0,62.0,28.0578,47.0,19.0
2020-01-27,101388.5166,0.0,66.0,29.00232,49.0,24.0
2020-01-28,101320.7888,1.0,63.0,29.057879999999997,56.0,35.0
2020-01-29,101388.5166,5.0,55.0,28.0578,60.0,35.0
2020-01-30,101388.5166,4.666666666666667,57.0,28.1504,68.0,38.0
2020-01-31,101388.5166,4.333333333333333,59.0,28.243,88.0,46.0
2020-02-01,101388.5166,4.0,61.0,28.3356,85.0,64.0
2020-02-02,101557.8361,0.0,71.0,28.8912,80.0,63.0
2020-02-03,101422.3805,1.0,77.0,28.6134,71.0,55.0
2020-02-04,101320.7888,1.0,75.0,28.66896,58.0,45.0
2020-02-05,101253.061,3.0,74.0,28.8912,48.0,34.0
2020-02-06,101354.6527,2.0,76.0,28.780079999999998,59.0,27.0
2020-02-07,101456.2444,0.0,75.0,29.224559999999997,59.0,32.0
2020-02-08,101422.3805,0.0,77.0,29.28012,72.0,38.5
2020-02-09,101591.7,1.0,68.0,29.4468,75.0,45.0
2020-02-10,101456.2444,1.0,55.0,29.557920000000003,71.0,44.0
2020-02-11,101456.2444,0.0,56.0,30.780240000000003,58.0,52.0
2020-02-12,101422.3805,2.0,77.0,29.557920000000003,32.0,40.0
2020-02-13,101320.7888,3.0,76.0,29.391240000000003,29.0,16.0
2020-02-14,101083.7415,5.0,76.0,29.391240000000003,37.0,16.0
2020-02-15,101219.1971,3.0,63.0,29.224559999999997,26.0,23.0
2020-02-16,101320.7888,2.0,64.0,29.502359999999996,38.0,16.0
2020-02-17,101388.5166,4.0,75.0,29.33568,62.0,21.0
2020-02-18,101490.1083,3.0,62.0,28.8912,81.0,39.0
2020-02-19,101625.5639,3.0,51.0,29.33568,86.0,53.0
2020-02-20,101591.7,4.0,56.0,30.39132,79.0,59.0
2020-02-21,101828.7473,5.0,47.0,29.94684,82.0,54.0
2020-02-22,101761.0195,5.0,48.0,29.7246,80.0,58.0
2020-02-23,101727.1556,3.0,50.0,29.7246,87.0,58.0
2020-02-24,101490.1083,4.0,49.0,30.39132,89.0,70.0
2020-02-25,101253.061,1.0,72.0,29.11344,73.0,76.0
2020-02-26,101286.9249,3.0,76.0,29.33568,75.0,49.0
2020-02-27,101219.1971,1.0,79.0,28.6134,50.0,54.0
2020-02-28,101117.6054,2.0,78.0,28.946759999999998,49.0,35.0
2020-02-29,101049.8776,1.0,77.0,29.00232,51.0,29.0
2020-03-01,101151.4693,2.0,76.0,29.7246,47.0,27.0
2020-03-02,101083.7415,3.0,77.0,29.669040000000003,33.0,29.0
2020-03-03,101151.4693,3.0,76.0,29.835720000000002,29.0,22.0
2020-03-04,101185.3332,3.0,75.0,29.7246,31.0,16.0
2020-03-05,101185.3332,2.0,75.0,30.0024,30.0,20.0
2020-03-06,101354.6527,3.0,75.0,29.94684,32.0,18.0
2020-03-07,101354.6527,2.0,76.0,29.94684,39.0,20.0
2020-03-08,101151.4693,1.0,77.0,30.558000000000003,56.0,27.0
2020-03-09,100880.5581,1.0,64.0,31.22472,49.0,44.0
2020-03-10,100914.42199999999,2.0,74.0,30.72468,54.0,37.0
2020-03-11,101049.8776,1.0,74.0,31.058040000000002,44.0,40.0
2020-03-12,101219.1971,4.0,76.0,30.613559999999996,37.0,32.0
2020-03-13,101320.7888,1.0,76.0,30.613559999999996,35.0,26.0
2020-03-14,101151.4693,2.0,77.0,30.8358,37.0,21.0
2020-03-15,101388.5166,5.0,86.0,27.11328,57.0,26.0
2020-03-16,101320.7888,2.0,78.0,28.780079999999998,46.0,40.0
2020-03-17,101354.6527,2.0,79.0,29.7246,44.0,23.0
2020-03-18,101185.3332,1.0,77.0,30.057959999999998,40.0,23.0
2020-03-19,101083.7415,3.0,77.0,30.057959999999998,36.0,25.0
2020-03-20,101185.3332,2.0,76.0,30.0024,35.0,23.0
2020-03-21,101117.6054,1.6666666666666667,73.33333333333333,30.520960000000002,29.0,24.0
2020-03-22,101049.87759999999,1.3333333333333335,70.66666666666667,31.03952,30.0,20.0
2020-03-23,100982.1498,1.0,68.0,31.55808,28.0,21.0
2020-03-24,101049.8776,1.0,74.0,30.335759999999997,31.0,19.0
2020-03-25,100948.2859,2.0,75.0,30.169079999999997,25.0,21.0
2020-03-26,101083.7415,1.0,73.0,30.2802,27.0,17.0
2020-03-27,101083.7415,1.0,73.0,30.946920000000002,37.0,19.0
2020-03-28,101016.0137,0.0,76.0,30.946920000000002,30.0,26.0
2020-03-29,100948.2859,1.0,75.0,30.780240000000003,30.5,23.0
2020-03-30,100982.1498,1.0,77.0,30.8358,31.0,24.0
2020-03-31,101016.0137,2.0,74.0,31.280279999999998,31.0,32.0
2020-04-01,101016.0137,1.0,76.0,31.00248,27.0,23.0
2020-04-02,101016.0137,1.0,74.0,31.1136,27.0,21.0
2020-04-03,101117.6054,5.0,76.0,31.058040000000002,28.0,17.0
2020-04-04,101049.8776,3.0,74.0,31.50252,28.0,20.0
2020-04-05,101151.4693,1.0,75.0,31.169159999999998,39.0,23.0
2020-04-06,101083.7415,2.0,74.0,31.280279999999998,37.0,17.0
2020-04-07,101016.0137,2.0,76.0,30.780240000000003,30.0,22.0
2020-04-08,101016.0137,2.0,75.0,31.058040000000002,29.0,17.0
2020-04-09,101185.3332,3.0,74.0,31.058040000000002,30.0,19.0
2020-04-10,101253.061,2.0,75.0,31.1136,19.0,21.0
2020-04-11,101253.061,0.0,74.0,31.50252,40.0,20.0
2020-04-12,101083.7415,2.0,73.0,31.55808,50.0,17.0
2020-04-13,101185.3332,6.0,80.0,28.446720000000003,44.0,27.0
2020-04-14,101219.1971,0.0,78.0,29.057879999999997,27.0,39.0
2020-04-15,101219.1971,1.0,74.0,30.946920000000002,23.0,33.0
2020-04-16,101083.7415,1.0,75.0,31.00248,23.0,19.0
2020-04-17,101151.4693,2.0,78.0,30.057959999999998,26.0,16.0
2020-04-18,101185.3332,1.0,74.0,30.558000000000003,23.0,15.0
2020-04-19,101117.6054,1.0,74.0,31.3914,22.0,13.0
2020-04-20,101083.7415,1.0,74.0,31.55808,31.0,15.0
2020-04-21,100948.2859,1.0,72.0,31.947,34.0,15.0
2020-04-22,101016.0137,0.0,70.0,32.44704,31.0,20.0
2020-04-23,101083.7415,6.0,70.0,31.50252,34.0,20.0
2020-04-24,101117.6054,1.0,70.0,30.780240000000003,47.0,23.0
2020-04-25,101049.8776,0.0,77.0,30.502440000000004,52.0,25.0
2020-04-26,100914.42199999999,4.8,85.8,29.89128,46.0,31.0
2020-04-27,101253.061,5.9,85.2,29.557920000000003,51.0,36.0
2020-04-28,100914.42199999999,5.7,87.2,30.66912,40.0,33.0
2020-04-29,100914.42199999999,6.4,84.5,29.169,30.0,36.0
2020-04-30,100914.42199999999,6.3,87.0,30.558000000000003,33.0,27.0
2020-05-01,100914.42199999999,6.8,71.1,31.1136,33.0,19.0
2020-05-02,100914.42199999999,6.5,68.2,31.55808,27.0,17.0
2020-05-03,100914.42199999999,7.7,66.8,32.39148,30.0,14.0
2020-05-04,100914.42199999999,7.2,68.8,32.11368,32.0,19.0
2020-05-05,100575.78300000001,6.9,66.0,32.83596,28.0,23.0
2020-05-06,100575.78300000001,9.5,65.8,33.16932,24.0,18.0
2020-05-07,100575.78300000001,9.8,68.2,32.7804,25.0,15.0
2020-05-08,100575.78300000001,8.3,69.5,32.44704,17.0,14.0
2020-05-09,100575.78300000001,8.5,64.6,33.50268,16.0,10.0
2020-05-10,100914.42199999999,8.4,67.0,32.94708,25.0,10.0
2020-05-11,100914.42199999999,7.7,77.8,29.169,37.0,14.0
2020-05-12,100914.42199999999,4.3,67.8,30.335759999999997,23.0,25.0
2020-05-13,100914.42199999999,7.0,67.0,32.55816,25.0,16.0
2020-05-14,100914.42199999999,5.9,73.6,30.780240000000003,22.0,15.0
2020-05-15,100575.78300000001,6.3,70.4,31.6692,24.0,14.0
2020-05-16,100575.78300000001,7.7,65.2,32.83596,23.0,15.0
2020-05-17,100575.78300000001,7.0,72.6,31.33584,25.0,14.0
2020-05-18,100575.78300000001,5.5,70.8,31.83588,20.0,16.0
2020-05-19,100575.78300000001,7.4,67.7,32.11368,24.0,12.0
2020-05-20,100575.78300000001,9.8,66.1,31.83588,28.0,15.0
2020-05-21,100575.78300000001,7.1,66.3,32.280359999999995,40.0,18.0
2020-05-22,100575.78300000001,7.9,61.7,33.16932,47.0,24.0
2020-05-23,100575.78300000001,7.9,68.3,32.5026,46.0,25.0
2020-05-24,100914.42199999999,6.2,83.6,29.7246,39.0,23.0
2020-05-25,100914.42199999999,5.0,82.6,29.61348,39.0,23.0
2020-05-26,100914.42199999999,4.6,83.9,29.057879999999997,24.0,25.0
2020-05-27,100914.42199999999,6.2,69.4,30.946920000000002,23.0,14.0
2020-05-28,100914.42199999999,5.7,66.5,31.058040000000002,26.0,13.0
2020-05-29,100914.42199999999,6.1,76.8,29.4468,18.0,16.0
2020-05-30,100914.42199999999,6.2,82.3,28.66896,18.0,11.0
2020-05-31,100914.42199999999,5.6,74.6,30.057959999999998,23.0,15.0
2020-06-01,100914.42199999999,6.5,70.2,31.50252,18.0,16.0
2020-06-02,100914.42199999999,6.8,75.2,29.7246,20.0,12.0
2020-06-03,100914.42199999999,6.2,80.3,28.50228,24.0,13.0
2020-06-04,100914.42199999999,4.4,83.3,28.446720000000003,22.0,15.0
2020-06-05,100914.42199999999,3.9,85.4,28.557840000000002,20.0,13.0
2020-06-06,100575.78300000001,6.3,79.4,29.669040000000003,17.0,11.0
2020-06-07,100575.78300000001,7.0,77.8,29.669040000000003,16.0,8.0
2020-06-08,100575.78300000001,6.7,76.6,29.669040000000003,21.0,11.0
2020-06-09,100575.78300000001,7.4,80.1,29.00232,18.0,11.0
2020-06-10,100575.78300000001,5.7,72.7,30.11352,23.0,10.0
2020-06-11,100575.78300000001,5.8,66.7,30.72468,22.0,14.0
2020-06-12,100575.78300000001,9.7,65.6,31.22472,21.0,12.0
2020-06-13,100237.144,8.8,63.8,31.613640000000004,21.0,12.0
2020-06-14,100575.78300000001,9.0,66.7,31.6692,18.0,14.0
2020-06-15,100745.1025,7.0,83.0,29.835720000000002,17.0,13.0
2020-06-16,100914.42199999999,9.0,81.0,28.50228,21.0,11.0
2020-06-17,100880.5581,9.0,88.0,27.27996,25.0,14.0
2020-06-18,100880.5581,0.0,79.0,29.00232,23.0,18.0
2020-06-19,100812.8303,1.0,79.0,29.89128,23.0,16.0
2020-06-20,100778.9664,1.0,71.0,30.89136,22.0,15.0
2020-06-21,100711.2386,1.0,72.0,31.83588,26.0,14.0
2020-06-22,100677.3747,4.0,79.0,30.39132,25.0,17.0
2020-06-23,100778.9664,1.0,80.0,30.44688,26.0,18.0
2020-06-24,100745.1025,1.0,77.0,31.1136,25.0,20.0
2020-06-25,100677.3747,2.0,75.0,31.280279999999998,20.0,15.0
2020-06-26,100745.1025,2.0,79.0,29.169,22.0,13.0
2020-06-27,100677.3747,1.0,71.0,30.502440000000004,19.0,13.0
2020-06-28,100677.3747,1.0,74.0,30.0024,21.0,13.0
2020-06-29,100643.5108,2.0,74.0,30.335759999999997,20.0,13.0
2020-06-30,100677.3747,4.0,70.0,30.89136,21.0,12.0
2020-07-01,100711.2386,11.0,71.0,29.61348,21.0,13.0
2020-07-02,100541.9191,10.0,75.0,29.557920000000003,22.0,12.0
2020-07-03,100778.9664,9.0,81.0,27.61332,29.0,13.0
2020-07-04,100846.6942,2.0,78.0,28.780079999999998,23.0,16.0
2020-07-05,100812.8303,0.0,68.0,30.613559999999996,23.0,12.0
2020-07-06,100575.78300000001,1.0,69.0,31.00248,23.0,12.0
2020-07-07,100812.8303,0.0,81.0,29.4468,19.0,14.0
2020-07-08,100778.9664,1.0,79.0,30.057959999999998,23.0,12.0
2020-07-09,100677.3747,1.0,73.0,31.33584,22.0,13.0
2020-07-10,100711.2386,1.0,74.0,30.502440000000004,26.0,13.0
2020-07-11,100711.2386,0.0,73.0,30.66912,24.0,12.0
2020-07-12,100677.3747,5.0,79.0,29.224559999999997,27.0,13.0
2020-07-13,100609.6469,1.0,81.0,28.39116,24.0,14.333333333333334
2020-07-14,100575.78300000001,4.3,82.8,27.89112,27.0,15.666666666666666
2020-07-15,100575.78300000001,6.7,79.8,28.66896,25.0,17.0
2020-07-16,100575.78300000001,6.1,80.0,28.6134,26.0,16.0
2020-07-17,98205.31,6.1,75.0,30.0024,26.0,16.0
2020-07-18,100914.42199999999,4.7,74.9,30.11352,18.0,20.0
2020-07-19,100575.78300000001,5.0,78.5,29.94684,29.0,13.0
2020-07-20,100575.78300000001,3.4,81.9,28.946759999999998,28.0,21.0
2020-07-21,100914.42199999999,4.4,85.2,28.002240000000004,26.0,20.0
2020-07-22,100914.42199999999,1.0,78.0,28.3356,21.0,24.0
2020-07-23,100812.8303,1.0,78.0,29.89128,25.0,18.0
2020-07-24,100880.5581,11.0,85.0,28.557840000000002,26.0,20.0
2020-07-25,100745.1025,1.0,84.0,28.39116,22.0,19.0
2020-07-26,100778.9664,1.0,80.0,29.61348,15.0,18.0
2020-07-27,100643.5108,2.0,73.0,31.00248,18.0,14.0
2020-07-28,100812.8303,2.0,79.0,29.502359999999996,23.0,15.0
2020-07-29,100880.5581,10.0,74.0,30.0024,20.0,17.0
2020-07-30,100846.6942,5.0,69.0,30.66912,18.0,16.0
2020-07-31,100575.78300000001,5.0,72.0,29.33568,17.0,14.0
2020-08-01,100237.144,12.3,65.6,30.39132,14.0,14.0
2020-08-02,100237.144,12.0,71.6,29.057879999999997,17.0,13.0
2020-08-03,100237.144,10.0,75.1,29.057879999999997,19.0,13.0
2020-08-04,100237.144,9.2,81.3,28.50228,21.0,15.0
2020-08-05,100575.78300000001,6.2,78.8,28.780079999999998,27.0,18.0
2020-08-06,100575.78300000001,7.2,69.5,30.0024,28.0,19.0
2020-08-07,100575.78300000001,6.4,81.1,28.002240000000004,25.0,20.0
2020-08-08,100575.78300000001,6.0,84.4,28.0578,19.0,15.0
2020-08-09,100575.78300000001,7.3,77.1,30.2802,18.0,12.0
2020-08-10,100575.78300000001,9.2,71.4,30.22464,25.0,14.0
2020-08-11,100575.78300000001,7.8,70.3,29.94684,17.0,15.0
2020-08-12,100914.42199999999,7.8,77.8,29.28012,21.0,13.0
2020-08-13,100575.78300000001,5.5,84.8,27.946679999999997,25.0,18.0
2020-08-14,100914.42199999999,5.8,90.4,26.391,31.0,20.0
2020-08-15,100914.42199999999,6.2,85.3,27.11328,28.0,21.0
2020-08-16,100914.42199999999,4.2,78.5,29.33568,32.0,18.0
2020-08-17,100575.78300000001,4.9,78.5,29.11344,40.0,22.0
2020-08-18,100575.78300000001,7.4,67.8,30.11352,32.0,23.0
2020-08-19,100575.78300000001,6.5,69.5,29.89128,38.0,20.0
2020-08-20,100575.78300000001,5.3,74.4,29.557920000000003,29.0,27.0
2020-08-21,100914.42199999999,7.8,75.9,29.28012,23.0,21.0
2020-08-22,100914.42199999999,8.5,77.7,28.946759999999998,23.0,18.0
2020-08-23,100914.42199999999,5.8,82.7,28.16892,27.0,17.0
2020-08-24,100914.42199999999,7.7,66.8,30.2802,28.0,19.0
2020-08-25,100914.42199999999,7.6,64.2,31.00248,26.0,20.0
2020-08-26,100575.78300000001,8.8,60.4,31.55808,26.0,19.0
2020-08-27,100575.78300000001,11.3,61.4,30.72468,28.0,18.0
2020-08-28,100575.78300000001,9.7,75.4,28.724520000000002,27.0,21.0
2020-08-29,100575.78300000001,4.5,69.6,29.94684,31.0,20.0
2020-08-30,100575.78300000001,6.2,77.9,29.89128,23.0,24.0
2020-08-31,100575.78300000001,6.3,76.1,30.335759999999997,24.0,18.0
2020-09-01,100778.9664,1.0,77.0,29.94684,36.0,19.0
2020-09-02,100914.42199999999,8.0,78.0,29.557920000000003,29.0,27.0
2020-09-03,100880.5581,1.0,77.0,30.335759999999997,26.0,22.0
2020-09-04,100778.9664,2.0,77.0,30.502440000000004,24.0,19.0
2020-09-05,100745.1025,5.0,84.0,29.669040000000003,17.0,17.0
2020-09-06,100812.8303,4.0,79.33333333333333,30.261680000000002,16.0,15.0
2020-09-07,100880.5581,3.0,74.66666666666667,30.854319999999998,22.0,15.0
2020-09-08,100948.2859,2.0,70.0,31.446959999999997,29.0,18.0
2020-09-09,100880.5581,1.0,80.0,30.057959999999998,26.0,23.0
2020-09-10,100677.3747,8.0,79.0,29.89128,19.0,19.0
2020-09-11,100846.6942,3.0,77.0,30.22464,20.0,16.0
2020-09-12,100948.2859,1.0,76.0,30.558000000000003,18.0,15.0
2020-09-13,101016.0137,1.0,81.0,29.78016,17.0,13.0
2020-09-14,100880.5581,1.0,83.0,29.557920000000003,24.0,17.0
2020-09-15,100846.6942,10.0,85.0,28.39116,26.0,17.0
2020-09-16,100778.9664,2.0,79.0,29.7246,28.0,14.0
2020-09-17,100609.6469,3.0,74.0,30.558000000000003,24.0,12.0
2020-09-18,100338.7357,2.0,80.0,28.780079999999998,16.0,14.0
2020-09-19,100440.3274,5.0,88.0,27.11328,16.0,10.0
2020-09-20,100914.42199999999,2.0,87.0,27.446640000000002,31.0,8.0
2020-09-21,100914.42199999999,1.0,82.0,29.224559999999997,39.0,17.0
2020-09-22,101016.0137,1.0,81.0,29.557920000000003,42.0,24.0
2020-09-23,100880.5581,5.0,81.0,30.22464,21.0,29.0
2020-09-24,101083.7415,5.0,76.0,29.33568,32.0,14.0
2020-09-25,101016.0137,3.0,73.0,30.169079999999997,33.0,15.0
2020-09-26,100914.42199999999,4.0,70.0,30.780240000000003,20.0,13.0
2020-09-27,100778.9664,3.0,73.0,30.11352,27.0,10.0
2020-09-28,100643.5108,4.0,88.0,27.002159999999996,18.0,16.0
2020-09-29,100711.2386,1.0,86.0,27.835559999999997,25.0,12.0
2020-09-30,100745.1025,5.0,77.0,29.33568,26.0,18.0
2020-10-01,100677.3747,4.0,74.0,29.835720000000002,21.0,15.0
2020-10-02,100745.1025,7.0,80.0,28.946759999999998,25.0,15.0
2020-10-03,100846.6942,2.0,89.0,27.39108,18.0,18.0
2020-10-04,100880.5581,2.0,85.0,28.16892,23.0,14.0
2020-10-05,100914.42199999999,1.0,78.0,29.391240000000003,26.0,18.0
2020-10-06,100880.5581,4.0,84.0,28.113359999999997,28.0,23.0
2020-10-07,100812.8303,1.0,77.0,29.78016,20.0,19.0
2020-10-08,100711.2386,2.0,86.0,26.224320000000002,20.0,17.0
2020-10-09,100745.1025,0.0,92.0,25.39092,26.0,15.0
2020-10-10,100745.1025,0.0,90.0,25.16868,27.0,18.0
2020-10-11,100677.3747,0.0,90.0,25.72428,42.0,20.0
2020-10-12,100643.5108,0.0,82.0,27.446640000000002,31.0,29.0
2020-10-13,100745.1025,1.0,85.0,27.335520000000002,32.0,21.0
2020-10-14,100609.6469,2.0,76.0,29.557920000000003,55.0,23.0
2020-10-15,100575.78300000001,1.0,90.0,26.724359999999997,26.0,18.0
2020-10-16,100575.78300000001,1.0,95.0,24.83532,20.0,17.0
2020-10-17,100812.8303,0.0,93.0,23.66856,19.0,12.0
2020-10-18,100914.42199999999,0.0,88.0,25.39092,34.0,12.0
2020-10-19,101016.0137,0.0,84.0,26.335440000000002,41.0,21.0
2020-10-20,101083.7415,1.0,81.0,26.891040000000004,31.0,19.0
2020-10-21,101049.8776,1.0,75.0,28.22448,28.0,18.0
2020-10-22,101016.0137,2.0,69.0,28.50228,38.0,22.0
2020-10-23,101049.8776,1.0,59.0,28.946759999999998,59.0,27.0
2020-10-24,101083.7415,1.0,62.0,29.33568,64.0,31.0
2020-10-25,100982.1498,1.0,66.0,29.502359999999996,59.0,42.0
2020-10-26,100914.42199999999,0.0,76.0,27.946679999999997,42.0,47.0
2020-10-27,100914.42199999999,0.0,78.0,28.22448,46.0,32.0
2020-10-28,100846.6942,1.0,81.0,27.05772,33.0,29.0
2020-10-29,101016.0137,0.0,80.0,28.39116,25.0,21.0
2020-10-30,101151.4693,10.0,86.0,27.835559999999997,29.0,19.0
2020-10-31,101185.3332,3.5,85.0,27.946679999999997,32.0,21.0
2020-11-01,101185.3332,1.0,83.0,28.002240000000004,42.0,18.0
2020-11-02,101219.1971,0.0,72.0,30.22464,38.0,23.0
2020-11-03,101253.061,4.0,64.0,30.613559999999996,42.0,22.0
2020-11-04,101320.7888,4.0,70.0,29.33568,39.0,30.0
2020-11-05,101219.1971,1.0,70.0,29.224559999999997,49.0,27.0
2020-11-06,101286.9249,2.0,68.0,29.4468,34.0,27.0
2020-11-07,101286.9249,1.0,75.0,27.668879999999998,49.0,20.0
2020-11-08,101388.5166,4.0,73.0,27.946679999999997,49.0,38.0
2020-11-09,101253.061,3.0,64.0,28.557840000000002,53.0,32.0
2020-11-10,101185.3332,1.0,60.0,28.50228,52.0,34.0
2020-11-11,101422.3805,4.0,66.0,26.1132,42.0,32.0
2020-11-12,101354.6527,1.0,78.0,24.94644,53.0,28.0
2020-11-13,101253.061,0.0,60.0,28.113359999999997,62.0,35.0
2020-11-14,101151.4693,0.0,57.0,25.89096,65.0,40.0
2020-11-15,101253.061,3.4,53.8,27.78,37.0,48.0
2020-11-16,101253.061,6.0,65.6,28.446720000000003,47.0,25.0
2020-11-17,100914.42199999999,3.8,66.8,29.669040000000003,50.0,31.0
2020-11-18,100914.42199999999,3.4,66.7,30.22464,57.0,32.0
2020-11-19,100914.42199999999,4.0,63.8,31.1136,53.0,42.0
2020-11-20,100914.42199999999,4.6,66.9,30.780240000000003,43.0,38.0
2020-11-21,101253.061,4.0,79.8,28.6134,35.0,29.0
2020-11-22,100914.42199999999,4.1,84.0,28.0578,49.0,29.0
2020-11-23,101253.061,6.0,80.0,28.780079999999998,36.0,36.0
2020-11-24,101253.061,2.0,68.0,29.94684,39.0,20.0
2020-11-25,101219.1971,1.0,67.0,30.11352,37.0,20.0
2020-11-26,101286.9249,2.0,65.0,30.22464,30.0,18.0
2020-11-27,101354.6527,1.0,66.0,29.224559999999997,40.0,16.0
2020-11-28,101354.6527,1.0,62.0,29.28012,35.0,21.0
2020-11-29,101320.7888,1.0,65.0,28.39116,27.0,21.0
2020-11-30,101388.5166,1.0,63.0,28.446720000000003,37.0,17.0
2020-12-01,101456.2444,1.0,64.0,28.002240000000004,33.0,20.0
2020-12-02,101253.061,1.0,67.0,28.3356,32.0,20.0
2020-12-03,101286.9249,5.0,66.0,28.16892,39.0,20.0
2020-12-04,101388.5166,1.0,60.0,26.83548,42.0,25.0
2020-12-05,101523.9722,0.0,60.0,25.5576,51.0,26.0
2020-12-06,101490.1083,1.0,61.0,26.1132,56.0,31.0
2020-12-07,101456.2444,1.0,61.0,27.2244,54.0,35.0
2020-12-08,101422.3805,0.0,63.0,27.946679999999997,53.0,33.0
2020-12-09,101320.7888,1.0,60.0,27.5022,64.0,36.0
2020-12-10,101219.1971,0.0,60.0,27.27996,71.0,48.0
2020-12-11,101219.1971,1.0,62.0,28.22448,65.0,52.0
2020-12-12,101117.6054,1.0,65.0,29.61348,70.0,53.0
2020-12-13,100948.2859,0.0,71.0,29.391240000000003,71.0,50.0
2020-12-14,101049.8776,1.0,82.0,28.780079999999998,76.0,66.0
2020-12-15,101185.3332,1.0,73.0,29.89128,51.0,58.0
2020-12-16,101320.7888,4.0,76.0,29.057879999999997,44.0,39.0
2020-12-17,101253.061,0.0,67.0,29.11344,50.0,25.0
2020-12-18,101253.061,1.0,64.0,29.057879999999997,43.0,28.0
2020-12-19,101320.7888,1.0,63.0,27.78,42.0,23.0
2020-12-20,101523.9722,1.0,63.0,25.61316,47.0,25.0
2020-12-21,101591.7,1.0,59.0,23.8908,60.0,28.0
2020-12-22,101456.2444,2.0,59.0,24.22416,64.0,39.0
2020-12-23,101219.1971,2.0,68.0,22.16844,63.0,48.0
2020-12-24,100880.5581,1.0,58.0,29.835720000000002,57.0,45.0
2020-12-25,101151.4693,2.0,69.0,27.72444,55.0,37.0
2020-12-26,101185.3332,1.0,69.0,28.83564,51.0,34.0
2020-12-27,101151.4693,1.0,73.0,29.33568,42.0,35.0
2020-12-28,101016.0137,0.0,80.0,28.3356,55.0,25.0
2020-12-29,101016.0137,0.0,74.0,29.78016,51.0,31.0
2020-12-30,101117.6054,5.0,65.0,29.224559999999997,38.0,29.0
2020-12-31,101490.1083,3.0,61.0,25.33536,42.0,21.0
