date,pressure,wind_speed,humidity,temperature,PM10,PM2.5
1/11/2017,101013.3203,2.70005175,67.4453125,27.34453125,57,43
2/11/2017,100784.9225,2.324088186,63.47286822,28.94186047,55,43
3/11/2017,100780.4428,2.484123749,57.51660517,29.24428044,65,40
4/11/2017,100807.7431,2.69621,50.97222222,28.57673611,54,51
5/11/2017,100865.8363,4.023996356,60.67615658,25.74733096,64,33
6/11/2017,100873.375,2.3174833,71.18125,25.285,54,48
7/11/2017,100823.0153,2.308739786,70.57251908,27.47328244,51,38
8/11/2017,100883.4959,1.190834602,71.07317073,27.5995935,47,36
9/11/2017,100793.1174,1.656762818,70.08502024,28.81295547,47,29
10/11/2017,100775.1406,1.775233542,72.14056225,29.58433735,37,28
11/11/2017,100832.56,1.69159936,80.892,27.3648,41,21
12/11/2017,100694.4,1.624185728,74.972,28.798,51,26
13/11/2017,100654.8661,1.601560714,81.80803571,28.16294643,56,33
14/11/2017,100701.3953,1.201394009,79.13023256,28.99255814,61,39
15/11/2017,100806.1923,1.453739692,74.74615385,29.46230769,43,38
16/11/2017,100853.3333,1.693536533,82.075,28.42875,60,24
17/11/2017,100777.251,0.966568159,79.89641434,29.47011952,68,32
18/11/2017,100656.0569,0.744339772,75.68699187,30.67113821,57,45
19/11/2017,100672.4312,1.515219523,80.44036697,29.52706422,40,37
20/11/2017,100783.3831,1.122048159,86.71641791,26.77363184,33,23
21/11/2017,100752.9187,2.572512,81.47368421,28.07129187,46,19
22/11/2017,100769.6296,1.539094857,77.71957672,28.86878307,29,27
23/11/2017,100809.0286,2.726944,71.04,29.04457143,36,17
24/11/2017,101011.934,2.532523774,66.95283019,28.35377358,54,20
25/11/2017,101135.16,2.158845568,63.852,27.5268,53,29
26/11/2017,101107.6305,2.214553574,62.71485944,28.04618474,53,31
27/11/2017,100935.8871,2.231955355,65.14516129,27.80685484,57,28
28/11/2017,100895.2564,2.558826393,70.2008547,27.71196581,48,33
29/11/2017,100882.6131,2.295853668,67.13567839,29.27487437,51,27
30/11/2017,100803.9063,1.580938333,69.11458333,29.25625,49,30
1/12/2017,100831.2195,1.802988644,65.93170732,29.21560976,53,30
2/12/2017,100898.7831,1.39646781,64.88888889,28.96719577,43,31
3/12/2017,100858.7255,1.269462118,64.15196078,29.32647059,47,26
4/12/2017,100805.9761,2.191386518,63.5059761,29.83227092,33,27
5/12/2017,100905.082,2.434352656,66.67213115,27.7,49,20
6/12/2017,100909.6787,2.046330088,65.66666667,28.38232932,54,33
7/12/2017,100936.5417,2.075010667,63.60416667,29.39291667,53,35
8/12/2017,101045.4592,1.965835592,64.45408163,30.05816327,39,38
9/12/2017,101143.5556,2.914452444,61.63333333,27.86055556,61,25
10/12/2017,101146.4,1.38984736,61.43,28.4555,79,50
11/12/2017,101039.2453,0.797361912,68.50314465,28.62389937,50,69
12/12/2017,100966.5,0.8588756,78.2875,28.645625,49,38
13/12/2017,100901.194,1.642482786,80.89054726,28.92636816,50,32
14/12/2017,100905.7198,1.145953121,82.58754864,28.42529183,60,34
15/12/2017,100941.0547,0.71281925,77.50390625,29.29375,52,42
16/12/2017,101116.6171,2.041261086,64.81412639,29.40557621,30,38
17/12/2017,101413.6559,3.563341419,58.89964158,26.17777778,49,15
18/12/2017,101550.8961,2.563670251,54.24014337,23.31397849,60,33
19/12/2017,101656.1069,2.196979786,48.5,21.37900763,68,42
20/12/2017,101745.2416,1.915458379,44.50185874,21.2936803,70,51
21/12/2017,101581.3158,2.12360806,46.43984962,21.97255639,70,53
22/12/2017,101235.8427,2.670017558,55.40074906,23.70187266,73,58
23/12/2017,100902.0818,1.364718394,54.72862454,27.36988848,70,62
24/12/2017,100872.2337,1.20009501,59.70103093,28.59209622,48,59
25/12/2017,100987.7027,1.650574378,57.73986486,26.25472973,67,30
26/12/2017,101106.4883,1.56284586,70.18060201,23.08963211,47,60
27/12/2017,101130.738,1.742466244,94.3099631,19.91623616,44,45
28/12/2017,101140,2.562715621,86.42105263,23.2477193,39,29
29/12/2017,101175.687,3.237627481,81.65648855,25.02671756,36,24
30/12/2017,101073.2143,1.474941714,72.01623377,27.85519481,34,24
31/12/2017,101055.1316,2.479013263,66.48355263,27.42960526,34,23
1/1/2018,101000.7973,1.678404997,66.15946844,26.66644518,40,27
2/1/2018,100861.115,1.690185031,64.2195122,27.23484321,54,30
3/1/2018,100829.0323,1.026269247,66.1218638,27.70645161,59,40
4/1/2018,100776.8864,1.065035956,63.22344322,29.02380952,69,45
5/1/2018,100658.3539,0.801360593,61.11934156,30.05432099,60,51
6/1/2018,100654.4,0.763901952,67.908,29.2076,27,48
7/1/2018,100818.902,1.820767624,79.34117647,28.18392157,28,19
8/1/2018,100888.209,0.83903403,82.42537313,27.6358209,36,16
9/1/2018,100968.7185,1.273399066,73.72997712,29.90663616,28,22
10/1/2018,101025.3571,1.022604,84.92857143,27.21428571,56,17
11/1/2018,101306.422,1.480358606,73.4266055,24.58256881,56,35
12/1/2018,101394.4589,1.323896381,63.62337662,23.61341991,61,37
13/1/2018,101386.828,1.01232929,63.5,22.38709677,60,44
14/1/2018,101242.7358,0.853593358,63.53773585,24.14245283,71,45
15/1/2018,101025.3488,0.282778791,64.7255814,25.34651163,78,55
16/1/2018,100864,0.19295494,63.06976744,27.18651163,92,67
17/1/2018,100780.8095,0.275887543,64.01428571,28.50904762,71,87
18/1/2018,100781.992,0.456123283,59.85657371,29.30119522,70,59
19/1/2018,100845.08,0.575072256,56.74,29.7804,73,59
20/1/2018,100781.52,0.612981248,57.624,29.4608,81,51
21/1/2018,100701.7004,0.185331563,61.94736842,29.55222672,75,72
22/1/2018,100648.125,0.517887857,68.60267857,29.646875,71,77
23/1/2018,100633.4052,0.630480552,73.59051724,29.43448276,69,61
24/1/2018,100573.4545,0.7496048,81.35909091,27.93318182,48,61
25/1/2018,100585.1464,0.826930477,80.84518828,28.35648536,33,34
26/1/2018,100618.8353,0.922087325,79.2248996,28.70401606,32,22
27/1/2018,100715.2191,1.097118088,78.64940239,28.49760956,33,19
28/1/2018,100726.3745,0.975651442,77.68924303,28.71713147,33,19
29/1/2018,100809.6787,1.144350586,80.82730924,28.95421687,32,20
30/1/2018,100807.1888,1.499648643,82.18875502,28.68955823,32,21
31/1/2018,100930.5221,1.971823422,86.72289157,27.31044177,46,21
1/2/2018,101014.0239,3.206933163,77.35059761,27.5625498,59,35
2/2/2018,101105.64,1.839659008,69.96,26.6088,64,51
3/2/2018,101276.0558,1.683791299,65.80079681,25.25856574,65,52
4/2/2018,101290.9881,0.914753391,59.83794466,25.36561265,66,59
5/2/2018,101424.56,1.023542784,58.092,25.7124,58,62
6/2/2018,101323.7643,1.789859772,55.77946768,24.97452471,81,51
7/2/2018,101142.8195,1.333221173,60.2406015,25.70150376,75,86
8/2/2018,101029.004,1.45385957,74.94023904,26.68446215,58,76
9/2/2018,100967.2908,1.7384691,76.10358566,27.23904382,56,48
10/2/2018,101066.0236,1.160544,74.36220472,28.05511811,58,43
11/2/2018,101125.754,0.553832889,80.47222222,27.60357143,67,44
12/2/2018,101332.2311,2.51785039,66.21115538,28.65298805,61,55
13/2/2018,101429.64,1.44930368,57.496,27.7784,82,46
14/2/2018,101330.9639,0.46571155,57.30120482,28.9502008,68,72
15/2/2018,101147.9051,1.344123826,68.02766798,29.14268775,59,60
16/2/2018,100930.7171,0.844032892,77.46215139,29.21314741,57,48
17/2/2018,100778.6111,1.287191365,80.44444444,29.04642857,52,47
18/2/2018,100854.3478,1.48212313,78.72727273,28.75612648,48,41
19/2/2018,100873.5317,1.247099683,80.30952381,28.64007937,29,35
20/2/2018,100833.6111,1.47132927,77.5952381,28.79880952,36,17
21/2/2018,100715.1575,1.486496,75.63779528,29.20354331,42,21
22/2/2018,100745.7937,1.705493079,78.86111111,28.91111111,46,27
23/2/2018,100976.96,1.608807552,80.72,27.5812,55,33
24/2/2018,101121.3025,0.659102252,81.47058824,27.91092437,55,41
25/2/2018,100961.4844,0.4728845,77.4453125,28.515625,56,36
26/2/2018,100881.5538,0.950895044,74.87649402,28.85657371,51,44
27/2/2018,100923.1076,1.345216382,81.35458167,27.10318725,58,33
28/2/2018,100818.8538,1.031725913,74.73913043,28.67588933,44,42
1/3/2018,100715.4086,1.147170739,77.6536965,29.42178988,41,28
2/3/2018,100679.8406,1.465614406,76.99601594,29.6438247,32,27
3/3/2018,100616.8,1.465933568,77.396,29.6808,30,19
4/3/2018,100708.1818,1.28705113,76.41501976,29.97628458,29,19
5/3/2018,100708.4646,1.430352,77.31889764,30.18149606,32,18
6/3/2018,100783.373,1.67586781,76.3015873,30.37579365,33,20
7/3/2018,100793.4252,1.971024,77.19685039,30.24448819,44,22
8/3/2018,100801.3492,1.612359746,76.88888889,30.0468254,43,30
9/3/2018,101012.2957,1.567771019,81.00389105,25.77782101,64,31
10/3/2018,101120.754,1.086378159,68.46031746,26.30992063,72,43
11/3/2018,101048.373,0.411560635,60.83730159,28.57777778,85,61
12/3/2018,100982.7059,0.874620612,69.57647059,29.25411765,56,80
13/3/2018,100899.3307,1.436512,74.98425197,29.6984252,46,43
14/3/2018,100785.3725,2.078998965,76.78823529,29.5772549,47,30
15/3/2018,100794.8606,2.168054948,75.50199203,29.53864542,42,27
16/3/2018,100835.16,1.6808704,76.352,29.5124,30,26
17/3/2018,100842.6877,1.29517913,74.01581028,29.84782609,24,20
18/3/2018,100916.9685,1.584704,75.52362205,29.90275591,27,16
19/3/2018,100822.3457,1.663246354,75.06584362,30.28765432,38,16
20/3/2018,100715.9055,1.318416,75.12598425,30.67874016,40,25
21/3/2018,100741.451,2.277099043,76.89019608,30.07960784,49,26
22/3/2018,100681.2403,1.494465116,78.87209302,28.38604651,57,34
23/3/2018,100803.3074,0.838069541,71.88326848,29.45564202,61,45
24/3/2018,100933.5135,0.3203499,69.76833977,30.37181467,54,50
25/3/2018,101057.1206,0.830068047,74.50583658,29.99688716,53,37
26/3/2018,101005.6078,1.491535812,71.51764706,30.59411765,56,31
27/3/2018,100906.8093,1.83129849,80.49027237,28.47937743,47,43
28/3/2018,100772.4514,1.978108514,78.56031128,29.81789883,44,33
29/3/2018,100753.5135,2.113860571,78.29343629,29.79305019,48,28
30/3/2018,100733.7255,2.211007247,78.10196078,30.43294118,48,32
31/3/2018,100752.4903,1.724843829,78.77042802,29.88599222,56,33
1/4/2018,100819.1473,1.218617178,84.78294574,27.73100775,57,42
2/4/2018,100831.5953,1.581860607,82.10894942,28.42373541,58,41
3/4/2018,100784.4534,1.228002591,77.951417,28.80161943,44,45
4/4/2018,100655.214,1.913574724,80.26459144,29.58171206,52,29
5/4/2018,100627.0543,1.935787163,76.48062016,29.99186047,57,34
6/4/2018,100666.2109,1.282620625,73.21875,29.90703125,31,43
7/4/2018,101097.4118,2.949236831,80.37647059,25.38313725,46,19
8/4/2018,101253.3977,2.518440402,62.86872587,25.72895753,67,28
9/4/2018,101016.0938,1.8601055,59.20703125,28.78710938,56,45
10/4/2018,100827.976,1.462600208,60.18637275,31.03026052,45,37.5
11/4/2018,100762.8099,1.912419879,75.31129477,30.28484848,35,30
12/4/2018,100672.1034,2.347114152,74.27931034,30.83172414,29,21
13/4/2018,100708.2222,2.187019022,74.83703704,31.14888889,28,19
14/4/2018,100626.6406,2.201497375,76.3046875,31.1390625,28,20
15/4/2018,100628.7795,2.26776,75.3976378,31.30275591,34,20
16/4/2018,100753.2677,2.071696,73.27165354,31.44094488,28,24
17/4/2018,100998.2143,2.172224127,86.21031746,26.99761905,45,19
18/4/2018,100921.9763,1.382466783,76.11857708,28.52529644,33,31
19/4/2018,100729.0196,1.933667137,74.08235294,30.44666667,33,22
20/4/2018,100693.1225,1.987649391,77.12648221,30.64703557,33,20
21/4/2018,100677.9447,2.030409739,75.01976285,30.95889328,28,22
22/4/2018,100670.996,2.549909036,72.97609562,31.18844622,43,17
23/4/2018,100527.6259,2.221692317,70.88489209,31.92122302,36,27
24/4/2018,100561.3672,2.29492175,75.5859375,31.47617188,46,23
25/4/2018,100585.443,2.245008473,74.7257384,31.14514768,41,28
26/4/2018,100681.5175,2.807480778,77.54085603,30.09766537,37,24
27/4/2018,100864.4961,2.094157147,76.69379845,28.55968992,30,24
28/4/2018,100979.8039,1.366364612,93.09019608,24.75607843,39,21
29/4/2018,100856.6797,1.403985,84.16015625,27.0578125,29,25
30/4/2018,100845.4086,1.752327222,91.26459144,26.22996109,19,19
1/5/2018,100894.8819,1.720048,86.22047244,27.21220472,26,13
2/5/2018,100881.7063,1.694317079,79.21428571,29.03888889,36,15
3/5/2018,100917.0428,1.688489214,78.78210117,28.94124514,39,21
4/5/2018,100847.1984,1.835821074,74.26459144,29.72529183,29,22
5/5/2018,100934.0698,1.496717643,76.9379845,29.87790698,25,16
6/5/2018,100886.4453,1.740662,79.70703125,30.04414063,33,16
7/5/2018,100722.5882,1.950146259,80.31764706,29.7572549,38,18
8/5/2018,100588.549,1.756078306,76.81568627,31.01490196,34,22
9/5/2018,100673.4252,2.035968,79.2992126,30.86417323,32,19
10/5/2018,100762.2441,2.3892,76.79527559,31.16141732,38,17
11/5/2018,100802.3047,1.157239875,79.71875,28.12539062,45,19
12/5/2018,100755.6627,1.442736321,75.94779116,29.88473896,37,28
13/5/2018,100748.12,1.279070848,73.56,30.4896,37,23
14/5/2018,100763.0522,2.061231422,75.59839357,29.27951807,46,22
15/5/2018,100604.5418,1.673105084,78.20717131,29.56015936,28,28
16/5/2018,100534.0161,1.913654361,70.35341365,31.69718876,26,18
17/5/2018,100528.28,2.559929856,72.372,31.6716,33,16
18/5/2018,100513.44,1.956068224,77.972,30.2816,35,20
19/5/2018,100495.498,1.374247267,75.20717131,29.97649402,43,21.33333333
20/5/2018,100497.68,1.211299584,73.292,31.1528,41,22.66666667
21/5/2018,100548.5081,1.111831742,79.5766129,29.70967742,43,24
22/5/2018,100693.4926,1.393384235,85.15808824,27.84779412,41,25
23/5/2018,100664.8855,1.936092702,78.97328244,29.02099237,29,25
24/5/2018,100698.2731,1.953690474,79.79116466,28.17630522,29,16
25/5/2018,100613.3466,2.194592382,78.75298805,29.31633466,29,15
26/5/2018,100681.4103,1.528150838,81.96153846,28.96965812,34,15
27/5/2018,100708.6747,1.880261012,78.4497992,29.43212851,42,19
28/5/2018,100705.28,1.23740672,77.392,29.9856,32,22
29/5/2018,100724.498,2.547589398,80.03614458,29.34899598,28,14
30/5/2018,100686.96,2.752693504,79.444,29.8384,41,16
31/5/2018,100750.0707,1.536996184,80.57597173,29.14664311,37,24
1/6/2018,100739.3426,1.708187792,74.67474048,29.87231834,37,18
2/6/2018,100632.2569,2.051572111,73.10416667,30.11145833,26,17
3/6/2018,100448.2292,2.076252444,71.42013889,30.678125,28,14
4/6/2018,100406.263,1.585058436,69.4083045,30.7633218,26,14
5/6/2018,100535.8131,1.568043073,70.98615917,30.56712803,32,15
6/6/2018,100638.5017,2.012614578,76.07665505,29.47421603,36,17
7/6/2018,100563.0208,3.223499889,74.88541667,29.52638889,33,16
8/6/2018,100492.3611,3.479771778,75.68402778,28.76180556,26,15
9/6/2018,100463.8542,1.592735222,80.80555556,28.49513889,30,13
10/6/2018,100541.1458,1.382098667,82.08680556,29.20208333,33,12
11/6/2018,100569.5139,2.775373333,77.05208333,30.18506944,29,12
12/6/2018,100650.5903,2.554492111,73.42708333,30.58402778,31,11
13/6/2018,100551.1307,3.057564042,72.18021201,30.82367491,34,13
14/6/2018,100490.1389,3.071226889,73.06597222,30.54270833,36,14
15/6/2018,100437.9514,2.544557889,78.35416667,29.56145833,38,18
16/6/2018,100307.6389,2.506838889,78.12152778,29.46701389,38,17
17/6/2018,100181.0764,5.006227111,69.14930556,29.89097222,40,20
18/6/2018,100157.0307,2.858919973,74.11262799,29.58395904,46,22
19/6/2018,100333.1802,2.138209696,73.44522968,30.28268551,32,24
20/6/2018,100440.0947,2.10363902,72.61742164,30.44551719,35,15
21/6/2018,100547.0091,2.069068343,71.7896136,30.60834887,48,15
22/6/2018,100653.9236,2.034497667,70.96180556,30.77118056,51,22
23/6/2018,100571.5972,2.425347222,69.46875,30.76666667,41,22
24/6/2018,100546.5505,2.29158623,70.8815331,30.38222997,31,19
25/6/2018,100531.5972,2.498456889,70.27777778,29.71076389,34,15
26/6/2018,100593.5612,1.389522532,78.21582734,28.91654676,39,18
27/6/2018,100686.9444,0.825471778,87.18402778,27.59791667,37,19
28/6/2018,100706.2847,0.499349889,79.60069444,28.55555556,39,19
29/6/2018,100561.7708,0.823453889,74.52777778,29.40659722,29,21
30/6/2018,100502.8472,2.182579667,76.90972222,29.62847222,36,14
1/7/2018,100552.8125,2.005781556,77.88888889,29.50381944,34,16
2/7/2018,100566.9097,2.750382556,79.55902778,28.87569444,36,14
3/7/2018,100518.9236,2.816817667,73.94097222,29.32777778,34,15
4/7/2018,100498.7153,3.035215333,72.71180556,29.42430556,47,14
5/7/2018,100364.9306,3.437551333,71.08333333,29.79618056,42,16
6/7/2018,100321.9097,3.615125556,74.71875,29.00069444,46,16
7/7/2018,100365.6944,3.827314333,70.86111111,29.5625,49,20
8/7/2018,100305.2431,3.434757333,69.75,30.16388889,47,23
9/7/2018,100376.2847,2.506062778,75.84375,28.99965278,54,20
10/7/2018,100429.7917,3.385396667,77.21875,28.99826389,39,24
11/7/2018,100388.6111,4.218474333,73.25,28.82222222,45,16
12/7/2018,100296.7708,3.660605667,72.69791667,29.08958333,42,17
13/7/2018,100247.8397,4.076163679,72.22648084,29.47560976,60,16
14/7/2018,100290.9028,2.845999444,74.45138889,29.26006944,40,24
15/7/2018,100403.2639,3.563281333,74.40972222,29.33020833,49,19
16/7/2018,100384.3403,3.546051667,76.63541667,28.82881944,47,21
17/7/2018,100150.3125,2.730514111,86.08333333,27.48125,37,23
18/7/2018,100024.2361,4.508429444,76.67361111,28.66284722,31,16
19/7/2018,100237.1181,1.754166333,78.35069444,28.78993056,39,15
20/7/2018,100401.7708,1.624555778,79.23611111,29.81423611,44,17
21/7/2018,100486.7944,3.002021575,74.29616725,30.42578397,39,20
22/7/2018,100490.6944,2.897378,77.10416667,29.47152778,47,19
23/7/2018,100428.8889,2.801916333,76.54861111,29.65763889,56,23
24/7/2018,100492.2569,3.28295,71.78819444,29.75902778,49,28
25/7/2018,100516.1111,2.769630111,75.77430556,29.81493056,47,22
26/7/2018,100527.5694,2.435281444,75.77430556,29.67847222,46,21
27/7/2018,100461.4286,3.146258174,74.32404181,30.15226481,36,22
28/7/2018,100456.1111,2.705212889,75.21180556,29.97916667,38,18
29/7/2018,100425.4167,2.126699667,78.60763889,29.12777778,44,20
30/7/2018,100509.375,1.834571444,82.30555556,27.88159722,45,20
31/7/2018,100630.1736,2.173887222,72.68402778,29.08611111,42,21
1/8/2018,100607.4306,3.205649333,71.36805556,29.39201389,46,21
2/8/2018,100651.4583,3.950405556,68.26041667,29.53125,43,23
3/8/2018,100534.3403,3.646325222,69.58680556,29.44965278,37,21
4/8/2018,100444.8611,2.833736889,72.44444444,29.69895833,44,18
5/8/2018,100472.5347,2.771027111,76.96180556,29.065625,32,17
6/8/2018,100460.2778,1.516055444,82.15277778,28.06493056,41,18
7/8/2018,100349.7569,0.748481556,84.17361111,28.46215278,53,22
8/8/2018,100373.9931,3.201147889,75.94444444,28.89548611,42,30
9/8/2018,100414.6875,4.539629111,69.04861111,29.14513889,34,20
10/8/2018,100452.8819,2.769474889,71.35069444,29.06944444,34,19
11/8/2018,100422.2222,2.687672778,77.06944444,28.54270833,32,15
12/8/2018,100352.4653,3.367701333,73.42013889,28.99895833,33,14
13/8/2018,100398.4669,2.230838634,78.7456446,29.35923345,34,15
14/8/2018,100423.125,3.200371778,77.37847222,29.39409722,36,16
15/8/2018,100573.0556,2.818680333,81.56944444,28.53159722,49,16
16/8/2018,100401.7422,2.778657338,76.27874564,29.00487805,38,18
17/8/2018,100054.2509,2.957940627,76.44947735,29.04878049,23,17
18/8/2018,100113.0208,1.203593111,80.57291667,28.66006944,30,11
19/8/2018,100363.75,1.977996778,81.63194444,28.63958333,32,11
20/8/2018,100562.2569,1.907525889,81.61111111,29.36111111,52,15
21/8/2018,100442.6132,2.001711164,80.38675958,29.51881533,46,26
22/8/2018,100352.0486,2.737188667,77.11805556,29.31354167,48,23
23/8/2018,100430.2778,2.10947,78.36111111,29.23993056,36,25
24/8/2018,100540.3125,1.796542,81.16666667,28.38680556,28,21
25/8/2018,100567.4306,1.387376222,87.45138889,27.18576389,30,16
26/8/2018,100475.1736,1.450706889,86.82638889,27.07465278,29,15
27/8/2018,100576.0417,1.769688556,88.26041667,26.47743056,43,16
28/8/2018,100713.7153,2.194066111,81.93055556,27.40416667,52,20
29/8/2018,100628.2986,2.240943222,75.97916667,28.66701389,33,25
30/8/2018,100486.2153,2.412308556,75.60069444,28.65138889,33,14
31/8/2018,100650.1042,1.55067,81.48263889,27.76423611,43,16
1/9/2018,100829.0625,1.486408,81.10763889,28.56666667,40,20
2/9/2018,100634.7917,3.190903222,73.07986111,29.94444444,31,19
3/9/2018,100569.375,2.637070333,78.93402778,28.65173611,26,16
4/9/2018,100701.1111,1.619433444,82.21180556,27.53194444,38,15
5/9/2018,100736.8403,2.452976778,81.43055556,27.27430556,43,18
6/9/2018,100580.6597,3.172897444,75.16666667,28.71527778,49,23
7/9/2018,100460.7292,3.446709444,72.53472222,30.26527778,49,23
8/9/2018,100484.4792,1.348260222,76.04861111,28.94305556,53,28
9/9/2018,100711.0764,0.347853,83.69097222,27.88506944,56,34
10/9/2018,100921.2847,0.291507333,84.35763889,28.19027778,41,39
11/9/2018,100810.9028,2.038223,76.73958333,29.54861111,41,21
12/9/2018,100629.9301,1.256870154,80.65034965,28.66678322,42,21
13/9/2018,100524.3403,1.835192333,80.04513889,28.16527778,34,22
14/9/2018,100521.9444,2.941771556,86.60763889,26.74097222,36,18
15/9/2018,100419.2334,1.916041477,86.58536585,27.54216028,37,21
16/9/2018,100235.8333,1.128310333,87.31944444,27.52604167,37,20
17/9/2018,100266.5972,2.476415333,74.40625,29.26111111,26,16
18/9/2018,100552.3264,2.416033889,74.17708333,29.26006944,33,13
19/9/2018,100791.3889,1.652651,82.01388889,27.80486111,48,16
20/9/2018,100794.2014,1.672829889,80.89236111,28.51770833,56,25
21/9/2018,100789.8264,1.706047444,75.04166667,30.209375,43,31
22/9/2018,100908.9931,2.287354667,76.39583333,29.69791667,35,24
23/9/2018,100973.4028,1.727312889,82.13888889,28.28298611,46,20
24/9/2018,100936.25,1.121014889,88.42708333,27.25972222,48,25
25/9/2018,100778.6458,1.768446778,80.84027778,29.165625,38,26
26/9/2018,100672.3264,2.330196,73.92013889,29.94895833,38,16
27/9/2018,100623.3333,2.425968111,75.72569444,30.40625,44,16
28/9/2018,100609.4097,1.691146111,76.3125,30.39756944,49,22
29/9/2018,100609.5833,2.127475778,79.58680556,29.97708333,32,30
30/9/2018,100670.7292,1.669880667,77.42013889,29.13125,33,18
1/10/2018,100786.2847,1.843108667,83.08333333,28.22395833,42,19
2/10/2018,100879.2014,1.632161667,87.26736111,27.05798611,70,24
3/10/2018,100858.9583,1.572401111,77.38194444,29.25034722,58,38
4/10/2018,100845,2.338888444,70.98958333,29.83055556,27,38
5/10/2018,100915.3125,2.369777667,84.20486111,27.37083333,38,17
6/10/2018,100911.6667,1.414695333,84.51736111,27.83819444,42,22
7/10/2018,100897.8472,1.336773778,82.95138889,28.54965278,49,26
8/10/2018,100860,1.150041444,81.28819444,28.67847222,49,30
9/10/2018,100824.9653,1.231998778,80.46527778,28.08958333,51,30
10/10/2018,100846.5625,1.202196111,71.96527778,30.13263889,50,33
11/10/2018,100961.5972,1.579075667,70.63194444,30.47291667,35,30
12/10/2018,101061.8056,1.861269667,67.20138889,30.56631944,51,19
13/10/2018,101079.8264,1.105027,83.72916667,27.81284722,51,33
14/10/2018,100959.2361,0.917673778,76.37152778,30.11770833,43,33
15/10/2018,100972.7622,0.825773538,77.59440559,29.91118881,33,23
16/10/2018,100934.0909,1.243115077,76.29370629,30.48706294,40,17
17/10/2018,100824.5139,0.937076556,75.65625,30.20173611,48,22
18/10/2018,100758.617,1.21128817,74.64539007,30.34716312,60,27
19/10/2018,100820.8333,0.679252444,75.41319444,29.89652778,44,39
20/10/2018,100895.1389,1.324200778,85.79861111,27.31041667,24,29
21/10/2018,100976.9792,2.490695778,89.13888889,26.90173611,35,14
22/10/2018,100983.6111,1.425871333,81.84722222,28.84583333,39,18
23/10/2018,100979.3056,0.918760333,85.56597222,28.02986111,44,21
24/10/2018,101025.0694,1.467315667,82.43402778,28.22638889,55,27
25/10/2018,101049.7569,1.392343333,82.16666667,28.77708333,46,33
26/10/2018,101095.3819,2.164573889,77.73611111,29.634375,53,26
27/10/2018,101068.5069,1.709462333,72.28819444,30.12118056,36,29
28/10/2018,101032.2222,1.042162,67.47569444,30.596875,46,19
29/10/2018,100931.25,0.576495333,66.79166667,31.10833333,42,26
30/10/2018,100911.4397,2.073256716,60.42023346,30.507393,52,25
31/10/2018,101028.5789,1.6629888,49.54736842,29.19684211,55,29
1/11/2018,101013.4043,2.754051745,50.15957447,28.57712766,65,35
2/11/2018,101050.3704,1.561328593,50.2962963,28.9037037,73,40
3/11/2018,101113.5751,0.89709115,54.06735751,29.10777202,73,47
4/11/2018,101003.1472,0.668063838,59.03045685,29.97817259,67,46
5/11/2018,100874.0556,0.961881067,60.1,30.85833333,63,44
6/11/2018,100886.3351,0.681560461,61.08900524,30.63560209,55,39
7/11/2018,100915.1429,2.305236267,65.68571429,30.27809524,40,29
8/11/2018,100815.1829,2.94337678,68.79878049,29.96890244,37,20
9/11/2018,100832.7439,2.012770341,81.64634146,27.63719512,45,21
10/11/2018,100947.8344,1.544993019,82.82802548,27.9343949,46,24
11/11/2018,100938.5143,0.891014583,75.21714286,29.47257143,59,27
12/11/2018,100825.1515,0.363050667,70.88636364,30.16893939,67,38
13/11/2018,100774.3488,1.037876426,72.87048678,30.22702289,64,44
14/11/2018,100723.5461,1.712702184,74.85460993,30.28510638,68,40
15/11/2018,100838.2624,1.474122326,76.65602837,30.3929078,46,51
16/11/2018,100902.2456,2.059364267,78.50526316,30.29614035,45,28
17/11/2018,100915.9155,1.14703538,79.49647887,29.56478873,77,25
18/11/2018,100996.4931,1.039212778,77.88194444,29.13888889,67,37
19/11/2018,101019.3403,1.322881389,76.68576389,29.3671875,58,40
20/11/2018,101042.1875,1.60655,75.48958333,29.59548611,56,35
21/11/2018,100971.1458,1.606084333,69.9375,30.89618056,52,37
22/11/2018,100993.1944,1.537786556,70.5,30.98541667,50,36
23/11/2018,101126.4236,1.348881111,67.09027778,30.21770833,61,30
24/11/2018,101084.5833,0.896718778,62.5625,30.01493056,58,30
25/11/2018,101007.3264,0.948718222,59.25347222,30.16527778,58,35
26/11/2018,101007.0833,1.297813,56.55902778,29.51875,51,35
27/11/2018,101176.0417,2.228991111,63.8125,27.73020833,41,31
28/11/2018,101250.7986,2.443818667,71.27777778,26.55034722,54,25
29/11/2018,101261.5278,1.708996667,68.51041667,28.64826389,63,33
30/11/2018,101167.6307,1.258721338,68.66550523,29.44320557,68,41
1/12/2018,100981.0764,0.561283556,68.41319444,30.31388889,61,40
2/12/2018,100861.6319,0.519218333,66.30902778,31.03055556,54,37
3/12/2018,100880.3819,0.824540444,64.90625,31.40173611,70,32
4/12/2018,100895.8681,1.147868333,62.63888889,31.83541667,50,48
5/12/2018,100780.1042,1.336152889,64.07638889,31.65590278,51,31
6/12/2018,100751.8056,0.767573889,64.98263889,31.21840278,58,31
7/12/2018,100800.6944,1.159820444,64.23958333,31.31180556,41,35
8/12/2018,101032.1181,2.702418889,86.91666667,26.06909722,46,23
9/12/2018,101008.1597,1.818273111,82.03819444,27.43715278,57,28
10/12/2018,100975.2778,1.631696,73.77083333,27.903125,61,30
11/12/2018,100973.0556,1.716292111,70.15972222,29.29305556,45,33
12/12/2018,101107.7003,2.494233979,74.59581882,28.16027875,44,25
13/12/2018,101263.125,2.085876222,66.24652778,27.55034722,54,24
14/12/2018,101288.9931,1.291448889,65.52083333,27.240625,62,28
15/12/2018,101287.1181,1.862977111,63.95486111,27.51006944,53,32
16/12/2018,101277.5,1.724829333,61.51388889,29.03333333,44,27
17/12/2018,101271.1111,1.821377556,63.14583333,28.38576389,61,23
18/12/2018,101215.1389,2.789343333,62.98611111,28.42048611,62,25
19/12/2018,101210.9375,1.923824222,61.40625,29.35104167,90,38
20/12/2018,101088.6806,1.259162667,66.33333333,30.07361111,79,59
21/12/2018,100925.0694,1.288965333,68.25347222,30.33993056,70,50
22/12/2018,100891.0417,1.579696556,67.73263889,31.04027778,63,39
23/12/2018,100879.6875,2.683171333,63.38888889,30.76979167,61,37
24/12/2018,100902.5694,2.320727444,61.78819444,30.10208333,71,33
25/12/2018,100852.5694,1.946331444,60.39930556,29.61770833,77,40
26/12/2018,100788.6806,2.180251333,57.86458333,29.10798611,77,47
27/12/2018,100721.875,2.030927556,56.55208333,29.06180556,74,44
28/12/2018,100755.9028,2.056073556,61.11805556,29.46840278,39,46
29/12/2018,101066.0069,2.631482333,79.77777778,27.25798611,43,25
30/12/2018,101280.1736,2.506994111,78.66319444,26.21597222,41.5,24
31/12/2018,101417.9861,1.241622556,68.75,26.33993056,40,22
1/1/2019,101466.9444,0.995284889,61.63194444,26.04027778,49,22
2/1/2019,101403.1944,0.822988222,59.87152778,26.25555556,53,25
3/1/2019,101414.7569,1.226566,63.19791667,25.36319444,59,28
4/1/2019,101284.0972,0.873280222,64.88194444,26.28159722,60,31
5/1/2019,101204.6181,0.44704,70.32638889,26.43194444,77,34
6/1/2019,101201.5972,0.320378667,76.37152778,27.54166667,74,51
7/1/2019,101085.3125,0.646190111,73.86111111,28.609375,46,58
8/1/2019,101112.7257,0.508119944,77.86458333,28.28055556,51,54.33333333
9/1/2019,101140.1389,0.370049778,81.86805556,27.95173611,60,50.66666667
10/1/2019,101086.9792,0.564232778,76.57638889,28.82777778,83,47
11/1/2019,101070.625,0.268224,71.36805556,29.37986111,69,83
12/1/2019,101034.6181,0.549021,67.37847222,30.39965278,78,62
13/1/2019,100954.375,0.571373,69.17534722,30.26180556,78,70
14/1/2019,100874.1319,0.593725,70.97222222,30.12395833,66,64
15/1/2019,100913.4375,0.320533889,77.47569444,28.69513889,59,48
1/16/2019,101185.3332,0.7,67,29.78016,67,39
1/17/2019,101219.1971,1.5,61,29.7246,58,51
1/18/2019,101354.6527,1.9,64,27.39108,70,38
1/19/2019,101320.7888,1,63,28.16892,62,57
1/20/2019,101253.061,0.2,58,30.05796,74,62
1/21/2019,101320.7888,0.6,66,30.05796,65,72
1/22/2019,101456.2444,1.9,63,29.169,64,52
1/23/2019,101456.2444,0.9,55,28.83564,60,47
1/24/2019,101456.2444,1.3,45,29.22456,79,46
1/25/2019,101523.9722,0.8,50,29.05788,73,74
1/26/2019,101591.7,1,51,28.44672,62,60
1/27/2019,101659.4278,1.8,50,27.66888,73,47
1/28/2019,101523.9722,0.6,48,28.39116,82,60
1/29/2019,101388.5166,0.2,50,28.94676,94,71
1/30/2019,101422.3805,0.3,57,29.28012,79,92
1/31/2019,101388.5166,0.6,69,29.83572,61,66
2/1/2019,101422.3805,1.2,72,29.39124,57,44
2/2/2019,101320.7888,1.2,77,28.8912,44,40
2/3/2019,101388.5166,1.8,73,29.169,50,29
2/4/2019,101422.3805,1.5,76,29.94684,48,31
2/5/2019,101320.7888,2.2,79,29.78016,38,30
2/6/2019,101219.1971,2.2,81,29.05788,41,24
2/7/2019,101354.6527,1.9,77,29.4468,43,27
2/8/2019,101286.9249,1.3,78,29.61348,36,25
2/9/2019,101253.061,1.9,80,29.66904,40,20
2/10/2019,101388.5166,2.5,81,29.7246,41,25
2/11/2019,101523.9722,2.6,79,29.39124,50,27
2/12/2019,101727.1556,0.7,71,30.0024,72,36
2/13/2019,101591.7,1.6,72,30.16908,50,62
2/14/2019,101422.3805,1.9,77,29.33568,50,31
2/15/2019,101422.3805,2.3,76,29.169,43,29
2/16/2019,101456.2444,2.2,75,29.11344,36,25
2/17/2019,101354.6527,2.6,76,28.55784,31,20
2/18/2019,101286.9249,2.1,75,28.8912,26,20
2/19/2019,101354.6527,1.1,73,29.22456,26,16
2/20/2019,101490.1083,1,71,29.66904,34,19
2/21/2019,101490.1083,1,76,29.55792,31,24
2/22/2019,101253.061,1.2,72,29.83572,37,18
2/23/2019,101117.6054,1.8,74,30.2802,38,23
2/24/2019,101083.7415,1.6,78,29.94684,38,22
2/25/2019,101151.4693,1.8,78,29.89128,38,24
2/26/2019,101185.3332,1.7,74,29.4468,50,26
2/27/2019,101049.8776,1.1,73,29.50236,52,30
2/28/2019,101016.0137,1.5,75,29.61348,50,34
3/1/2019,101117.6054,1.7,76,29.7246,52,31
3/2/2019,101016.0137,1.6,76,29.94684,47,32
3/3/2019,100914.422,1.8,76,30.22464,40,30
3/4/2019,100982.1498,2.1,76,30.0024,46,25
3/5/2019,101083.7415,1.5,73,29.66904,46,32
3/6/2019,101185.3332,1.3,68,29.94684,29,32
3/7/2019,101185.3332,1,72,30.0024,33,21
3/8/2019,101185.3332,1,75,29.83572,31,23
3/9/2019,101219.1971,1.3,75,29.4468,31,22
3/10/2019,101253.061,1.2,76,29.61348,39,20
3/11/2019,101253.061,1.4,76,29.89128,51,27
3/12/2019,101185.3332,1.5,63,31.05804,42,48
3/13/2019,101253.061,2.5,75,30.39132,34,28
3/14/2019,101354.6527,3.1,77,30.05796,31,25
3/15/2019,101388.5166,2.8,71,30.44688,47,23
3/16/2019,101422.3805,2.9,85,27.61332,47,37
3/17/2019,101354.6527,1.8,78,29.78016,51,35
3/18/2019,101185.3332,2.4,76,30.44688,45,37
3/19/2019,101151.4693,2.4,74,30.50244,41,32
3/20/2019,101117.6054,2.3,77,30.2802,36,29
3/21/2019,101083.7415,2.5,77,30.61356,47,29
3/22/2019,101016.0137,2.7,76,31.05804,53,34
3/23/2019,100982.1498,2.1,76,31.05804,44,37
3/24/2019,100982.1498,3,76,30.78024,34,31
3/25/2019,101185.3332,2.7,83,28.50228,38,26
3/26/2019,101253.061,1.3,77,29.94684,36,24
3/27/2019,101320.7888,2,78,30.05796,41,22
3/28/2019,101151.4693,2.1,74,30.89136,40,24
3/29/2019,100982.1498,2.5,76,30.78024,38,25
3/30/2019,100982.1498,1.8,79,30.94692,39,23
3/31/2019,101049.8776,2.8,76,30.78024,38,24
4/1/2019,101219.1971,2.2,73,30.44688,39,24
4/2/2019,101185.3332,1.9,75,30.11352,36,26
4/3/2019,101253.061,2.1,77,29.66904,37,25
4/4/2019,101253.061,2,67,30.66912,27,25
4/5/2019,101151.4693,2.4,71,31.00248,35,19
4/6/2019,101117.6054,1.8,76,30.8358,28,23
4/7/2019,101185.3332,1.9,77,30.558,35,19
4/8/2019,101083.7415,1.5,75,30.05796,27,24
4/9/2019,100982.1498,1.9,75,31.44696,31,19
4/10/2019,101016.0137,2.4,75,31.61364,32,20
4/11/2019,100880.5581,2.4,76,31.50252,32,20
4/12/2019,100846.6942,1.8,76,31.61364,28,21
4/13/2019,100914.422,9.8,84,29.78016,24,19
4/14/2019,100914.422,9.2,67.5,32.44704,20,16
4/15/2019,100914.422,10,69.6,32.44704,21,14
4/16/2019,100914.422,8.3,69,32.66928,29,16
4/17/2019,100914.422,9,65,33.16932,32,16
4/18/2019,100914.422,9.7,70.5,33.11376,33,21
4/19/2019,100575.783,9.4,66.8,33.16932,48,22
4/20/2019,100575.783,8.6,59.9,33.78048,55,31
4/21/2019,100575.783,8.8,63.5,33.44712,34,33
4/22/2019,100575.783,10.1,67,33.22488,39,23
4/23/2019,100914.422,7.2,71.7,31.00248,37,24
4/24/2019,100914.422,4.7,63.7,33.28044,39,21
4/25/2019,100575.783,7.8,72.2,31.83588,46,25
4/26/2019,100575.783,5.6,71.6,30.72468,49,30
4/27/2019,100914.422,7.4,72.8,30.8358,26,27
4/28/2019,100914.422,9.3,65.3,32.61372,24,16
4/29/2019,100914.422,2.2,72,32.44704,27,16
4/30/2019,100914.422,2.4,71,32.5026,28,18
5/1/2019,100914.422,3.3,65,32.83596,25,14
5/2/2019,100914.422,3.9,64,33.39156,28,14
5/3/2019,100914.422,2,68,33.50268,25,17
5/4/2019,100914.422,2.3,72,32.33592,31,18
5/5/2019,100914.422,8,65.8,32.11368,47,22
5/6/2019,100575.783,10.8,60.3,33.11376,60,33
5/7/2019,100575.783,10.4,59.7,32.61372,61,35
5/8/2019,100237.144,10,60.4,32.44704,61,34
5/9/2019,100575.783,10.1,61.8,32.11368,55,38
5/10/2019,100575.783,8.7,64,31.33584,54,34
5/11/2019,100914.422,5.8,68.8,31.28028,55,33
5/12/2019,100575.783,7.5,70.9,30.33576,39,33
5/13/2019,100575.783,4,81.8,27.94668,43,27
5/14/2019,100575.783,6.2,81.8,28.28004,55,31
5/15/2019,100914.422,5.3,73,30.33576,51,35
5/16/2019,100914.422,7.1,72.5,30.33576,49,31
5/17/2019,100575.783,9,64.5,31.61364,58,29
5/18/2019,100575.783,8.5,63.7,32.11368,53,33
5/19/2019,100575.783,8.9,59.8,33.16932,42,29
5/20/2019,100575.783,8.2,68.8,32.5026,43,27
5/21/2019,100778.9664,1.8,70,31.50252,38,27
5/22/2019,100880.5581,1,76,29.7246,34,23
5/23/2019,100914.422,1.5,76,29.61348,35,24
5/24/2019,100880.5581,2.7,69,30.89136,40,24
5/25/2019,100677.3747,2.6,71,31.3914,32,26
5/26/2019,100677.3747,3,69,31.22472,38,21
5/27/2019,100609.6469,2.7,73,30.39132,41,18
5/28/2019,100677.3747,1.5,79,29.83572,23,19
5/29/2019,100711.2386,1.7,77,30.39132,24,15
5/30/2019,100812.8303,2.1,89,27.72444,30,16
5/31/2019,100745.1025,1.3,77,30.61356,28,21
6/1/2019,100812.8303,0.9,72,31.3914,26,20
6/2/2019,100914.422,5.7,73.8,30.72468,33,15
6/3/2019,100914.422,3.8,73,30.66912,30,22
6/4/2019,100778.9664,1,65,33.78048,45,21
6/5/2019,100778.9664,2.3,78,31.00248,36,20
6/6/2019,100914.422,1,81,29.05788,36,24
6/7/2019,100880.5581,0.7,87,28.00224,37,25
6/8/2019,100812.8303,0.5,79,29.61348,28,18
6/9/2019,100677.3747,1.7,78,29.4468,25,16
6/10/2019,100609.6469,2.2,73,30.61356,25,14
6/11/2019,100778.9664,0.7,80,29.169,23,17
6/12/2019,100745.1025,1.3,75,30.78024,23,13
6/13/2019,100677.3747,1.7,74,31.05804,24,14
6/14/2019,100745.1025,1.9,74,31.44696,27,13
6/15/2019,100711.2386,1.5,76,30.16908,30,15
6/16/2019,100711.2386,2,75,30.0024,31,17
6/17/2019,100643.5108,1.2,73,30.33576,21,13
6/18/2019,100745.1025,1.1,75,30.0024,20,12
6/19/2019,100778.9664,1.4,74,30.94692,34,13
6/20/2019,100745.1025,1.4,68,32.05812,37,18
6/21/2019,100541.9191,2.8,69,32.39148,32,21
6/22/2019,100541.9191,1.3,76,31.00248,29,19
6/23/2019,100778.9664,1.1,80,29.83572,25,20
6/24/2019,100812.8303,0.7,83,29.00232,26,16
6/25/2019,100778.9664,0.7,77,29.94684,24,18
6/26/2019,100643.5108,1,76,28.72452,27,14
6/27/2019,100643.5108,2.8,77,29.33568,31,20
6/28/2019,100609.6469,2,75,29.55792,25,18
6/29/2019,100711.2386,1.1,83,28.3356,21,13
6/30/2019,100575.783,6.3,82.6,28.39116,32,14
7/1/2019,100711.2386,0.4,81,28.78008,43,19
7/2/2019,100643.5108,0.4,75,29.89128,43,26
7/3/2019,100711.2386,0.6,88,26.6688,63,20
7/4/2019,100643.5108,1.7,82,27.78,33,21
7/5/2019,100812.8303,1.3,87,26.27988,43,17
7/6/2019,100812.8303,1.1,82,28.44672,37,22
7/7/2019,100846.6942,1.3,73,29.50236,35,24
7/8/2019,100846.6942,2.3,74,30.44688,35,18
7/9/2019,100914.422,1.3,78,29.28012,43,20
7/10/2019,100914.422,0.1,74,29.83572,59,23
7/11/2019,101049.8776,0.2,66,31.6692,39,19
7/12/2019,101016.0137,0.4,68,30.94692,34,20
7/13/2019,100948.2859,3.4,72,30.2802,26,20
7/14/2019,100778.9664,4.5,66,30.78024,24,17
7/15/2019,100575.783,3.8,69,30.11352,22,17
7/16/2019,100541.9191,0.3,72,30.44688,24,18
7/17/2019,100440.3274,0.4,71,30.50244,22,17
7/18/2019,100406.4635,0.3,71,30.8358,24,15
7/19/2019,100643.5108,0.6,72,30.558,27,16
7/20/2019,100609.6469,0.2,78,30.2802,17,17
7/21/2019,100745.1025,0.4,74,30.22464,27,10
7/22/2019,100778.9664,0.2,71,31.05804,28,14
7/23/2019,100711.2386,0.3,76,30.22464,39,18
7/24/2019,100846.6942,0.3,76,29.55792,27,23
7/25/2019,100948.2859,0.5,77,28.78008,34,17
7/26/2019,100982.1498,0.2,71,29.7246,28,21
7/27/2019,100880.5581,0.7,67,30.22464,33,17
7/28/2019,100812.8303,0.4,69,31.05804,20,17
7/29/2019,100846.6942,1.9,65,30.66912,25,13
7/30/2019,100745.1025,3.6,64,30.50244,27,15
7/31/2019,100677.3747,3.4,68,29.4468,25,17
8/1/2019,100711.2386,3.1,84,28.94676,24,16
8/2/2019,100745.1025,5.1,83,29.28012,23,15
8/3/2019,100711.2386,5.8,81,29.33568,18,14
8/4/2019,100541.9191,3.8,89,27.94668,22,12
8/5/2019,100474.1913,1.3,93,28.16892,24,14
8/6/2019,100575.783,4.1,91,28.39116,25,16
8/7/2019,100440.3274,1.3,88,28.6134,23,16
8/8/2019,100203.2801,0,85,28.3356,25,15
8/9/2019,100237.144,9.5,78.4,28.8912,18,19
8/10/2019,100237.144,10.1,75.4,29.169,18,11
8/11/2019,100237.144,9.6,76,29.4468,18,12
8/12/2019,100575.783,8.3,75.1,29.7246,24,12
8/13/2019,100948.2859,0.1,85,29.78016,33,15
8/14/2019,100914.422,0.1,86,30.0024,32,21
8/15/2019,100846.6942,0.5,85,30.39132,32,18
8/16/2019,100609.6469,0.3,87,30.50244,22,20
8/17/2019,100846.6942,0.2,80,30.0024,20,14
8/18/2019,101016.0137,0.1,83,30.16908,27,14
8/19/2019,100880.5581,0.2,82,30.8358,26,16
8/20/2019,100711.2386,0.4,94,28.72452,23,17
8/21/2019,100711.2386,0.1,89,29.66904,25,14
8/22/2019,100812.8303,0.1,94,29.05788,25,15
8/23/2019,100880.5581,0,93,29.4468,24,18
8/24/2019,100846.6942,0.1,90,29.11344,20,17
8/25/2019,100745.1025,0.5,88,29.22456,18,13
8/26/2019,100812.8303,3.1,94,27.27996,24,13
8/27/2019,100711.2386,1.9,86,29.00232,22,16
8/28/2019,100711.2386,1.7,87,29.11344,21,14
8/29/2019,100541.9191,3.4,86,28.83564,25,14
8/30/2019,100237.144,1,86,27.78,21,15
8/31/2019,100575.783,1.2,90,28.39116,18,10
9/1/2019,100745.1025,1.1,83,28.0578,25,12
9/2/2019,100778.9664,3.8,75,28.55784,23,16
9/3/2019,100711.2386,1.5,86,26.89104,26,16
9/4/2019,100745.1025,0.9,84,27.5022,27,18
9/5/2019,100745.1025,0.6,79,27.55776,28,18
9/6/2019,100812.8303,1.4,75,29.50236,31,23
9/7/2019,100914.422,2.3,71,29.66904,26,22
9/8/2019,100982.1498,2,78,28.3356,29,18
9/9/2019,100914.422,1.3,80,28.44672,26,18
9/10/2019,101049.8776,1.9,78,28.72452,30,18
9/11/2019,101286.9249,0.8,73,29.28012,29,22
9/12/2019,101219.1971,1.2,69,29.94684,20,20
9/13/2019,100982.1498,2,70,30.0024,24,13
9/14/2019,100778.9664,0.6,82,27.89112,31,17
9/15/2019,100745.1025,0.4,81,29.22456,28,19
9/16/2019,100745.1025,1.7,86,27.44664,35,21
9/17/2019,100812.8303,1.3,81,29.4468,31,26
9/18/2019,100948.2859,1.2,76,29.22456,33,22
9/19/2019,101049.8776,1.7,85,27.72444,33,23
9/20/2019,100914.422,1.2,88,27.44664,26,29
9/21/2019,100846.6942,1.1,94,26.00208,33,19
9/22/2019,100914.422,3.3,88.7,26.61324,25,24
9/23/2019,101253.061,6.6,93.7,25.66872,41,18
9/24/2019,101253.061,4.5,79.3,28.55784,59,26
9/25/2019,101253.061,5.4,71.5,29.50236,59,39
9/26/2019,101253.061,5.3,67.4,30.2802,49,40
9/27/2019,101253.061,4.3,73,29.89128,62,33
9/28/2019,101253.061,5.2,67.2,30.22464,66,46
9/29/2019,101253.061,5.1,63,30.72468,77,50
9/30/2019,101253.061,4.5,72.8,30.11352,48,69
10/1/2019,100914.422,6.7,82.7,28.94676,37,34
10/2/2019,100914.422,5.5,78.2,29.50236,36,24
10/3/2019,100914.422,5.6,80,29.28012,45,25
10/4/2019,100914.422,4.1,81.6,27.78,45,28
10/5/2019,100914.422,3.7,88,27.00216,33,30
10/6/2019,100914.422,3.8,84.7,27.27996,29,25
10/7/2019,100914.422,4.7,82.6,27.55776,34,22
10/8/2019,100914.422,4.8,79.9,28.11336,26,23
10/9/2019,100914.422,4.8,79.1,28.50228,34,26
10/10/2019,100914.422,4.9,77.6,29.11344,41,36
10/11/2019,100914.422,4.8,72,29.89128,37,33
10/12/2019,100914.422,5.5,75.8,29.33568,23,28
10/13/2019,100914.422,4.9,75.2,29.66904,19,24
10/14/2019,101253.061,5.3,77.3,29.00232,31,18
10/15/2019,101253.061,5.3,76.3,29.05788,42,22
10/16/2019,101253.061,5.6,74,29.66904,46,19
10/17/2019,101185.3332,4,74,29.94684,44,21
10/18/2019,101117.6054,0,60,32.33592,46,21
10/19/2019,101286.9249,0,65,30.89136,46,24
10/20/2019,101320.7888,0,66,31.00248,50,23
10/21/2019,101049.8776,0,64,31.50252,69,30
10/22/2019,100880.5581,0,72,30.94692,46,54
10/23/2019,100948.2859,0,73,31.16916,36,27
10/24/2019,101016.0137,0,75,31.28028,42,24
10/25/2019,101117.6054,0,72,31.72476,44,26
10/26/2019,101117.6054,0,68,32.05812,32,28
10/27/2019,101049.8776,7,71,30.89136,34,19
10/28/2019,101083.7415,1,73,30.66912,37,23
10/29/2019,101083.7415,5,76,29.78016,40,24
10/30/2019,101049.8776,2,65,30.16908,48,22
10/31/2019,100948.2859,1,56,29.4468,30,27
11/1/2019,100948.2859,1,75,25.94652,36,17
11/2/2019,101049.8776,1,85,26.05764,39,25
11/3/2019,101253.061,2,82,28.00224,41,30
11/4/2019,101185.3332,2,81,27.66888,58,32
11/5/2019,101083.7415,1,69,29.7246,59,45
11/6/2019,100914.422,0,66,30.16908,61,44
11/7/2019,101083.7415,0,67,30.50244,61,41
11/8/2019,101320.7888,4,61,29.50236,60,40
11/9/2019,101388.5166,2,60,28.55784,61,42
11/10/2019,101286.9249,1,60,28.16892,69,44
11/11/2019,101016.0137,3,53,29.22456,62,54
11/12/2019,101049.8776,0,55,30.39132,54,48
11/13/2019,101219.1971,2,70,29.169,41,37
11/14/2019,101286.9249,0,73,28.78008,46,24
11/15/2019,101253.061,0,63,29.33568,54,29
11/16/2019,101185.3332,0,63,29.89128,56,37
11/17/2019,101151.4693,0,65,30.16908,55,37
11/18/2019,101185.3332,0,74,29.7246,51,36
11/19/2019,101185.3332,1,63,30.558,40,33
11/20/2019,101253.061,5,61,29.22456,41,22
11/21/2019,101320.7888,0,60,29.11344,44,25
11/22/2019,101354.6527,2,53,30.39132,51,27
11/23/2019,101320.7888,1,58,29.7246,49,31
11/24/2019,101253.061,0,53,29.89128,55,34
11/25/2019,101320.7888,2,55,30.39132,46,33
11/26/2019,101320.7888,0,53,30.22464,47,27
11/27/2019,101219.1971,1,61,30.89136,38,25
11/28/2019,101253.061,6,61,30.89136,35,18
11/29/2019,101320.7888,1,61,29.55792,36,21
11/30/2019,101286.9249,2,62,30.2802,39,22
12/1/2019,101219.1971,2,63,30.78024,36,22
12/2/2019,101286.9249,3,60,29.61348,44,17
12/3/2019,101490.1083,3,62,25.5576,51,27
12/4/2019,101693.2917,1,55,25.5576,51,32
12/5/2019,101794.8834,1,53,24.00192,60,33
12/6/2019,101862.6112,2,52,24.05748,58,37
12/7/2019,101794.8834,1,50,23.22408,68,32
12/8/2019,101862.6112,1,53,23.50188,64,45
12/9/2019,101693.2917,0,57,24.22416,68,46
12/10/2019,101490.1083,0,56,25.16868,74,53
12/11/2019,101388.5166,0,53,26.27988,67,52
12/12/2019,101456.2444,1,53,27.16884,68,46
12/13/2019,101523.9722,1,55,27.66888,63,46
12/14/2019,101388.5166,0,68,25.05756,67,44
12/15/2019,101253.061,5,57.5,28.00224,61,46
12/16/2019,101253.061,6.2,61.5,28.50228,59,40
12/17/2019,101253.061,5.5,60.1,29.55792,60,39
12/18/2019,101253.061,5.6,61.4,29.33568,59,37
12/19/2019,101253.061,4.2,63.8,29.4468,57,40
12/20/2019,100914.422,4.5,68.8,29.169,57,40
12/21/2019,101253.061,3.4,67.8,29.55792,50,39
12/22/2019,101253.061,4.1,69.3,29.22456,50,32
12/23/2019,101253.061,3.5,69.2,29.05788,52,31
12/24/2019,101253.061,4.1,71,29.00232,54,34
12/25/2019,101253.061,3.6,74.5,28.78008,51,35
12/26/2019,101253.061,3.3,73.5,29.00232,57,30
12/27/2019,101253.061,4.9,69.2,28.8912,57,37
12/28/2019,101253.061,6.5,63.2,28.22448,59,36
12/29/2019,101253.061,4.8,58.6,28.39116, ,43
12/30/2019,101253.061,5,54.6,28.83564,36,39
12/31/2019,101253.061,5.3,60.7,28.6134,46,36
1/1/2020,,,,,52,22
1/2/2020,,,,,56,27
1/3/2020,101794.8834,4,58,30.16908,61,29
1/4/2020,101591.7,1,59,29.83572,66,39
1/5/2020,101354.6527,2,60,29.89128,69,44
1/6/2020,101354.6527,4,58,29.83572,71,50
1/7/2020,101422.3805,1,58,30.05796,70,52
1/8/2020,101286.9249,1,61,30.39132,93,55
1/9/2020,101253.061,2,64,30.33576,64,56
1/10/2020,101185.3332,1,66,30.78024,56,82
1/11/2020,101049.8776,3,67,30.61356,56,49
1/12/2020,101049.8776,1,81,29.11344,56,39
1/13/2020,101083.7415,1,81,29.28012,61,42
1/14/2020,101083.7415,1,80,28.72452,67,37
1/15/2020,101253.061,1,80,28.50228,70,39
1/16/2020,101253.061,0,78,28.8912,74,42
1/17/2020,101253.061,0,78,29.00232,72,50
1/18/2020,101354.6527,0,78,29.22456,76,59
1/19/2020,101523.9722,3,75,30.11352,67,58
1/20/2020,101490.1083,0,77,29.66904,63,65
1/21/2020,101320.7888,3,78,29.55792,58,51
1/22/2020,101253.061,2,78,29.50236,48,43
1/23/2020,101083.7415,3,79,28.72452,39,38
1/24/2020,101117.6054,1,70,29.28012,33,27
1/25/2020,101016.0137,2,56,30.0024,40,21
1/26/2020,101117.6054,3,62,28.0578,47,19
1/27/2020,101388.5166,0,66,29.00232,49,24
1/28/2020,101320.7888,1,63,29.05788,56,35
1/29/2020,101388.5166,5,55,28.0578,60,35
1/30/2020,,,,,68,38
1/31/2020,,,,,88,46
2/1/2020,101388.5166,4,61,28.3356,85,64
2/2/2020,101557.8361,0,71,28.8912,80,63
2/3/2020,101422.3805,1,77,28.6134,71,55
2/4/2020,101320.7888,1,75,28.66896,58,45
2/5/2020,101253.061,3,74,28.8912,48,34
2/6/2020,101354.6527,2,76,28.78008,59,27
2/7/2020,101456.2444,0,75,29.22456,59,32
2/8/2020,101422.3805,0,77,29.28012,72,
2/9/2020,101591.7,1,68,29.4468,75,45
2/10/2020,101456.2444,1,55,29.55792,71,44
2/11/2020,101456.2444,0,56,30.78024,58,52
2/12/2020,101422.3805,2,77,29.55792,32,40
2/13/2020,101320.7888,3,76,29.39124,29,16
2/14/2020,101083.7415,5,76,29.39124,37,16
2/15/2020,101219.1971,3,63,29.22456,26,23
2/16/2020,101320.7888,2,64,29.50236,38,16
2/17/2020,101388.5166,4,75,29.33568,62,21
2/18/2020,101490.1083,3,62,28.8912,81,39
2/19/2020,101625.5639,3,51,29.33568,86,53
2/20/2020,101591.7,4,56,30.39132,79,59
2/21/2020,101828.7473,5,47,29.94684,82,54
2/22/2020,101761.0195,5,48,29.7246,80,58
2/23/2020,101727.1556,3,50,29.7246,87,58
2/24/2020,101490.1083,4,49,30.39132,89,70
2/25/2020,101253.061,1,72,29.11344,73,76
2/26/2020,101286.9249,3,76,29.33568,75,49
2/27/2020,101219.1971,1,79,28.6134,50,54
2/28/2020,101117.6054,2,78,28.94676,49,35
2/29/2020,101049.8776,1,77,29.00232,51,29
3/1/2020,101151.4693,2,76,29.7246,47,27
3/2/2020,101083.7415,3,77,29.66904,33,29
3/3/2020,101151.4693,3,76,29.83572,29,22
3/4/2020,101185.3332,3,75,29.7246,31,16
3/5/2020,101185.3332,2,75,30.0024,30,20
3/6/2020,101354.6527,3,75,29.94684,32,18
3/7/2020,101354.6527,2,76,29.94684,39,20
3/8/2020,101151.4693,1,77,30.558,56,27
3/9/2020,100880.5581,1,64,31.22472,49,44
3/10/2020,100914.422,2,74,30.72468,54,37
3/11/2020,101049.8776,1,74,31.05804,44,40
3/12/2020,101219.1971,4,76,30.61356,37,32
3/13/2020,101320.7888,1,76,30.61356,35,26
3/14/2020,101151.4693,2,77,30.8358,37,21
3/15/2020,101388.5166,5,86,27.11328,57,26
3/16/2020,101320.7888,2,78,28.78008,46,40
3/17/2020,101354.6527,2,79,29.7246,44,23
3/18/2020,101185.3332,1,77,30.05796,40,23
3/19/2020,101083.7415,3,77,30.05796,36,25
3/20/2020,101185.3332,2,76,30.0024,35,23
3/21/2020,,,,,29,24
3/22/2020,,,,,30,20
3/23/2020,100982.1498,1,68,31.55808,28,21
3/24/2020,101049.8776,1,74,30.33576,31,19
3/25/2020,100948.2859,2,75,30.16908,25,21
3/26/2020,101083.7415,1,73,30.2802,27,17
3/27/2020,101083.7415,1,73,30.94692,37,19
3/28/2020,101016.0137,0,76,30.94692,30,26
3/29/2020,100948.2859,1,75,30.78024, ,23
3/30/2020,100982.1498,1,77,30.8358,31,24
3/31/2020,101016.0137,2,74,31.28028,31,32
4/1/2020,101016.0137,1,76,31.00248,27,23
4/2/2020,101016.0137,1,74,31.1136,27,21
4/3/2020,101117.6054,5,76,31.05804,28,17
4/4/2020,101049.8776,3,74,31.50252,28,20
4/5/2020,101151.4693,1,75,31.16916,39,23
4/6/2020,101083.7415,2,74,31.28028,37,17
4/7/2020,101016.0137,2,76,30.78024,30,22
4/8/2020,101016.0137,2,75,31.05804,29,17
4/9/2020,101185.3332,3,74,31.05804,30,19
4/10/2020,101253.061,2,75,31.1136,19,21
4/11/2020,101253.061,0,74,31.50252,40,20
4/12/2020,101083.7415,2,73,31.55808,50,17
4/13/2020,101185.3332,6,80,28.44672,44,27
4/14/2020,101219.1971,0,78,29.05788,27,39
4/15/2020,101219.1971,1,74,30.94692,23,33
4/16/2020,101083.7415,1,75,31.00248,23,19
4/17/2020,101151.4693,2,78,30.05796,26,16
4/18/2020,101185.3332,1,74,30.558,23,15
4/19/2020,101117.6054,1,74,31.3914,22,13
4/20/2020,101083.7415,1,74,31.55808,31,15
4/21/2020,100948.2859,1,72,31.947,34,15
4/22/2020,101016.0137,0,70,32.44704,31,20
                  bnvvvvvvvvvvvvvvvvvvvvvvvvvvvvvvvvvvvvvvvvvvvvvvvvvvvvvvvvvvvvvvvvvvvvvvvvvvvvvvvvvvvvvvvvvvvvvvvvvvvvvvvvvvvvvvvvvvvvvvvvvvvvvvvvvvvvvvvvvvvvvvvvvvvvvvvvvvvvvvvvvvvvvvvvvvvvvvvvvvvvvvvvvvvvvvvvvvvvvvvvvvvvvvvvvvvvvvvvvvvvvvvvvvvvvvvvvvvvvvvvvvvvvvvvvvvvvvvvvvvvvvvvvvvvvvvvvvvvvvvvvvvvvvvvvvvvvvvvvvvvvvvvvvvvvvvvvvvvvvvvvvvvvvvvvvvvvvvvvvvvvvvvvvvvvvvvvvvvvvvvvvvvvvvvvvvvvvvvvvvvvvvvvvvvvvvvvvv,101083.7415,6,70,31.50252,34,20
4/24/2020,101117.6054,1,70,30.78024,47,23
4/25/2020,101049.8776,0,77,30.50244,52,25
4/26/2020,100914.422,4.8,85.8,29.89128,46,31
4/27/2020,101253.061,5.9,85.2,29.55792,51,36
4/28/2020,100914.422,5.7,87.2,30.66912,40,33
4/29/2020,100914.422,6.4,84.5,29.169,30,36
4/30/2020,100914.422,6.3,87,30.558,33,27
5/1/2020,100914.422,6.8,71.1,31.1136,33,19
5/2/2020,100914.422,6.5,68.2,31.55808,27,17
5/3/2020,100914.422,7.7,66.8,32.39148,30,14
5/4/2020,100914.422,7.2,68.8,32.11368,32,19
5/5/2020,100575.783,6.9,66,32.83596,28,23
5/6/2020,100575.783,9.5,65.8,33.16932,24,18
5/7/2020,100575.783,9.8,68.2,32.7804,25,15
5/8/2020,100575.783,8.3,69.5,32.44704,17,14
5/9/2020,100575.783,8.5,64.6,33.50268,16,10
5/10/2020,100914.422,8.4,67,32.94708,25,10
5/11/2020,100914.422,7.7,77.8,29.169,37,14
5/12/2020,100914.422,4.3,67.8,30.33576,23,25
5/13/2020,100914.422,7,67,32.55816,25,16
5/14/2020,100914.422,5.9,73.6,30.78024,22,15
5/15/2020,100575.783,6.3,70.4,31.6692,24,14
5/16/2020,100575.783,7.7,65.2,32.83596,23,15
5/17/2020,100575.783,7,72.6,31.33584,25,14
5/18/2020,100575.783,5.5,70.8,31.83588,20,16
5/19/2020,100575.783,7.4,67.7,32.11368,24,12
5/20/2020,100575.783,9.8,66.1,31.83588,28,15
5/21/2020,100575.783,7.1,66.3,32.28036,40,18
5/22/2020,100575.783,7.9,61.7,33.16932,47,24
5/23/2020,100575.783,7.9,68.3,32.5026,46,25
5/24/2020,100914.422,6.2,83.6,29.7246,39,23
5/25/2020,100914.422,5,82.6,29.61348,39,23
5/26/2020,100914.422,4.6,83.9,29.05788,24,25
5/27/2020,100914.422,6.2,69.4,30.94692,23,14
5/28/2020,100914.422,5.7,66.5,31.05804,26,13
5/29/2020,100914.422,6.1,76.8,29.4468,18,16
5/30/2020,100914.422,6.2,82.3,28.66896,18,11
5/31/2020,100914.422,5.6,74.6,30.05796,23,15
6/1/2020,100914.422,6.5,70.2,31.50252,18,16
6/2/2020,100914.422,6.8,75.2,29.7246,20,12
6/3/2020,100914.422,6.2,80.3,28.50228,24,13
6/4/2020,100914.422,4.4,83.3,28.44672,22,15
6/5/2020,100914.422,3.9,85.4,28.55784,20,13
6/6/2020,100575.783,6.3,79.4,29.66904,17,11
6/7/2020,100575.783,7,77.8,29.66904,16,8
6/8/2020,100575.783,6.7,76.6,29.66904,21,11
6/9/2020,100575.783,7.4,80.1,29.00232,18,11
6/10/2020,100575.783,5.7,72.7,30.11352,23,10
6/11/2020,100575.783,5.8,66.7,30.72468,22,14
6/12/2020,100575.783,9.7,65.6,31.22472,21,12
6/13/2020,100237.144,8.8,63.8,31.61364,21,12
6/14/2020,100575.783,9,66.7,31.6692,18,14
6/15/2020,100745.1025,7,83,29.83572,17,13
6/16/2020,100914.422,9,81,28.50228,21,11
6/17/2020,100880.5581,9,88,27.27996,25,14
6/18/2020,100880.5581,0,79,29.00232,23,18
6/19/2020,100812.8303,1,79,29.89128,23,16
6/20/2020,100778.9664,1,71,30.89136,22,15
6/21/2020,100711.2386,1,72,31.83588,26,14
6/22/2020,100677.3747,4,79,30.39132,25,17
6/23/2020,100778.9664,1,80,30.44688,26,18
6/24/2020,100745.1025,1,77,31.1136,25,20
6/25/2020,100677.3747,2,75,31.28028,20,15
6/26/2020,100745.1025,2,79,29.169,22,13
6/27/2020,100677.3747,1,71,30.50244,19,13
6/28/2020,100677.3747,1,74,30.0024,21,13
6/29/2020,100643.5108,2,74,30.33576,20,13
6/30/2020,100677.3747,4,70,30.89136,21,12
7/1/2020,100711.2386,11,71,29.61348,21,13
7/2/2020,100541.9191,10,75,29.55792,22,12
7/3/2020,100778.9664,9,81,27.61332,29,13
7/4/2020,100846.6942,2,78,28.78008,23,16
7/5/2020,100812.8303,0,68,30.61356,23,12
7/6/2020,100575.783,1,69,31.00248,23,12
7/7/2020,100812.8303,0,81,29.4468,19,14
7/8/2020,100778.9664,1,79,30.05796,23,12
7/9/2020,100677.3747,1,73,31.33584,22,13
7/10/2020,100711.2386,1,74,30.50244,26,13
7/11/2020,100711.2386,0,73,30.66912,24,12
7/12/2020,100677.3747,5,79,29.22456,27,13
7/13/2020,100609.6469,1,81,28.39116,24,
7/14/2020,100575.783,4.3,82.8,27.89112,27,
7/15/2020,100575.783,6.7,79.8,28.66896,25,17
7/16/2020,100575.783,6.1,80,28.6134,26,16
7/17/2020,98205.31,6.1,75,30.0024,26,16
7/18/2020,100914.422,4.7,74.9,30.11352,18,20
7/19/2020,100575.783,5,78.5,29.94684,29,13
7/20/2020,100575.783,3.4,81.9,28.94676,28,21
7/21/2020,100914.422,4.4,85.2,28.00224,26,20
7/22/2020,100914.422,1,78,28.3356,21,24
7/23/2020,100812.8303,1,78,29.89128,25,18
7/24/2020,100880.5581,11,85,28.55784,26,20
7/25/2020,100745.1025,1,84,28.39116,22,19
7/26/2020,100778.9664,1,80,29.61348,15,18
7/27/2020,100643.5108,2,73,31.00248,18,14
7/28/2020,100812.8303,2,79,29.50236,23,15
7/29/2020,100880.5581,10,74,30.0024,20,17
7/30/2020,100846.6942,5,69,30.66912,18,16
7/31/2020,100575.783,5,72,29.33568,17,14
8/1/2020,100237.144,12.3,65.6,30.39132,14,14
8/2/2020,100237.144,12,71.6,29.05788,17,13
8/3/2020,100237.144,10,75.1,29.05788,19,13
8/4/2020,100237.144,9.2,81.3,28.50228,21,15
8/5/2020,100575.783,6.2,78.8,28.78008,27,18
8/6/2020,100575.783,7.2,69.5,30.0024,28,19
8/7/2020,100575.783,6.4,81.1,28.00224,25,20
8/8/2020,100575.783,6,84.4,28.0578,19,15
8/9/2020,100575.783,7.3,77.1,30.2802,18,12
8/10/2020,100575.783,9.2,71.4,30.22464,25,14
8/11/2020,100575.783,7.8,70.3,29.94684,17,15
8/12/2020,100914.422,7.8,77.8,29.28012,21,13
8/13/2020,100575.783,5.5,84.8,27.94668,25,18
8/14/2020,100914.422,5.8,90.4,26.391,31,20
8/15/2020,100914.422,6.2,85.3,27.11328,28,21
8/16/2020,100914.422,4.2,78.5,29.33568,32,18
8/17/2020,100575.783,4.9,78.5,29.11344,40,22
8/18/2020,100575.783,7.4,67.8,30.11352,32,23
8/19/2020,100575.783,6.5,69.5,29.89128,38,20
8/20/2020,100575.783,5.3,74.4,29.55792,29,27
8/21/2020,100914.422,7.8,75.9,29.28012,23,21
8/22/2020,100914.422,8.5,77.7,28.94676,23,18
8/23/2020,100914.422,5.8,82.7,28.16892,27,17
8/24/2020,100914.422,7.7,66.8,30.2802,28,19
8/25/2020,100914.422,7.6,64.2,31.00248,26,20
8/26/2020,100575.783,8.8,60.4,31.55808,26,19
8/27/2020,100575.783,11.3,61.4,30.72468,28,18
8/28/2020,100575.783,9.7,75.4,28.72452,27,21
8/29/2020,100575.783,4.5,69.6,29.94684,31,20
8/30/2020,100575.783,6.2,77.9,29.89128,23,24
8/31/2020,100575.783,6.3,76.1,30.33576,24,18
9/1/2020,100778.9664,1,77,29.94684,36,19
9/2/2020,100914.422,8,78,29.55792,29,27
9/3/2020,100880.5581,1,77,30.33576,26,22
9/4/2020,100778.9664,2,77,30.50244,24,19
9/5/2020,100745.1025,5,84,29.66904,17,17
9/6/2020,,,,,16,15
9/7/2020,,,,,22,15
9/8/2020,100948.2859,2,70,31.44696,29,18
9/9/2020,100880.5581,1,80,30.05796,26,23
9/10/2020,100677.3747,8,79,29.89128,19,19
9/11/2020,100846.6942,3,77,30.22464,20,16
9/12/2020,100948.2859,1,76,30.558,18,15
9/13/2020,101016.0137,1,81,29.78016,17,13
9/14/2020,100880.5581,1,83,29.55792,24,17
9/15/2020,100846.6942,10,85,28.39116,26,17
9/16/2020,100778.9664,2,79,29.7246,28,14
9/17/2020,100609.6469,3,74,30.558,24,12
9/18/2020,100338.7357,2,80,28.78008,16,14
9/19/2020,100440.3274,5,88,27.11328,16,10
9/20/2020,100914.422,2,87,27.44664,31,8
9/21/2020,100914.422,1,82,29.22456,39,17
9/22/2020,101016.0137,1,81,29.55792,42,24
9/23/2020,100880.5581,5,81,30.22464,21,29
9/24/2020,101083.7415,5,76,29.33568,32,14
9/25/2020,101016.0137,3,73,30.16908,33,15
9/26/2020,100914.422,4,70,30.78024,20,13
9/27/2020,100778.9664,3,73,30.11352,27,10
9/28/2020,100643.5108,4,88,27.00216,18,16
9/29/2020,100711.2386,1,86,27.83556,25,12
9/30/2020,100745.1025,5,77,29.33568,26,18
10/1/2020,100677.3747,4,74,29.83572,21,15
10/2/2020,100745.1025,7,80,28.94676,25,15
10/3/2020,100846.6942,2,89,27.39108,18,18
10/4/2020,100880.5581,2,85,28.16892,23,14
10/5/2020,100914.422,1,78,29.39124,26,18
10/6/2020,100880.5581,4,84,28.11336,28,23
10/7/2020,100812.8303,1,77,29.78016,20,19
10/8/2020,100711.2386,2,86,26.22432,20,17
10/9/2020,100745.1025,0,92,25.39092,26,15
10/10/2020,100745.1025,0,90,25.16868,27,18
10/11/2020,100677.3747,0,90,25.72428,42,20
10/12/2020,100643.5108,0,82,27.44664,31,29
10/13/2020,100745.1025,1,85,27.33552,32,21
10/14/2020,100609.6469,2,76,29.55792,55,23
10/15/2020,100575.783,1,90,26.72436,26,18
10/16/2020,100575.783,1,95,24.83532,20,17
10/17/2020,100812.8303,0,93,23.66856,19,12
10/18/2020,100914.422,0,88,25.39092,34,12
10/19/2020,101016.0137,0,84,26.33544,41,21
10/20/2020,101083.7415,1,81,26.89104,31,19
10/21/2020,101049.8776,1,75,28.22448,28,18
10/22/2020,101016.0137,2,69,28.50228,38,22
10/23/2020,101049.8776,1,59,28.94676,59,27
10/24/2020,101083.7415,1,62,29.33568,64,31
10/25/2020,100982.1498,1,66,29.50236,59,42
10/26/2020,100914.422,0,76,27.94668,42,47
10/27/2020,100914.422,0,78,28.22448,46,32
10/28/2020,100846.6942,1,81,27.05772,33,29
10/29/2020,101016.0137,0,80,28.39116,25,21
10/30/2020,101151.4693,10,86,27.83556,29,19
10/31/2020,101185.3332,3.5,85,27.94668,32,21
11/1/2020,101185.3332,1,83,28.00224,42,18
11/2/2020,101219.1971,0,72,30.22464,38,23
11/3/2020,101253.061,4,64,30.61356,42,22
11/4/2020,101320.7888,4,70,29.33568,39,30
11/5/2020,101219.1971,1,70,29.22456,49,27
11/6/2020,101286.9249,2,68,29.4468,34,27
11/7/2020,101286.9249,1,75,27.66888,49,20
11/8/2020,101388.5166,4,73,27.94668,49,38
11/9/2020,101253.061,3,64,28.55784,53,32
11/10/2020,101185.3332,1,60,28.50228,52,34
11/11/2020,101422.3805,4,66,26.1132,42,32
11/12/2020,101354.6527,1,78,24.94644,53,28
11/13/2020,101253.061,0,60,28.11336,62,35
11/14/2020,101151.4693,0,57,25.89096,65,40
11/15/2020,101253.061,3.4,53.8,27.78,37,48
11/16/2020,101253.061,6,65.6,28.44672,47,25
11/17/2020,100914.422,3.8,66.8,29.66904,50,31
11/18/2020,100914.422,3.4,66.7,30.22464,57,32
11/19/2020,100914.422,4,63.8,31.1136,53,42
11/20/2020,100914.422,4.6,66.9,30.78024,43,38
11/21/2020,101253.061,4,79.8,28.6134,35,29
11/22/2020,100914.422,4.1,84,28.0578,49,29
11/23/2020,101253.061,6,80,28.78008,36,36
11/24/2020,101253.061,2,68,29.94684,39,20
11/25/2020,101219.1971,1,67,30.11352,37,20
11/26/2020,101286.9249,2,65,30.22464,30,18
11/27/2020,101354.6527,1,66,29.22456,40,16
11/28/2020,101354.6527,1,62,29.28012,35,21
11/29/2020,101320.7888,1,65,28.39116,27,21
11/30/2020,101388.5166,1,63,28.44672,37,17
12/1/2020,101456.2444,1,64,28.00224,33,20
12/2/2020,101253.061,1,67,28.3356,32,20
12/3/2020,101286.9249,5,66,28.16892,39,20
12/4/2020,101388.5166,1,60,26.83548,42,25
12/5/2020,101523.9722,0,60,25.5576,51,26
12/6/2020,101490.1083,1,61,26.1132,56,31
12/7/2020,101456.2444,1,61,27.2244,54,35
12/8/2020,101422.3805,0,63,27.94668,53,33
12/9/2020,101320.7888,1,60,27.5022,64,36
12/10/2020,101219.1971,0,60,27.27996,71,48
12/11/2020,101219.1971,1,62,28.22448,65,52
12/12/2020,101117.6054,1,65,29.61348,70,53
12/13/2020,100948.2859,0,71,29.39124,71,50
12/14/2020,101049.8776,1,82,28.78008,76,66
12/15/2020,101185.3332,1,73,29.89128,51,58
12/16/2020,101320.7888,4,76,29.05788,44,39
12/17/2020,101253.061,0,67,29.11344,50,25
12/18/2020,101253.061,1,64,29.05788,43,28
12/19/2020,101320.7888,1,63,27.78,42,23
12/20/2020,101523.9722,1,63,25.61316,47,25
12/21/2020,101591.7,1,59,23.8908,60,28
12/22/2020,101456.2444,2,59,24.22416,64,39
12/23/2020,101219.1971,2,68,22.16844,63,48
12/24/2020,100880.5581,1,58,29.83572,57,45
12/25/2020,101151.4693,2,69,27.72444,55,37
12/26/2020,101185.3332,1,69,28.83564,51,34
12/27/2020,101151.4693,1,73,29.33568,42,35
12/28/2020,101016.0137,0,80,28.3356,55,25
12/29/2020,101016.0137,0,74,29.78016,51,31
12/30/2020,101117.6054,5,65,29.22456,38,29
12/31/2020,101490.1083,3,61,25.33536,42,21