date,pressure,wind_speed,humidity,temperature,PM2.5,PM10
2017-11-01,101013.3203125,2.7000517500000045,67.4453125,20.748437499999994,27.34453125000001,43.0,57.0
2017-11-02,100784.92248062015,2.3240881860465175,63.47286821705426,21.180232558139526,28.941860465116264,43.0,55.0
2017-11-03,100780.44280442805,2.4841237490774946,57.51660516605166,19.69225092250923,29.24428044280444,40.0,65.0
2017-11-04,100807.74305555556,2.69621,50.97222222222222,17.276736111111102,28.576736111111074,51.0,54.0
2017-11-05,100865.83629893238,4.0239963558718825,60.67615658362989,17.371886120996436,25.7473309608541,33.0,64.0
2017-11-06,100873.375,2.3174833000000037,71.18125,19.661562500000024,25.28500000000002,48.0,54.0
2017-11-07,100823.01526717558,2.308739786259547,70.57251908396947,21.525190839694677,27.473282442748097,38.0,51.0
2017-11-08,100883.49593495936,1.1908346016260152,71.07317073170732,21.871544715447175,27.59959349593498,36.0,47.0
2017-11-09,100793.11740890688,1.656762817813764,70.08502024291498,22.70971659919029,28.812955465587045,29.0,47.0
2017-11-10,100775.140562249,1.775233542168677,72.14056224899599,23.9180722891566,29.5843373493976,28.0,37.0
2017-11-11,100832.56,1.691599359999999,80.892,23.740400000000005,27.3648,21.0,41.0
2017-11-12,100694.4,1.6241857279999985,74.972,23.578399999999995,28.798000000000005,26.0,51.0
2017-11-13,100654.86607142857,1.6015607142857131,81.80803571428571,24.670089285714287,28.162946428571427,33.0,56.0
2017-11-14,100701.3953488372,1.2013940093023248,79.13023255813954,24.886511627906962,28.992558139534875,39.0,61.0
2017-11-15,100806.19230769231,1.4537396923076926,74.74615384615385,24.291538461538483,29.462307692307675,38.0,43.0
2017-11-16,100853.33333333333,1.6935365333333336,82.075,25.016249999999996,28.428750000000015,24.0,60.0
2017-11-17,100777.25099601594,0.9665681593625497,79.89641434262948,25.53545816733068,29.47011952191234,32.0,68.0
2017-11-18,100656.05691056911,0.7443397723577233,75.6869918699187,25.66422764227642,30.671138211382157,45.0,57.0
2017-11-19,100672.43119266054,1.5152195229357788,80.44036697247707,25.698165137614687,29.527064220183497,37.0,40.0
2017-11-20,100783.38308457712,1.1220481592039795,86.71641791044776,24.25323383084582,26.773631840796053,23.0,33.0
2017-11-21,100752.91866028708,2.5725120000000037,81.47368421052632,24.48660287081341,28.071291866028712,19.0,46.0
2017-11-22,100769.62962962964,1.5390948571428569,77.71957671957672,24.367195767195774,28.86878306878306,27.0,29.0
2017-11-23,100809.02857142857,2.7269440000000036,71.04,23.18171428571429,29.04457142857142,17.0,36.0
2017-11-24,101011.93396226416,2.532523773584909,66.95283018867924,21.54622641509431,28.353773584905664,20.0,54.0
2017-11-25,101135.16,2.1588455680000056,63.852,19.980399999999996,27.526799999999987,29.0,53.0
2017-11-26,101107.63052208835,2.2145535742971925,62.714859437751,20.16746987951808,28.04618473895584,31.0,53.0
2017-11-27,100935.8870967742,2.231955354838717,65.14516129032258,20.602016129032265,27.806854838709697,28.0,57.0
2017-11-28,100895.2564102564,2.5588263931623976,70.2008547008547,21.714957264957256,27.711965811965833,33.0,48.0
2017-11-29,100882.61306532663,2.295853668341711,67.1356783919598,22.420603015075386,29.274874371859287,27.0,51.0
2017-11-30,100803.90625,1.5809383333333324,69.11458333333333,22.928645833333363,29.256249999999977,30.0,49.0
2017-12-01,100831.21951219512,1.8029886439024378,65.93170731707318,22.119999999999987,29.215609756097557,30.0,53.0
2017-12-02,100898.78306878307,1.3964678095238088,64.88888888888889,21.605291005291,28.967195767195765,31.0,43.0
2017-12-03,100858.72549019608,1.2694621176470586,64.15196078431373,21.726960784313714,29.326470588235306,26.0,47.0
2017-12-04,100805.97609561753,2.191386517928289,63.50597609561753,22.112749003984057,29.832270916334615,27.0,33.0
2017-12-05,100905.08196721312,2.43435265573771,66.67213114754098,20.92663934426229,27.69999999999996,20.0,49.0
2017-12-06,100909.67871485944,2.046330088353414,65.66666666666667,21.27871485943775,28.38232931726909,33.0,54.0
2017-12-07,100936.54166666667,2.075010666666669,63.604166666666664,21.63708333333333,29.392916666666668,35.0,53.0
2017-12-08,101045.45918367348,1.9658355918367354,64.45408163265306,22.487244897959183,30.05816326530612,38.0,39.0
2017-12-09,101143.55555555556,2.914452444444448,61.63333333333333,19.769999999999996,27.860555555555553,25.0,61.0
2017-12-10,101146.4,1.3898473599999994,61.43,20.16700000000001,28.4555,50.0,79.0
2017-12-11,101039.24528301887,0.7973619119496858,68.50314465408805,22.166666666666682,28.6238993710692,69.0,50.0
2017-12-12,100966.5,0.8588756000000004,78.2875,24.343750000000004,28.64562499999999,38.0,49.0
2017-12-13,100901.19402985074,1.6424827860696514,80.8905472636816,25.2134328358209,28.92636815920396,32.0,50.0
2017-12-14,100905.71984435798,1.145953120622567,82.58754863813229,25.073929961089476,28.425291828793792,34.0,60.0
2017-12-15,100941.0546875,0.7128192499999998,77.50390625,24.733203125,29.29375000000001,42.0,52.0
2017-12-16,101116.61710037175,2.041261085501861,64.81412639405204,21.900371747211906,29.40557620817845,38.0,30.0
2017-12-17,101413.6559139785,3.56334141935484,58.89964157706093,17.469892473118275,26.17777777777778,15.0,49.0
2017-12-18,101550.89605734767,2.56367025089606,54.24014336917563,13.444086021505386,23.313978494623655,33.0,60.0
2017-12-19,101656.106870229,2.1969797862595457,48.5,9.892366412213747,21.37900763358779,42.0,68.0
2017-12-20,101745.24163568774,1.9154583791821573,44.50185873605948,8.47026022304833,21.293680297397774,51.0,70.0
2017-12-21,101581.31578947368,2.1236080601503766,46.43984962406015,9.87744360902256,21.972556390977434,53.0,70.0
2017-12-22,101235.84269662922,2.6700175580524377,55.40074906367041,14.197752808988765,23.701872659176033,58.0,73.0
2017-12-23,100902.08178438662,1.3647183940520433,54.72862453531599,17.266542750929386,27.369888475836433,62.0,70.0
2017-12-24,100872.23367697594,1.2000950103092787,59.70103092783505,19.77319587628867,28.59209621993129,59.0,48.0
2017-12-25,100987.7027027027,1.6505743783783777,57.73986486486486,17.126689189189186,26.25472972972973,30.0,67.0
2017-12-26,101106.48829431437,1.5628458595317738,70.18060200668896,17.151170568561895,23.089632107023398,60.0,47.0
2017-12-27,101130.73800738007,1.7424662435424405,94.30996309963099,18.966789667896624,19.916236162361663,45.0,44.0
2017-12-28,101140.0,2.5627156210526323,86.42105263157895,20.792631578947365,23.24771929824563,29.0,39.0
2017-12-29,101175.68702290076,3.23762748091603,81.65648854961832,21.537022900763365,25.026717557251906,24.0,36.0
2017-12-30,101073.21428571429,1.4749417142857133,72.01623376623377,22.173051948051942,27.8551948051948,24.0,34.0
2017-12-31,101055.13157894737,2.479013263157899,66.48355263157895,20.506578947368446,27.429605263157903,23.0,34.0
2018-01-01,101000.79734219269,1.67840499667774,66.15946843853821,19.740863787375424,26.666445182724246,27.0,40.0
2018-01-02,100861.1149825784,1.6901850313588842,64.21951219512195,19.72787456445995,27.234843205574933,30.0,54.0
2018-01-03,100829.03225806452,1.0262692473118271,66.12186379928315,20.670609318996412,27.70645161290322,40.0,59.0
2018-01-04,100776.88644688645,1.0650359560439544,63.223443223443226,21.089010989010998,29.02380952380953,45.0,69.0
2018-01-05,100658.35390946502,0.8013605925925922,61.11934156378601,21.493415637860092,30.05432098765432,51.0,60.0
2018-01-06,100654.4,0.7639019519999996,67.908,22.573200000000003,29.207600000000017,48.0,27.0
2018-01-07,100818.90196078431,1.8207676235294135,79.34117647058824,24.172549019607857,28.183921568627433,19.0,28.0
2018-01-08,100888.20895522388,0.8390340298507463,82.42537313432835,24.214925373134328,27.635820895522375,16.0,36.0
2018-01-09,100968.7185354691,1.2733990663615595,73.7299771167048,24.60778032036616,29.906636155606435,22.0,28.0
2018-01-10,101025.35714285714,1.022604,84.92857142857143,24.458928571428583,27.214285714285715,17.0,56.0
2018-01-11,101306.42201834862,1.480358605504587,73.42660550458716,19.45504587155964,24.58256880733944,35.0,56.0
2018-01-12,101394.45887445887,1.3238963809523807,63.62337662337662,16.26580086580087,23.613419913419918,37.0,61.0
2018-01-13,101386.82795698925,1.012329290322581,63.5,15.070967741935505,22.387096774193548,44.0,60.0
2018-01-14,101242.7358490566,0.8535933584905654,63.5377358490566,16.537264150943397,24.14245283018868,45.0,71.0
2018-01-15,101025.3488372093,0.28277879069767425,64.72558139534884,18.05674418604652,25.346511627906974,55.0,78.0
2018-01-16,100864.0,0.19295493953488368,63.06976744186046,19.34325581395347,27.186511627906977,67.0,92.0
2018-01-17,100780.80952380953,0.27588754285714273,64.01428571428572,20.849047619047628,28.509047619047617,87.0,71.0
2018-01-18,100781.9920318725,0.4561232828685262,59.85657370517928,20.495617529880484,29.301195219123528,59.0,70.0
2018-01-19,100845.08,0.5750722559999999,56.74,19.80039999999999,29.780400000000004,59.0,73.0
2018-01-20,100781.52,0.6129812479999996,57.624,20.1312,29.460800000000003,51.0,81.0
2018-01-21,100701.7004048583,0.1853315627530364,61.94736842105263,21.360728744939262,29.552226720647777,72.0,75.0
2018-01-22,100648.125,0.517887857142857,68.60267857142857,23.00312499999999,29.64687499999999,77.0,71.0
2018-01-23,100633.4051724138,0.6304805517241377,73.59051724137932,24.056896551724154,29.434482758620685,61.0,69.0
2018-01-24,100573.45454545454,0.7496047999999994,81.35909090909091,24.382272727272728,27.933181818181833,61.0,48.0
2018-01-25,100585.14644351465,0.8269304769874475,80.84518828451883,24.661087866108797,28.356485355648566,34.0,33.0
2018-01-26,100618.83534136545,0.9220873253012049,79.22489959839358,24.645381526104416,28.704016064257033,22.0,32.0
2018-01-27,100715.21912350597,1.0971180876494013,78.64940239043824,24.302788844621514,28.497609561752995,19.0,33.0
2018-01-28,100726.37450199203,0.9756514422310746,77.68924302788845,24.28605577689244,28.71713147410359,19.0,33.0
2018-01-29,100809.67871485944,1.1443505863453802,80.8273092369478,25.20240963855421,28.95421686746988,20.0,32.0
2018-01-30,100807.18875502008,1.4996486425702809,82.18875502008032,25.290763052208863,28.689558232931727,21.0,32.0
2018-01-31,100930.52208835342,1.9718234216867467,86.72289156626506,24.85261044176708,27.310441767068287,21.0,46.0
2018-02-01,101014.02390438247,3.2069331633466125,77.35059760956176,23.115936254980085,27.562549800796823,35.0,59.0
2018-02-02,101105.64,1.8396590080000021,69.96,20.59479999999997,26.608800000000038,51.0,64.0
2018-02-03,101276.05577689243,1.6837912988047814,65.800796812749,18.374900398406393,25.258565737051804,52.0,65.0
2018-02-04,101290.9881422925,0.9147533913043479,59.83794466403162,16.864031620553366,25.365612648221354,59.0,66.0
2018-02-05,101424.56,1.0235427839999995,58.092,16.7336,25.7124,62.0,58.0
2018-02-06,101323.76425855514,1.7898597718631186,55.77946768060836,15.429277566539932,24.974524714828878,51.0,81.0
2018-02-07,101142.81954887218,1.333221172932331,60.2406015037594,17.239473684210516,25.701503759398495,86.0,75.0
2018-02-08,101029.00398406375,1.4538595697211152,74.9402390438247,21.639840637450202,26.684462151394424,76.0,58.0
2018-02-09,100967.29083665338,1.7384690996015926,76.10358565737052,22.459760956175305,27.239043824701184,48.0,56.0
2018-02-10,101066.02362204724,1.1605439999999996,74.36220472440945,22.831102362204735,28.055118110236222,43.0,58.0
2018-02-11,101125.75396825396,0.553832888888889,80.47222222222223,23.863492063492032,27.603571428571456,44.0,67.0
2018-02-12,101332.23107569721,2.5178503904382508,66.21115537848605,21.162151394422313,28.652988047808773,55.0,61.0
2018-02-13,101429.64,1.4493036800000005,57.496,18.450000000000006,27.778400000000012,46.0,82.0
2018-02-14,101330.96385542168,0.46571155020080335,57.30120481927711,19.366265060240945,28.950200803212866,72.0,68.0
2018-02-15,101147.90513833992,1.344123826086956,68.02766798418972,22.245454545454525,29.142687747035577,60.0,59.0
2018-02-16,100930.7171314741,0.8440328924302786,77.4621513944223,24.672111553784845,29.21314741035857,48.0,57.0
2018-02-17,100778.61111111111,1.2871913650793636,80.44444444444444,25.17658730158733,29.046428571428553,47.0,52.0
2018-02-18,100854.34782608696,1.482123130434781,78.72727272727273,24.593280632411062,28.756126482213443,41.0,48.0
2018-02-19,100873.53174603175,1.24709968253968,80.30952380952381,24.81547619047618,28.640079365079384,35.0,29.0
2018-02-20,100833.61111111111,1.4713292698412683,77.5952380952381,24.354365079365095,28.798809523809503,17.0,36.0
2018-02-21,100715.15748031496,1.486495999999997,75.63779527559055,24.300393700787396,29.203543307086605,21.0,42.0
2018-02-22,100745.79365079365,1.7054930793650798,78.86111111111111,24.793253968253975,28.911111111111115,27.0,46.0
2018-02-23,100976.96,1.6088075520000003,80.72,23.887200000000014,27.5812,33.0,55.0
2018-02-24,101121.3025210084,0.6591022521008401,81.47058823529412,24.282773109243706,27.91092436974787,41.0,55.0
2018-02-25,100961.484375,0.47288450000000043,77.4453125,24.053125000000023,28.515625000000004,36.0,56.0
2018-02-26,100881.55378486056,0.9508950438247008,74.87649402390439,23.759760956175285,28.85657370517932,44.0,51.0
2018-02-27,100923.10756972112,1.3452163824701182,81.35458167330677,23.51792828685261,27.103187250996022,33.0,58.0
2018-02-28,100818.8537549407,1.0317259130434773,74.73913043478261,23.53952569169961,28.67588932806324,42.0,44.0
2018-03-01,100715.40856031129,1.1471707392996093,77.65369649805447,24.93968871595329,29.4217898832685,28.0,41.0
2018-03-02,100679.8406374502,1.4656144063744998,76.99601593625498,25.039043824701213,29.643824701195253,27.0,32.0
2018-03-03,100616.8,1.4659335679999972,77.396,25.1636,29.68079999999999,19.0,30.0
2018-03-04,100708.18181818182,1.2870511304347827,76.41501976284584,25.23754940711465,29.976284584980235,19.0,29.0
2018-03-05,100708.46456692913,1.430351999999998,77.31889763779527,25.58503937007876,30.18149606299215,18.0,32.0
2018-03-06,100783.37301587302,1.6758678095238082,76.3015873015873,25.58730158730158,30.37579365079369,20.0,33.0
2018-03-07,100793.4251968504,1.9710240000000003,77.19685039370079,25.64527559055118,30.244488188976387,22.0,44.0
2018-03-08,100801.3492063492,1.612359746031746,76.88888888888889,25.43968253968251,30.046825396825444,30.0,43.0
2018-03-09,101012.29571984436,1.5677710194552543,81.00389105058366,22.19494163424126,25.777821011673158,31.0,64.0
2018-03-10,101120.75396825396,1.0863781587301589,68.46031746031746,19.85277777777777,26.30992063492066,43.0,72.0
2018-03-11,101048.37301587302,0.41156063492063516,60.83730158730159,20.02817460317459,28.57777777777778,61.0,85.0
2018-03-12,100982.70588235294,0.8746206117647055,69.5764705882353,22.996862745098042,29.254117647058816,80.0,56.0
2018-03-13,100899.33070866142,1.4365119999999991,74.98425196850394,24.5492125984252,29.698425196850405,43.0,46.0
2018-03-14,100785.37254901961,2.078998964705884,76.78823529411764,24.955294117647057,29.577254901960774,30.0,47.0
2018-03-15,100794.86055776893,2.168054948207176,75.5019920318725,24.5972111553785,29.538645418326677,27.0,42.0
2018-03-16,100835.16,1.6808704000000008,76.352,24.791999999999987,29.5124,26.0,30.0
2018-03-17,100842.68774703557,1.2951791304347822,74.01581027667984,24.527272727272717,29.847826086956516,20.0,24.0
2018-03-18,100916.96850393701,1.5847039999999983,75.52362204724409,24.93188976377952,29.90275590551183,16.0,27.0
2018-03-19,100822.34567901235,1.6632463539094644,75.06584362139918,25.181069958847715,30.287654320987667,16.0,38.0
2018-03-20,100715.90551181103,1.3184159999999994,75.1259842519685,25.5795275590551,30.678740157480306,25.0,40.0
2018-03-21,100741.45098039215,2.277099043137258,76.89019607843137,25.480000000000004,30.079607843137243,26.0,49.0
2018-03-22,100681.24031007753,1.4944651162790696,78.87209302325581,24.237209302325574,28.386046511627924,34.0,57.0
2018-03-23,100803.30739299611,0.8380695408560306,71.88326848249027,23.53618677042802,29.455642023346286,45.0,61.0
2018-03-24,100933.51351351352,0.3203498996138999,69.76833976833977,23.969884169884182,30.37181467181466,50.0,54.0
2018-03-25,101057.1206225681,0.8300680466926067,74.50583657587549,24.888715953307404,29.996887159533077,37.0,53.0
2018-03-26,101005.60784313726,1.491535811764705,71.51764705882353,24.620392156862763,30.594117647058816,31.0,56.0
2018-03-27,100906.8093385214,1.8312984902723743,80.49027237354086,24.7089494163424,28.479377431906634,43.0,47.0
2018-03-28,100772.4513618677,1.9781085136186796,78.56031128404669,25.582879377431905,29.81789883268483,33.0,44.0
2018-03-29,100753.51351351352,2.113860571428574,78.29343629343629,25.511969111969126,29.793050193050206,28.0,48.0
2018-03-30,100733.72549019608,2.211007247058827,78.10196078431373,26.075686274509792,30.43294117647055,32.0,48.0
2018-03-31,100752.49027237354,1.724843828793774,78.7704280155642,25.713618677042817,29.885992217898835,33.0,56.0
2018-04-01,100819.14728682171,1.2186171782945734,84.78294573643412,24.899224806201566,27.731007751937987,42.0,57.0
2018-04-02,100831.5953307393,1.581860607003892,82.10894941634241,24.964202334630365,28.423735408560283,41.0,58.0
2018-04-03,100784.45344129554,1.228002591093116,77.95141700404858,24.381781376518227,28.80161943319838,45.0,44.0
2018-04-04,100655.2140077821,1.913574723735409,80.26459143968872,25.725291828793775,29.58171206225681,29.0,52.0
2018-04-05,100627.0542635659,1.9357871627906977,76.48062015503876,25.257751937984487,29.991860465116304,34.0,57.0
2018-04-06,100666.2109375,1.2826206249999998,73.21875,24.36757812499999,29.90703125,43.0,31.0
2018-04-07,101097.41176470589,2.9492368313725508,80.37647058823529,21.679607843137266,25.383137254901957,19.0,46.0
2018-04-08,101253.39768339768,2.518440401544406,62.86872586872587,18.006563706563703,25.728957528957523,28.0,67.0
2018-04-09,101016.09375,1.8601055000000002,59.20703125,19.648437500000018,28.787109375000004,45.0,56.0
2018-04-10,100827.9759519038,1.4626002084168377,60.186372745490985,22.050901803607253,31.030260521042074,37.5,45.0
2018-04-11,100762.80991735538,1.9124198787878801,75.31129476584022,25.313774104683166,30.284848484848478,30.0,35.0
2018-04-12,100672.10344827586,2.3471141517241407,74.27931034482759,25.50379310344829,30.831724137931026,21.0,29.0
2018-04-13,100708.22222222222,2.187019022222224,74.83703703703704,25.973333333333326,31.14888888888889,19.0,28.0
2018-04-14,100626.640625,2.201497375000003,76.3046875,26.26093750000001,31.1390625,20.0,28.0
2018-04-15,100628.77952755906,2.2677600000000036,75.39763779527559,26.318897637795285,31.30275590551183,20.0,34.0
2018-04-16,100753.26771653544,2.071696,73.27165354330708,25.891338582677164,31.440944881889756,24.0,28.0
2018-04-17,100998.21428571429,2.17222412698413,86.21031746031746,24.43730158730156,26.997619047619057,19.0,45.0
2018-04-18,100921.97628458498,1.3824667826086956,76.11857707509881,23.66205533596836,28.52529644268774,31.0,33.0
2018-04-19,100729.01960784313,1.9336671372549052,74.08235294117647,25.17411764705882,30.446666666666662,22.0,33.0
2018-04-20,100693.12252964427,1.987649391304349,77.12648221343873,26.073122529644277,30.647035573122547,20.0,33.0
2018-04-21,100677.94466403162,2.030409739130435,75.0197628458498,25.874308300395256,30.95889328063239,22.0,28.0
2018-04-22,100670.99601593625,2.549909035856577,72.97609561752988,25.557370517928288,31.188446215139447,17.0,43.0
2018-04-23,100527.62589928058,2.221692316546769,70.88489208633094,25.702517985611514,31.92122302158274,27.0,36.0
2018-04-24,100561.3671875,2.294921750000006,75.5859375,26.50625000000002,31.47617187500001,23.0,46.0
2018-04-25,100585.44303797468,2.245008472573842,74.72573839662448,25.935021097046395,31.14514767932487,28.0,41.0
2018-04-26,100681.51750972762,2.8074807782101208,77.5408560311284,25.693385214007783,30.097665369649818,24.0,37.0
2018-04-27,100864.49612403101,2.094157147286826,76.6937984496124,23.88914728682172,28.559689922480626,24.0,30.0
2018-04-28,100979.80392156863,1.366364611764704,93.09019607843138,23.550196078431345,24.756078431372547,21.0,39.0
2018-04-29,100856.6796875,1.4039849999999994,84.16015625,24.039843750000014,27.057812499999994,25.0,29.0
2018-04-30,100845.40856031129,1.7523272217898822,91.26459143968872,24.67665369649807,26.229961089494164,19.0,19.0
2018-05-01,100894.88188976378,1.7200480000000018,86.22047244094489,24.566535433070865,27.212204724409446,13.0,26.0
2018-05-02,100881.70634920635,1.694317079365081,79.21428571428571,24.87261904761906,29.0388888888889,15.0,36.0
2018-05-03,100917.04280155642,1.6884892140077818,78.78210116731518,24.799610894941633,28.94124513618678,21.0,39.0
2018-05-04,100847.19844357976,1.8358210739299634,74.26459143968872,24.492607003891052,29.72529182879377,22.0,29.0
2018-05-05,100934.06976744186,1.496717643410851,76.93798449612403,25.25426356589149,29.877906976744182,16.0,25.0
2018-05-06,100886.4453125,1.7406619999999988,79.70703125,26.038281249999986,30.044140625,16.0,33.0
2018-05-07,100722.58823529411,1.95014625882353,80.31764705882352,25.861176470588248,29.757254901960774,18.0,38.0
2018-05-08,100588.54901960785,1.7560783058823521,76.8156862745098,26.278823529411746,31.014901960784307,22.0,34.0
2018-05-09,100673.4251968504,2.0359680000000004,79.2992125984252,26.793307086614195,30.864173228346477,19.0,32.0
2018-05-10,100762.24409448818,2.389200000000004,76.79527559055119,26.48740157480314,31.16141732283466,17.0,38.0
2018-05-11,100802.3046875,1.157239875,79.71875,24.267968750000005,28.125390624999987,19.0,45.0
2018-05-12,100755.6626506024,1.4427363212851412,75.94779116465864,24.968674698795173,29.884738955823313,28.0,37.0
2018-05-13,100748.12,1.2790708479999973,73.56,25.137999999999987,30.4896,23.0,37.0
2018-05-14,100763.05220883535,2.061231421686747,75.59839357429719,24.402409638554214,29.279518072289147,22.0,46.0
2018-05-15,100604.54183266932,1.6731050836653376,78.20717131474103,25.29123505976093,29.560159362549822,28.0,28.0
2018-05-16,100534.01606425703,1.9136543614457842,70.35341365461848,25.269477911646593,31.69718875502008,18.0,26.0
2018-05-17,100528.28,2.5599298560000037,72.372,25.878400000000003,31.67160000000001,16.0,33.0
2018-05-18,100513.44,1.9560682240000005,77.972,25.9484,30.281600000000008,20.0,35.0
2018-05-19,100495.49800796813,1.37424726693227,75.20717131474103,24.95298804780876,29.976494023904372,21.333333333333332,43.0
2018-05-20,100497.68,1.2112995839999994,73.292,25.688,31.15279999999999,22.666666666666668,41.0
2018-05-21,100548.50806451614,1.111831741935484,79.57661290322581,25.76895161290322,29.70967741935486,24.0,43.0
2018-05-22,100693.49264705883,1.3933842352941186,85.15808823529412,25.09374999999999,27.847794117647066,25.0,41.0
2018-05-23,100664.88549618321,1.9360927022900762,78.97328244274809,24.84923664122137,29.0209923664122,25.0,29.0
2018-05-24,100698.27309236948,1.9536904738955834,79.79116465863454,24.26987951807228,28.176305220883563,16.0,29.0
2018-05-25,100613.34661354581,2.194592382470119,78.75298804780877,25.12749003984064,29.316334661354585,15.0,29.0
2018-05-26,100681.41025641025,1.5281508376068373,81.96153846153847,25.479059829059846,28.969658119658096,15.0,34.0
2018-05-27,100708.67469879518,1.8802610120481948,78.44979919678715,25.028112449799202,29.432128514056224,19.0,42.0
2018-05-28,100705.28,1.237406719999998,77.392,25.474799999999973,29.985600000000016,22.0,32.0
2018-05-29,100724.49799196787,2.547589397590364,80.03614457831326,25.486746987951825,29.34899598393574,14.0,28.0
2018-05-30,100686.96,2.7526935040000033,79.444,25.80560000000003,29.838399999999986,16.0,41.0
2018-05-31,100750.0706713781,1.5369961837455839,80.57597173144876,25.398233215547716,29.146643109540623,24.0,37.0
2018-06-01,100739.34256055363,1.7081877923875464,74.67474048442907,24.8107266435986,29.87231833910036,18.0,37.0
2018-06-02,100632.25694444444,2.0515721111111147,73.10416666666667,24.54618055555555,30.111458333333328,17.0,26.0
2018-06-03,100448.22916666667,2.0762524444444495,71.42013888888889,24.738194444444453,30.678124999999984,14.0,28.0
2018-06-04,100406.26297577855,1.5850584359861597,69.4083044982699,24.402076124567476,30.76332179930796,14.0,26.0
2018-06-05,100535.81314878893,1.5680430726643586,70.98615916955018,24.64567474048443,30.567128027681687,15.0,32.0
2018-06-06,100638.50174216028,2.0126145783972142,76.07665505226481,24.682229965156786,29.474216027874558,17.0,36.0
2018-06-07,100563.02083333333,3.2234998888888877,74.88541666666667,24.540625,29.526388888888864,16.0,33.0
2018-06-08,100492.36111111111,3.4797717777777764,75.68402777777777,24.001388888888854,28.761805555555547,15.0,26.0
2018-06-09,100463.85416666667,1.5927352222222217,80.80555555555556,24.850347222222226,28.49513888888889,13.0,30.0
2018-06-10,100541.14583333333,1.3820986666666641,82.08680555555556,25.730208333333305,29.202083333333356,12.0,33.0
2018-06-11,100569.51388888889,2.775373333333334,77.05208333333333,25.685069444444437,30.185069444444448,12.0,29.0
2018-06-12,100650.59027777778,2.554492111111114,73.42708333333333,25.21597222222223,30.584027777777788,11.0,31.0
2018-06-13,100551.13074204947,3.057564042402829,72.18021201413427,25.163250883392237,30.823674911660767,13.0,34.0
2018-06-14,100490.13888888889,3.071226888888891,73.06597222222223,25.077777777777776,30.542708333333312,14.0,36.0
2018-06-15,100437.95138888889,2.5445578888888916,78.35416666666667,25.271875000000023,29.561458333333324,18.0,38.0
2018-06-16,100307.63888888889,2.50683888888889,78.12152777777777,25.216319444444487,29.467013888888875,17.0,38.0
2018-06-17,100181.07638888889,5.006227111111101,69.14930555555556,23.518055555555563,29.890972222222192,20.0,40.0
2018-06-18,100157.03071672354,2.8589199726962478,74.11262798634812,24.332081911262808,29.58395904436859,22.0,46.0
2018-06-19,100333.18021201414,2.1382096961130768,73.4452296819788,24.87915194346288,30.282685512367454,24.0,32.0
2018-06-20,100440.0946783798,2.1036390196309407,72.61742163983772,24.84779111045674,30.445517193430163,15.0,35.0
2018-06-21,100547.00914474545,2.069068343148805,71.78961359769664,24.816430277450596,30.608348874492872,15.0,48.0
2018-06-22,100653.92361111111,2.034497666666669,70.96180555555556,24.785069444444456,30.77118055555558,22.0,51.0
2018-06-23,100571.59722222222,2.4253472222222254,69.46875,24.409375,30.76666666666667,22.0,41.0
2018-06-24,100546.55052264809,2.2915862299651564,70.88153310104529,24.43379790940768,30.38222996515679,19.0,31.0
2018-06-25,100531.59722222222,2.498456888888892,70.27777777777777,23.651388888888896,29.71076388888891,15.0,34.0
2018-06-26,100593.56115107914,1.3895225323741005,78.2158273381295,24.64064748201441,28.91654676258992,18.0,39.0
2018-06-27,100686.94444444444,0.825471777777777,87.18402777777777,25.24930555555555,27.59791666666668,19.0,37.0
2018-06-28,100706.28472222222,0.499349888888889,79.60069444444444,24.47326388888892,28.55555555555556,19.0,39.0
2018-06-29,100561.77083333333,0.8234538888888887,74.52777777777777,24.295486111111114,29.406597222222175,21.0,29.0
2018-06-30,100502.84722222222,2.18257966666667,76.90972222222223,24.932638888888903,29.628472222222214,14.0,36.0
2018-07-01,100552.8125,2.0057815555555574,77.88888888888889,24.985763888888883,29.50381944444443,16.0,34.0
2018-07-02,100566.90972222222,2.750382555555557,79.55902777777777,24.823611111111134,28.875694444444473,14.0,36.0
2018-07-03,100518.92361111111,2.8168176666666698,73.94097222222223,24.140277777777804,29.32777777777777,15.0,34.0
2018-07-04,100498.71527777778,3.035215333333337,72.71180555555556,23.95659722222222,29.424305555555538,14.0,47.0
2018-07-05,100364.93055555556,3.437551333333331,71.08333333333333,23.940277777777762,29.796180555555534,16.0,42.0
2018-07-06,100321.90972222222,3.615125555555555,74.71875,23.934374999999978,29.000694444444434,16.0,46.0
2018-07-07,100365.69444444444,3.8273143333333244,70.86111111111111,23.5982638888889,29.56250000000004,20.0,49.0
2018-07-08,100305.24305555556,3.434757333333336,69.75,23.955902777777784,30.163888888888923,23.0,47.0
2018-07-09,100376.28472222222,2.5060627777777817,75.84375,24.15902777777775,28.999652777777783,20.0,54.0
2018-07-10,100429.79166666667,3.3853966666666637,77.21875,24.428472222222226,28.99826388888889,24.0,39.0
2018-07-11,100388.61111111111,4.2184743333333214,73.25,23.522569444444443,28.82222222222222,16.0,45.0
2018-07-12,100296.77083333333,3.6606056666666635,72.69791666666667,23.63125,29.089583333333323,17.0,42.0
2018-07-13,100247.83972125435,4.0761636794425025,72.22648083623693,23.89198606271778,29.475609756097555,16.0,60.0
2018-07-14,100290.90277777778,2.845999444444449,74.45138888888889,24.177430555555535,29.26006944444445,24.0,40.0
2018-07-15,100403.26388888889,3.563281333333333,74.40972222222223,24.19722222222223,29.330208333333328,19.0,49.0
2018-07-16,100384.34027777778,3.546051666666663,76.63541666666667,24.27708333333334,28.828819444444417,21.0,47.0
2018-07-17,100150.3125,2.730514111111112,86.08333333333333,24.92152777777776,27.48125,23.0,37.0
2018-07-18,100024.23611111111,4.508429444444433,76.67361111111111,24.102777777777764,28.662847222222233,16.0,31.0
2018-07-19,100237.11805555556,1.7541663333333335,78.35069444444444,24.601736111111123,28.789930555555557,15.0,39.0
2018-07-20,100401.77083333333,1.6245557777777773,79.23611111111111,25.779166666666647,29.81423611111107,17.0,44.0
2018-07-21,100486.79442508711,3.0020215749128916,74.29616724738676,25.283972125435554,30.42578397212545,20.0,39.0
2018-07-22,100490.69444444444,2.8973780000000016,77.10416666666667,24.961458333333326,29.471527777777787,19.0,47.0
2018-07-23,100428.88888888889,2.8019163333333363,76.54861111111111,25.02083333333335,29.65763888888892,23.0,56.0
2018-07-24,100492.25694444444,3.282949999999999,71.78819444444444,24.05416666666669,29.759027777777778,28.0,49.0
2018-07-25,100516.11111111111,2.7696301111111126,75.77430555555556,25.03923611111112,29.814930555555552,22.0,47.0
2018-07-26,100527.56944444444,2.4352814444444486,75.77430555555556,24.905902777777758,29.678472222222247,21.0,46.0
2018-07-27,100461.42857142857,3.146258174216026,74.32404181184668,24.99407665505228,30.15226480836238,22.0,36.0
2018-07-28,100456.11111111111,2.705212888888891,75.21180555555556,25.061458333333306,29.979166666666647,18.0,38.0
2018-07-29,100425.41666666667,2.126699666666676,78.60763888888889,24.932291666666636,29.12777777777777,20.0,44.0
2018-07-30,100509.375,1.834571444444445,82.30555555555556,24.521875,27.881597222222233,20.0,45.0
2018-07-31,100630.17361111111,2.173887222222225,72.68402777777777,23.567361111111097,29.0861111111111,21.0,42.0
2018-08-01,100607.43055555556,3.2056493333333345,71.36805555555556,23.596180555555556,29.392013888888876,21.0,46.0
2018-08-02,100651.45833333333,3.95040555555555,68.26041666666667,23.00381944444444,29.531249999999993,23.0,43.0
2018-08-03,100534.34027777778,3.646325222222219,69.58680555555556,23.254513888888898,29.44965277777777,21.0,37.0
2018-08-04,100444.86111111111,2.8337368888888914,72.44444444444444,24.184027777777768,29.698958333333362,18.0,44.0
2018-08-05,100472.53472222222,2.7710271111111133,76.96180555555556,24.583333333333357,29.06562500000005,17.0,32.0
2018-08-06,100460.27777777778,1.5160554444444443,82.15277777777777,24.67638888888886,28.06493055555554,18.0,41.0
2018-08-07,100349.75694444444,0.7484815555555553,84.17361111111111,25.447222222222216,28.46215277777781,22.0,53.0
2018-08-08,100373.99305555556,3.201147888888887,75.94444444444444,24.05034722222222,28.89548611111111,30.0,42.0
2018-08-09,100414.6875,4.539629111111106,69.04861111111111,22.81041666666668,29.145138888888887,20.0,34.0
2018-08-10,100452.88194444444,2.76947488888889,71.35069444444444,23.326736111111092,29.069444444444464,19.0,34.0
2018-08-11,100422.22222222222,2.6876727777777827,77.06944444444444,24.09097222222221,28.54270833333335,15.0,32.0
2018-08-12,100352.46527777778,3.3677013333333377,73.42013888888889,23.68506944444445,28.99895833333334,14.0,33.0
2018-08-13,100398.4668989547,2.230838634146347,78.74564459930313,25.238327526132398,29.359233449477365,15.0,34.0
2018-08-14,100423.125,3.200371777777777,77.37847222222223,24.95381944444445,29.39409722222223,16.0,36.0
2018-08-15,100573.05555555556,2.818680333333336,81.56944444444444,24.971874999999983,28.531597222222217,16.0,49.0
2018-08-16,100401.74216027875,2.7786573379790966,76.2787456445993,24.303484320557487,29.00487804878048,18.0,38.0
2018-08-17,100054.25087108013,2.9579406271777002,76.44947735191637,24.44634146341461,29.04878048780486,17.0,23.0
2018-08-18,100113.02083333333,1.2035931111111098,80.57291666666667,24.901041666666643,28.660069444444446,11.0,30.0
2018-08-19,100363.75,1.9779967777777823,81.63194444444444,25.151041666666615,28.63958333333339,11.0,32.0
2018-08-20,100562.25694444444,1.9075258888888962,81.61111111111111,25.832986111111133,29.361111111111086,15.0,52.0
2018-08-21,100442.61324041811,2.00171116376307,80.38675958188153,25.693379790940792,29.518815331010472,26.0,46.0
2018-08-22,100352.04861111111,2.7371886666666745,77.11805555555556,24.786458333333353,29.313541666666683,23.0,48.0
2018-08-23,100430.27777777778,2.109470000000006,78.36111111111111,24.943749999999994,29.23993055555557,25.0,36.0
2018-08-24,100540.3125,1.7965420000000007,81.16666666666667,24.709374999999984,28.386805555555583,21.0,28.0
2018-08-25,100567.43055555556,1.3873762222222228,87.45138888888889,24.844791666666673,27.18576388888893,16.0,30.0
2018-08-26,100475.17361111111,1.450706888888889,86.82638888888889,24.633680555555554,27.07465277777776,15.0,29.0
2018-08-27,100576.04166666667,1.7696885555555575,88.26041666666667,24.277083333333348,26.47743055555555,16.0,43.0
2018-08-28,100713.71527777778,2.1940661111111113,81.93055555555556,23.880208333333318,27.40416666666666,20.0,52.0
2018-08-29,100628.29861111111,2.240943222222226,75.97916666666667,23.928124999999998,28.66701388888892,25.0,33.0
2018-08-30,100486.21527777778,2.4123085555555597,75.60069444444444,23.86215277777778,28.65138888888887,14.0,33.0
2018-08-31,100650.10416666667,1.550670000000002,81.48263888888889,24.16631944444445,27.764236111111106,16.0,43.0
2018-09-01,100829.0625,1.4864080000000008,81.10763888888889,24.7902777777778,28.566666666666677,20.0,40.0
2018-09-02,100634.79166666667,3.190903222222223,73.07986111111111,24.43368055555556,29.94444444444445,19.0,31.0
2018-09-03,100569.375,2.637070333333338,78.93402777777777,24.436458333333366,28.651736111111095,16.0,26.0
2018-09-04,100701.11111111111,1.619433444444445,82.21180555555556,24.04409722222222,27.531944444444438,15.0,38.0
2018-09-05,100736.84027777778,2.4529767777777836,81.43055555555556,23.63993055555558,27.274305555555546,18.0,43.0
2018-09-06,100580.65972222222,3.172897444444443,75.16666666666667,23.554513888888867,28.71527777777779,23.0,49.0
2018-09-07,100460.72916666667,3.4467094444444433,72.53472222222223,24.520833333333357,30.265277777777783,23.0,49.0
2018-09-08,100484.47916666667,1.3482602222222222,76.04861111111111,24.257291666666664,28.94305555555554,28.0,53.0
2018-09-09,100711.07638888889,0.347853,83.69097222222223,24.824305555555554,27.88506944444445,34.0,56.0
2018-09-10,100921.28472222222,0.29150733333333334,84.35763888888889,25.23784722222221,28.190277777777798,39.0,41.0
2018-09-11,100810.90277777778,2.038223000000007,76.73958333333333,24.801736111111115,29.548611111111118,21.0,41.0
2018-09-12,100629.93006993007,1.256870153846153,80.65034965034965,24.918181818181786,28.666783216783234,21.0,42.0
2018-09-13,100524.34027777778,1.8351923333333364,80.04513888888889,24.141319444444456,28.165277777777774,22.0,34.0
2018-09-14,100521.94444444444,2.941771555555556,86.60763888888889,24.231944444444437,26.740972222222197,18.0,36.0
2018-09-15,100419.23344947735,1.9160414773519192,86.58536585365853,24.96062717770034,27.54216027874564,21.0,37.0
2018-09-16,100235.83333333333,1.128310333333332,87.31944444444444,25.136111111111163,27.52604166666666,20.0,37.0
2018-09-17,100266.59722222222,2.476415333333337,74.40625,24.136805555555537,29.261111111111102,16.0,26.0
2018-09-18,100552.32638888889,2.416033888888892,74.17708333333333,24.065277777777766,29.260069444444444,13.0,33.0
2018-09-19,100791.38888888889,1.652651,82.01388888888889,24.391666666666694,27.804861111111098,16.0,48.0
2018-09-20,100794.20138888889,1.6728298888888915,80.89236111111111,24.75833333333333,28.517708333333328,25.0,56.0
2018-09-21,100789.82638888889,1.7060474444444451,75.04166666666667,25.13368055555553,30.20937500000001,31.0,43.0
2018-09-22,100908.99305555556,2.287354666666669,76.39583333333333,24.869791666666675,29.69791666666663,24.0,35.0
2018-09-23,100973.40277777778,1.7273128888888891,82.13888888888889,24.72291666666666,28.282986111111093,20.0,46.0
2018-09-24,100936.25,1.1210148888888876,88.42708333333333,25.148611111111048,27.25972222222225,25.0,48.0
2018-09-25,100778.64583333333,1.7684467777777784,80.84027777777777,25.335069444444443,29.16562499999999,26.0,38.0
2018-09-26,100672.32638888889,2.330196000000005,73.92013888888889,24.667708333333312,29.948958333333312,16.0,38.0
2018-09-27,100623.33333333333,2.425968111111118,75.72569444444444,25.49548611111111,30.406250000000025,16.0,44.0
2018-09-28,100609.40972222222,1.6911461111111106,76.3125,25.620138888888896,30.397569444444443,22.0,49.0
2018-09-29,100609.58333333333,2.1274757777777804,79.58680555555556,25.94236111111112,29.977083333333333,30.0,32.0
2018-09-30,100670.72916666667,1.6698806666666672,77.42013888888889,24.48472222222224,29.13125000000001,18.0,33.0
2018-10-01,100786.28472222222,1.8431086666666685,83.08333333333333,24.953819444444456,28.223958333333318,19.0,42.0
2018-10-02,100879.20138888889,1.6321616666666665,87.26736111111111,24.730902777777757,27.0579861111111,24.0,70.0
2018-10-03,100858.95833333333,1.5724011111111118,77.38194444444444,24.61215277777774,29.250347222222203,38.0,58.0
2018-10-04,100845.0,2.338888444444448,70.98958333333333,23.60104166666667,29.830555555555534,38.0,27.0
2018-10-05,100915.3125,2.369777666666672,84.20486111111111,24.283333333333317,27.37083333333334,17.0,38.0
2018-10-06,100911.66666666667,1.414695333333332,84.51736111111111,24.826041666666665,27.838194444444433,22.0,42.0
2018-10-07,100897.84722222222,1.336773777777778,82.95138888888889,25.185069444444448,28.54965277777778,26.0,49.0
2018-10-08,100860.0,1.1500414444444447,81.28819444444444,25.04305555555554,28.67847222222224,30.0,49.0
2018-10-09,100824.96527777778,1.2319987777777763,80.46527777777777,24.299305555555563,28.089583333333323,30.0,51.0
2018-10-10,100846.5625,1.2021961111111106,71.96527777777777,24.39756944444447,30.132638888888874,33.0,50.0
2018-10-11,100961.59722222222,1.579075666666668,70.63194444444444,24.315277777777776,30.472916666666663,30.0,35.0
2018-10-12,101061.80555555556,1.8612696666666675,67.20138888888889,23.679513888888874,30.566319444444446,19.0,51.0
2018-10-13,101079.82638888889,1.105027,83.72916666666667,24.724652777777784,27.812847222222203,33.0,51.0
2018-10-14,100959.23611111111,0.9176737777777775,76.37152777777777,25.31006944444444,30.117708333333358,33.0,43.0
2018-10-15,100972.76223776223,0.825773538461538,77.5944055944056,25.36503496503496,29.91118881118878,23.0,33.0
2018-10-16,100934.09090909091,1.2431150769230743,76.2937062937063,25.737412587412585,30.48706293706299,17.0,40.0
2018-10-17,100824.51388888889,0.9370765555555545,75.65625,25.333333333333318,30.201736111111092,22.0,48.0
2018-10-18,100758.6170212766,1.2112881702127662,74.64539007092199,25.163475177304957,30.347163120567373,27.0,60.0
2018-10-19,100820.83333333333,0.6792524444444444,75.41319444444444,24.99583333333334,29.896527777777735,39.0,44.0
2018-10-20,100895.13888888889,1.3242007777777791,85.79861111111111,24.654861111111096,27.31041666666669,29.0,24.0
2018-10-21,100976.97916666667,2.4906957777777787,89.13888888888889,24.9322916666667,26.90173611111111,14.0,35.0
2018-10-22,100983.61111111111,1.4258713333333333,81.84722222222223,25.290972222222216,28.845833333333335,18.0,39.0
2018-10-23,100979.30555555556,0.9187603333333326,85.56597222222223,25.331250000000004,28.02986111111111,21.0,44.0
2018-10-24,101025.06944444444,1.4673156666666642,82.43402777777777,24.798958333333303,28.226388888888863,27.0,55.0
2018-10-25,101049.75694444444,1.3923433333333313,82.16666666666667,25.334375000000016,28.77708333333333,33.0,46.0
2018-10-26,101095.38194444444,2.1645738888888926,77.73611111111111,25.072222222222237,29.634374999999984,26.0,53.0
2018-10-27,101068.50694444444,1.7094623333333352,72.28819444444444,24.28229166666667,30.12118055555556,29.0,36.0
2018-10-28,101032.22222222222,1.0421619999999985,67.47569444444444,23.739236111111083,30.59687500000003,19.0,46.0
2018-10-29,100931.25,0.5764953333333335,66.79166666666667,24.033680555555566,31.10833333333334,26.0,42.0
2018-10-30,100911.43968871595,2.0732567159533075,60.42023346303502,21.843579766536966,30.507392996108948,25.0,52.0
2018-10-31,101028.57894736843,1.6629887999999982,49.54736842105263,17.32263157894737,29.196842105263137,29.0,55.0
2018-11-01,101013.40425531915,2.7540517446808543,50.159574468085104,16.8531914893617,28.577127659574472,35.0,65.0
2018-11-02,101050.37037037036,1.561328592592592,50.2962962962963,17.29523809523809,28.90370370370369,40.0,73.0
2018-11-03,101113.57512953368,0.8970911502590676,54.067357512953365,18.63886010362695,29.107772020725385,47.0,73.0
2018-11-04,101003.14720812182,0.6680638375634519,59.03045685279188,20.8502538071066,29.978172588832482,46.0,67.0
2018-11-05,100874.05555555556,0.961881066666667,60.1,22.034444444444453,30.858333333333317,44.0,63.0
2018-11-06,100886.33507853403,0.6815604607329844,61.089005235602095,22.08429319371728,30.63560209424083,39.0,55.0
2018-11-07,100915.14285714286,2.30523626666667,65.68571428571428,23.05285714285715,30.278095238095254,29.0,40.0
2018-11-08,100815.18292682926,2.9433767804878097,68.79878048780488,23.584756097560977,29.968902439024394,20.0,37.0
2018-11-09,100832.74390243902,2.0127703414634124,81.64634146341463,24.14512195121952,27.63719512195122,21.0,45.0
2018-11-10,100947.83439490446,1.5449930191082801,82.828025477707,24.63375796178342,27.93439490445863,24.0,46.0
2018-11-11,100938.5142857143,0.891014582857143,75.21714285714286,24.350857142857144,29.472571428571438,27.0,59.0
2018-11-12,100825.15151515152,0.3630506666666667,70.88636363636364,23.987121212121213,30.16893939393938,38.0,67.0
2018-11-13,100774.34880722115,1.0378764255319155,72.87048678272083,24.58575918762088,30.22702288845905,44.0,64.0
2018-11-14,100723.54609929078,1.7127021843971644,74.85460992907801,25.184397163120547,30.28510638297872,40.0,68.0
2018-11-15,100838.26241134752,1.474122326241135,76.65602836879432,25.756737588652488,30.392907801418442,51.0,46.0
2018-11-16,100902.24561403508,2.059364266666671,78.50526315789473,26.08315789473686,30.296140350877128,28.0,45.0
2018-11-17,100915.91549295775,1.1470353802816895,79.49647887323944,25.563732394366216,29.56478873239436,25.0,77.0
2018-11-18,100996.49305555556,1.0392127777777773,77.88194444444444,24.81562500000002,29.138888888888914,37.0,67.0
2018-11-19,101019.34027777778,1.322881388888888,76.68576388888889,24.735937499999995,29.367187500000025,40.0,58.0
2018-11-20,101042.1875,1.6065499999999986,75.48958333333333,24.65624999999997,29.595486111111136,35.0,56.0
2018-11-21,100971.14583333333,1.6060843333333343,69.9375,24.388194444444473,30.89618055555554,37.0,52.0
2018-11-22,100993.19444444444,1.537786555555557,70.5,24.75868055555553,30.98541666666667,36.0,50.0
2018-11-23,101126.42361111111,1.3488811111111105,67.09027777777777,23.300694444444463,30.217708333333324,30.0,61.0
2018-11-24,101084.58333333333,0.8967187777777779,62.5625,21.964583333333305,30.01493055555555,30.0,58.0
2018-11-25,101007.32638888889,0.9487182222222208,59.25347222222222,21.08576388888888,30.165277777777778,35.0,58.0
2018-11-26,101007.08333333333,1.2978129999999992,56.55902777777778,19.84652777777778,29.518750000000004,35.0,51.0
2018-11-27,101176.04166666667,2.228991111111112,63.8125,20.120833333333326,27.73020833333335,31.0,41.0
2018-11-28,101250.79861111111,2.4438186666666706,71.27777777777777,20.887847222222224,26.550347222222197,25.0,54.0
2018-11-29,101261.52777777778,1.7089966666666652,68.51041666666667,22.095138888888894,28.648263888888906,33.0,63.0
2018-11-30,101167.6306620209,1.258721337979092,68.66550522648083,22.960278745644587,29.44320557491288,41.0,68.0
2018-12-01,100981.07638888889,0.5612835555555551,68.41319444444444,23.67465277777778,30.313888888888876,40.0,61.0
2018-12-02,100861.63194444444,0.5192183333333334,66.30902777777777,23.795138888888875,31.03055555555555,37.0,54.0
2018-12-03,100880.38194444444,0.8245404444444442,64.90625,23.784722222222218,31.40173611111107,32.0,70.0
2018-12-04,100895.86805555556,1.1478683333333317,62.638888888888886,23.6423611111111,31.835416666666656,48.0,50.0
2018-12-05,100780.10416666667,1.3361528888888863,64.07638888888889,23.90034722222222,31.65590277777777,31.0,51.0
2018-12-06,100751.80555555556,0.7675738888888882,64.98263888888889,23.57777777777775,31.21840277777777,31.0,58.0
2018-12-07,100800.69444444444,1.1598204444444464,64.23958333333333,23.6670138888889,31.311805555555548,35.0,41.0
2018-12-08,101032.11805555556,2.7024188888888894,86.91666666666667,23.626041666666673,26.0690972222222,23.0,46.0
2018-12-09,101008.15972222222,1.818273111111111,82.03819444444444,23.980902777777786,27.43715277777779,28.0,57.0
2018-12-10,100975.27777777778,1.6316960000000003,73.77083333333333,22.714930555555583,27.903125000000003,30.0,61.0
2018-12-11,100973.05555555556,1.7162921111111114,70.15972222222223,23.22152777777778,29.293055555555547,33.0,45.0
2018-12-12,101107.70034843206,2.4942339790940813,74.59581881533101,23.18675958188153,28.160278745644614,25.0,44.0
2018-12-13,101263.125,2.0858762222222254,66.24652777777777,20.625000000000014,27.55034722222221,24.0,54.0
2018-12-14,101288.99305555556,1.2914488888888878,65.52083333333333,20.139236111111124,27.240624999999998,28.0,62.0
2018-12-15,101287.11805555556,1.8629771111111166,63.954861111111114,20.030902777777776,27.51006944444445,32.0,53.0
2018-12-16,101277.5,1.7248293333333349,61.513888888888886,20.844791666666683,29.033333333333346,27.0,44.0
2018-12-17,101271.11111111111,1.8213775555555587,63.145833333333336,20.657638888888915,28.38576388888889,23.0,61.0
2018-12-18,101215.13888888889,2.7893433333333344,62.986111111111114,20.596874999999986,28.42048611111111,25.0,62.0
2018-12-19,101210.9375,1.9238242222222235,61.40625,20.978125,29.35104166666666,38.0,90.0
2018-12-20,101088.68055555556,1.2591626666666653,66.33333333333333,22.953819444444434,30.073611111111102,59.0,79.0
2018-12-21,100925.06944444444,1.2889653333333337,68.25347222222223,23.63402777777779,30.33993055555556,50.0,70.0
2018-12-22,100891.04166666667,1.5796965555555564,67.73263888888889,24.176041666666645,31.040277777777767,39.0,63.0
2018-12-23,100879.6875,2.6831713333333362,63.388888888888886,22.921874999999986,30.769791666666663,37.0,61.0
2018-12-24,100902.56944444444,2.3207274444444477,61.78819444444444,21.788194444444475,30.10208333333335,33.0,71.0
2018-12-25,100852.56944444444,1.9463314444444508,60.39930555555556,20.74930555555555,29.617708333333326,40.0,77.0
2018-12-26,100788.68055555556,2.180251333333339,57.864583333333336,19.671180555555566,29.107986111111117,47.0,77.0
2018-12-27,100721.875,2.030927555555561,56.552083333333336,19.24340277777779,29.061805555555534,44.0,74.0
2018-12-28,100755.90277777778,2.056073555555558,61.11805555555556,21.08437500000001,29.468402777777733,46.0,39.0
2018-12-29,101066.00694444444,2.631482333333337,79.77777777777777,23.30902777777777,27.25798611111112,25.0,43.0
2018-12-30,101280.17361111111,2.506994111111113,78.66319444444444,22.104861111111106,26.215972222222216,24.0,41.5
2018-12-31,101417.98611111111,1.241622555555556,68.75,19.968402777777754,26.339930555555544,22.0,40.0
2019-01-01,101466.94444444444,0.9952848888888884,61.63194444444444,18.01319444444444,26.040277777777785,22.0,49.0
2019-01-02,101403.19444444444,0.8229882222222225,59.87152777777778,17.735416666666666,26.255555555555574,25.0,53.0
2019-01-03,101414.75694444444,1.226566,63.197916666666664,17.838888888888885,25.36319444444444,28.0,59.0
2019-01-04,101284.09722222222,0.873280222222222,64.88194444444444,19.130902777777788,26.281597222222207,31.0,60.0
2019-01-05,101204.61805555556,0.4470400000000002,70.32638888888889,20.566666666666663,26.43194444444447,34.0,77.0
2019-01-06,101201.59722222222,0.3203786666666668,76.37152777777777,22.799305555555563,27.541666666666682,51.0,74.0
2019-01-07,101085.3125,0.6461901111111107,73.86111111111111,23.37777777777778,28.609374999999993,58.0,46.0
2019-01-08,101112.72569444444,0.5081199444444443,77.86458333333334,23.93732638888889,28.280555555555548,54.333333333333336,51.0
2019-01-09,101140.13888888889,0.3700497777777779,81.86805555555556,24.496875000000006,27.951736111111103,50.666666666666664,60.0
2019-01-10,101086.97916666667,0.5642327777777774,76.57638888888889,24.067708333333325,28.827777777777783,47.0,83.0
2019-01-11,101070.625,0.2682240000000002,71.36805555555556,23.45972222222222,29.379861111111104,83.0,69.0
2019-01-12,101034.61805555556,0.5490209999999998,67.37847222222223,23.259374999999988,30.399652777777785,62.0,78.0
2019-01-13,100954.375,0.5713729999999999,69.17534722222223,23.63350694444445,30.261805555555547,70.0,78.0
2019-01-14,100874.13194444444,0.593725,70.97222222222223,24.007638888888906,30.123958333333306,64.0,66.0
2019-01-15,100913.4375,0.3205338888888891,77.47569444444444,24.262499999999992,28.695138888888884,48.0,59.0
